2026-03-04 10:42:21 [ERROR] Thread 'Thread-13 (_grab_loop)' exception:
Traceback (most recent call last):
  File "C:\Users\User\AppData\Local\Programs\Python\Python310\lib\threading.py", line 1016, in _bootstrap_inner
    self.run()
  File "C:\Users\User\AppData\Local\Programs\Python\Python310\lib\threading.py", line 953, in run
    self._target(*self._args, **self._kwargs)
  File "C:\Users\User\Desktop\RailSafeGUI\gui\widgets\crossing_card.py", line 185, in _grab_loop
    ret = cap.grab()
cv2.error: Unknown C++ exception from OpenCV code

2026-03-04 11:02:28 [ERROR] Thread 'Thread-19 (_grab_loop)' exception:
Traceback (most recent call last):
  File "C:\Users\User\AppData\Local\Programs\Python\Python310\lib\threading.py", line 1016, in _bootstrap_inner
    self.run()
  File "C:\Users\User\AppData\Local\Programs\Python\Python310\lib\threading.py", line 953, in run
    self._target(*self._args, **self._kwargs)
  File "C:\Users\User\Desktop\RailSafeGUI\gui\widgets\crossing_card.py", line 185, in _grab_loop
    ret = cap.grab()
cv2.error: Unknown C++ exception from OpenCV code

2026-03-04 11:54:57 [ERROR] Thread 'Thread-42 (_grab_loop)' exception:
Traceback (most recent call last):
  File "C:\Users\User\AppData\Local\Programs\Python\Python310\lib\threading.py", line 1016, in _bootstrap_inner
    self.run()
  File "C:\Users\User\AppData\Local\Programs\Python\Python310\lib\threading.py", line 953, in run
    self._target(*self._args, **self._kwargs)
  File "C:\Users\User\Desktop\RailSafeGUI\gui\widgets\crossing_card.py", line 185, in _grab_loop
    ret = cap.grab()
cv2.error: Unknown C++ exception from OpenCV code

2026-03-06 12:56:46 [ERROR] Unhandled exception:
TypeError: CrossingDetail._start_all_cameras.<locals>.<lambda>() missing 1 required positional argument: 'fps'

2026-03-06 13:00:24 [ERROR] Unhandled exception:
TypeError: CrossingDetail._start_all_cameras.<locals>.<lambda>() missing 1 required positional argument: 'fps'

2026-03-06 13:00:25 [ERROR] Unhandled exception:
TypeError: CrossingDetail._start_all_cameras.<locals>.<lambda>() missing 1 required positional argument: 'fps'

2026-03-06 13:00:37 [ERROR] Unhandled exception:
TypeError: CrossingDetail._start_all_cameras.<locals>.<lambda>() missing 1 required positional argument: 'fps'

2026-03-06 13:00:37 [ERROR] Unhandled exception:
TypeError: CrossingDetail._start_all_cameras.<locals>.<lambda>() missing 1 required positional argument: 'fps'

2026-03-06 13:00:39 [ERROR] Unhandled exception:
TypeError: CrossingDetail._start_all_cameras.<locals>.<lambda>() missing 1 required positional argument: 'fps'

2026-03-06 13:00:39 [ERROR] Unhandled exception:
TypeError: CrossingDetail._start_all_cameras.<locals>.<lambda>() missing 1 required positional argument: 'fps'

2026-03-06 13:00:39 [ERROR] Unhandled exception:
TypeError: CrossingDetail._start_all_cameras.<locals>.<lambda>() missing 1 required positional argument: 'fps'

2026-03-06 13:00:40 [ERROR] Unhandled exception:
TypeError: CrossingDetail._start_all_cameras.<locals>.<lambda>() missing 1 required positional argument: 'fps'

2026-03-06 13:00:40 [ERROR] Unhandled exception:
TypeError: CrossingDetail._start_all_cameras.<locals>.<lambda>() missing 1 required positional argument: 'fps'

2026-03-06 13:00:40 [ERROR] Unhandled exception:
TypeError: CrossingDetail._start_all_cameras.<locals>.<lambda>() missing 1 required positional argument: 'fps'

2026-03-06 13:00:40 [ERROR] Unhandled exception:
TypeError: CrossingDetail._start_all_cameras.<locals>.<lambda>() missing 1 required positional argument: 'fps'

2026-03-06 13:00:41 [ERROR] Unhandled exception:
TypeError: CrossingDetail._start_all_cameras.<locals>.<lambda>() missing 1 required positional argument: 'fps'

2026-03-06 13:00:41 [ERROR] Unhandled exception:
TypeError: CrossingDetail._start_all_cameras.<locals>.<lambda>() missing 1 required positional argument: 'fps'

2026-03-06 13:00:41 [ERROR] Unhandled exception:
TypeError: CrossingDetail._start_all_cameras.<locals>.<lambda>() missing 1 required positional argument: 'fps'

2026-03-06 13:00:41 [ERROR] Unhandled exception:
TypeError: CrossingDetail._start_all_cameras.<locals>.<lambda>() missing 1 required positional argument: 'fps'

2026-03-06 13:00:41 [ERROR] Unhandled exception:
TypeError: CrossingDetail._start_all_cameras.<locals>.<lambda>() missing 1 required positional argument: 'fps'

2026-03-06 13:00:42 [ERROR] Unhandled exception:
TypeError: CrossingDetail._start_all_cameras.<locals>.<lambda>() missing 1 required positional argument: 'fps'

2026-03-06 13:00:42 [ERROR] Unhandled exception:
TypeError: CrossingDetail._start_all_cameras.<locals>.<lambda>() missing 1 required positional argument: 'fps'

2026-03-06 13:00:42 [ERROR] Unhandled exception:
TypeError: CrossingDetail._start_all_cameras.<locals>.<lambda>() missing 1 required positional argument: 'fps'

2026-03-06 13:00:42 [ERROR] Unhandled exception:
TypeError: CrossingDetail._start_all_cameras.<locals>.<lambda>() missing 1 required positional argument: 'fps'

2026-03-06 13:00:43 [ERROR] Unhandled exception:
TypeError: CrossingDetail._start_all_cameras.<locals>.<lambda>() missing 1 required positional argument: 'fps'

2026-03-06 13:00:43 [ERROR] Unhandled exception:
TypeError: CrossingDetail._start_all_cameras.<locals>.<lambda>() missing 1 required positional argument: 'fps'

2026-03-06 13:00:43 [ERROR] Unhandled exception:
TypeError: CrossingDetail._start_all_cameras.<locals>.<lambda>() missing 1 required positional argument: 'fps'

2026-03-06 13:00:43 [ERROR] Unhandled exception:
TypeError: CrossingDetail._start_all_cameras.<locals>.<lambda>() missing 1 required positional argument: 'fps'

2026-03-06 13:00:43 [ERROR] Unhandled exception:
TypeError: CrossingDetail._start_all_cameras.<locals>.<lambda>() missing 1 required positional argument: 'fps'

2026-03-06 13:00:48 [ERROR] Unhandled exception:
TypeError: CrossingDetail._start_all_cameras.<locals>.<lambda>() missing 1 required positional argument: 'fps'

2026-03-11 13:30:26 [ERROR] b' TCP : Unreachable peer'
2026-03-11 13:32:18 [ERROR] b' ISO : An error occurred during recv TCP : Connection timed out'
2026-03-11 13:33:47 [ERROR] b' TCP : Unreachable peer'
2026-03-11 13:36:02 [ERROR] b' TCP : Unreachable peer'
2026-03-11 13:43:00 [ERROR] b' ISO : An error occurred during recv TCP : Connection timed out'
2026-03-11 13:43:17 [ERROR] b' TCP : Unreachable peer'
2026-03-11 13:43:42 [ERROR] b' TCP : Unreachable peer'
2026-03-11 13:44:52 [ERROR] b' ISO : An error occurred during recv TCP : Connection timed out'
2026-03-11 13:45:11 [ERROR] b' TCP : Unreachable peer'
2026-03-11 13:45:35 [ERROR] b' TCP : Unreachable peer'
2026-03-11 13:47:35 [ERROR] b' TCP : Unreachable peer'
2026-03-11 13:49:00 [ERROR] b' TCP : Unreachable peer'
2026-03-11 13:49:40 [ERROR] b' TCP : Unreachable peer'
2026-03-11 13:50:28 [ERROR] b' TCP : Unreachable peer'
2026-03-11 13:50:52 [ERROR] b' TCP : Unreachable peer'
2026-03-11 13:51:23 [ERROR] b' TCP : Unreachable peer'
2026-03-11 13:52:06 [ERROR] b' TCP : Unreachable peer'
2026-03-11 13:52:13 [ERROR] b' TCP : Unreachable peer'
2026-03-11 13:52:26 [ERROR] b' TCP : Unreachable peer'
2026-03-11 13:52:54 [ERROR] b' TCP : Unreachable peer'
2026-03-11 13:53:04 [ERROR] b' TCP : Unreachable peer'
2026-03-11 13:53:16 [ERROR] b' TCP : Unreachable peer'
2026-03-11 13:53:27 [ERROR] b' TCP : Unreachable peer'
2026-03-11 13:53:44 [ERROR] b' TCP : Unreachable peer'
2026-03-11 13:54:12 [ERROR] b' TCP : Unreachable peer'
2026-03-11 13:54:57 [ERROR] b' TCP : Unreachable peer'
2026-03-11 13:55:09 [ERROR] b' TCP : Unreachable peer'
2026-03-11 13:55:19 [ERROR] b' TCP : Unreachable peer'
2026-03-11 13:58:06 [ERROR] b' TCP : Unreachable peer'
2026-03-11 13:58:25 [ERROR] b' TCP : Unreachable peer'
2026-03-11 13:58:34 [ERROR] b' ISO : An error occurred during recv TCP : Connection timed out'
2026-03-11 13:59:21 [ERROR] b' TCP : Unreachable peer'
2026-03-11 13:59:30 [ERROR] b' TCP : Unreachable peer'
2026-03-11 14:05:01 [ERROR] b' TCP : Unreachable peer'
2026-03-11 14:05:13 [ERROR] b' TCP : Unreachable peer'
2026-03-11 14:05:42 [ERROR] b' TCP : Unreachable peer'
2026-03-11 14:09:17 [ERROR] b' TCP : Unreachable peer'
2026-03-11 14:09:22 [ERROR] b' TCP : Unreachable peer'
2026-03-11 14:09:34 [ERROR] b' TCP : Unreachable peer'
2026-03-11 14:10:01 [ERROR] b' ISO : An error occurred during recv TCP : Connection timed out'
2026-03-11 14:10:06 [ERROR] b' TCP : Unreachable peer'
2026-03-11 14:10:52 [ERROR] b' ISO : An error occurred during recv TCP : Connection timed out'
2026-03-11 14:10:52 [ERROR] b' TCP : Unreachable peer'
2026-03-11 14:11:08 [ERROR] b' TCP : Unreachable peer'
2026-03-11 14:11:21 [ERROR] b' TCP : Unreachable peer'
2026-03-11 14:11:54 [ERROR] b' TCP : Unreachable peer'
2026-03-11 14:12:48 [ERROR] b' TCP : Unreachable peer'
2026-03-11 14:14:06 [ERROR] b' TCP : Unreachable peer'
2026-03-11 14:14:46 [ERROR] b' TCP : Unreachable peer'
2026-03-11 14:15:21 [ERROR] b' TCP : Unreachable peer'
2026-03-11 14:15:36 [ERROR] b' TCP : Unreachable peer'
2026-03-11 14:17:47 [ERROR] b' TCP : Unreachable peer'
2026-03-11 14:21:55 [ERROR] b' TCP : Unreachable peer'
2026-03-11 14:23:17 [ERROR] b' TCP : Unreachable peer'
2026-03-11 14:23:17 [ERROR] b' TCP : Unreachable peer'
2026-03-11 14:23:48 [ERROR] b' TCP : Unreachable peer'
2026-03-11 14:23:54 [ERROR] b' ISO : An error occurred during recv TCP : Connection timed out'
2026-03-11 14:24:07 [ERROR] b' TCP : Unreachable peer'
2026-03-11 14:24:11 [ERROR] b' ISO : An error occurred during recv TCP : Connection timed out'
2026-03-11 14:24:28 [ERROR] b' TCP : Unreachable peer'
2026-03-11 14:24:39 [ERROR] b' TCP : Unreachable peer'
2026-03-11 14:25:03 [ERROR] b' TCP : Unreachable peer'
2026-03-11 14:25:51 [ERROR] b' TCP : Unreachable peer'
2026-03-11 14:25:52 [ERROR] b' TCP : Unreachable peer'
2026-03-11 14:26:20 [ERROR] b' TCP : Unreachable peer'
2026-03-11 14:26:22 [ERROR] b' TCP : Unreachable peer'
2026-03-11 14:27:10 [ERROR] b' TCP : Unreachable peer'
2026-03-11 14:28:45 [ERROR] b' TCP : Unreachable peer'
2026-03-11 14:30:58 [ERROR] b' TCP : Unreachable peer'
2026-03-11 14:31:03 [ERROR] b' TCP : Unreachable peer'
2026-03-11 14:31:20 [ERROR] b' TCP : Unreachable peer'
2026-03-11 14:31:46 [ERROR] b' TCP : Unreachable peer'
2026-03-11 14:34:27 [ERROR] b' TCP : Unreachable peer'
2026-03-11 14:35:14 [ERROR] b' TCP : Unreachable peer'
2026-03-11 14:35:39 [ERROR] b' TCP : Unreachable peer'
2026-03-11 14:36:04 [ERROR] b' ISO : An error occurred during recv TCP : Connection timed out'
2026-03-11 14:36:31 [ERROR] b' TCP : Unreachable peer'
2026-03-11 14:37:14 [ERROR] b' TCP : Unreachable peer'
2026-03-11 14:40:59 [ERROR] b' TCP : Unreachable peer'
2026-03-11 14:41:37 [ERROR] b' TCP : Unreachable peer'
2026-03-11 14:41:42 [ERROR] b' TCP : Unreachable peer'
2026-03-11 14:41:46 [ERROR] b' ISO : An error occurred during recv TCP : Connection timed out'
2026-03-11 14:43:15 [ERROR] b' TCP : Unreachable peer'
2026-03-11 14:43:29 [ERROR] b' TCP : Unreachable peer'
2026-03-11 14:45:14 [ERROR] b' TCP : Unreachable peer'
2026-03-11 14:45:38 [ERROR] b' TCP : Unreachable peer'
2026-03-11 14:46:04 [ERROR] b' TCP : Unreachable peer'
2026-03-11 14:47:22 [ERROR] b' TCP : Unreachable peer'
2026-03-11 14:47:41 [ERROR] b' TCP : Unreachable peer'
2026-03-11 14:52:10 [ERROR] b' TCP : Unreachable peer'
2026-03-11 14:55:19 [ERROR] b' TCP : Unreachable peer'
2026-03-11 14:56:31 [ERROR] b' TCP : Unreachable peer'
2026-03-11 14:57:26 [ERROR] b' TCP : Unreachable peer'
2026-03-11 14:58:34 [ERROR] b' TCP : Unreachable peer'
2026-03-11 14:59:19 [ERROR] b' TCP : Unreachable peer'
2026-03-11 15:28:04 [ERROR] b' TCP : Unreachable peer'
2026-03-11 15:31:14 [ERROR] b' TCP : Unreachable peer'
2026-03-11 15:31:16 [ERROR] b' TCP : Unreachable peer'
2026-03-11 15:31:43 [ERROR] b' TCP : Unreachable peer'
2026-03-11 15:31:47 [ERROR] b' TCP : Unreachable peer'
2026-03-11 15:31:56 [ERROR] b' TCP : Unreachable peer'
2026-03-11 15:32:39 [ERROR] b' ISO : An error occurred during recv TCP : Connection timed out'
2026-03-11 15:32:44 [ERROR] b' ISO : An error occurred during recv TCP : Connection timed out'
2026-03-11 15:35:08 [ERROR] b' TCP : Unreachable peer'
2026-03-11 15:36:03 [ERROR] b' TCP : Unreachable peer'
2026-03-11 15:36:26 [ERROR] b' TCP : Unreachable peer'
2026-03-11 15:37:25 [ERROR] b' TCP : Unreachable peer'
2026-03-11 15:41:19 [ERROR] b' TCP : Unreachable peer'
2026-03-11 15:42:26 [ERROR] b' TCP : Unreachable peer'
2026-03-11 15:42:39 [ERROR] b' TCP : Unreachable peer'
2026-03-11 15:48:01 [ERROR] b' TCP : Unreachable peer'
2026-03-11 15:48:35 [ERROR] b' TCP : Unreachable peer'
2026-03-11 15:50:41 [ERROR] b' TCP : Unreachable peer'
2026-03-11 15:51:50 [ERROR] b' TCP : Unreachable peer'
2026-03-11 15:52:25 [ERROR] b' TCP : Unreachable peer'
2026-03-11 15:53:01 [ERROR] b' TCP : Unreachable peer'
2026-03-11 15:53:15 [ERROR] b' TCP : Unreachable peer'
2026-03-11 15:54:06 [ERROR] b' TCP : Unreachable peer'
2026-03-11 15:54:32 [ERROR] b' TCP : Unreachable peer'
2026-03-11 15:55:00 [ERROR] b' TCP : Unreachable peer'
2026-03-11 15:56:12 [ERROR] b' TCP : Unreachable peer'
2026-03-11 15:59:19 [ERROR] b' TCP : Unreachable peer'
2026-03-11 16:00:12 [ERROR] b' TCP : Unreachable peer'
2026-03-11 16:01:36 [ERROR] b' TCP : Unreachable peer'
2026-03-11 16:04:52 [ERROR] b' TCP : Unreachable peer'
2026-03-11 16:06:38 [ERROR] b' TCP : Unreachable peer'
2026-03-11 16:08:29 [ERROR] b' TCP : Unreachable peer'
2026-03-11 16:10:09 [ERROR] b' TCP : Unreachable peer'
2026-03-11 16:29:44 [ERROR] b' ISO : An error occurred during recv TCP : Connection timed out'
2026-03-11 16:30:00 [ERROR] b' TCP : Unreachable peer'
2026-03-11 16:30:09 [ERROR] b' TCP : Unreachable peer'
2026-03-11 16:30:22 [ERROR] b' TCP : Unreachable peer'
2026-03-11 16:31:02 [ERROR] b' TCP : Unreachable peer'
2026-03-11 16:31:16 [ERROR] b' TCP : Unreachable peer'
2026-03-11 16:31:19 [ERROR] b' TCP : Unreachable peer'
2026-03-11 16:31:29 [ERROR] b' TCP : Unreachable peer'
2026-03-11 16:31:29 [ERROR] b' TCP : Unreachable peer'
2026-03-11 16:31:47 [ERROR] b' TCP : Unreachable peer'
2026-03-11 16:32:23 [ERROR] b' TCP : Unreachable peer'
2026-03-11 16:32:37 [ERROR] b' TCP : Unreachable peer'
2026-03-11 16:32:51 [ERROR] b' TCP : Unreachable peer'
2026-03-11 16:33:03 [ERROR] b' TCP : Unreachable peer'
2026-03-11 16:33:50 [ERROR] b' TCP : Unreachable peer'
2026-03-11 16:34:04 [ERROR] b' TCP : Unreachable peer'
2026-03-11 16:34:48 [ERROR] b' TCP : Unreachable peer'
2026-03-11 16:40:18 [ERROR] b' TCP : Unreachable peer'
2026-03-11 16:40:19 [ERROR] b' TCP : Unreachable peer'
2026-03-11 16:40:22 [ERROR] b' ISO : An error occurred during recv TCP : Connection timed out'
2026-03-11 16:40:32 [ERROR] b' TCP : Unreachable peer'
2026-03-11 16:40:37 [ERROR] b' ISO : An error occurred during recv TCP : Connection timed out'
2026-03-11 16:41:12 [ERROR] b' TCP : Unreachable peer'
2026-03-11 16:44:05 [ERROR] b' TCP : Unreachable peer'
2026-03-11 16:45:17 [ERROR] b' TCP : Unreachable peer'
2026-03-11 16:45:31 [ERROR] b' TCP : Unreachable peer'
2026-03-11 16:45:44 [ERROR] b' TCP : Unreachable peer'
2026-03-11 16:46:02 [ERROR] b' TCP : Unreachable peer'
2026-03-11 16:46:16 [ERROR] b' TCP : Unreachable peer'
2026-03-11 16:46:29 [ERROR] b' TCP : Unreachable peer'
2026-03-11 16:48:04 [ERROR] b' TCP : Unreachable peer'
2026-03-11 16:48:17 [ERROR] b' TCP : Unreachable peer'
2026-03-11 16:48:35 [ERROR] b' TCP : Unreachable peer'
2026-03-11 16:49:02 [ERROR] b' TCP : Unreachable peer'
2026-03-11 16:49:38 [ERROR] b' TCP : Unreachable peer'
2026-03-11 16:50:09 [ERROR] b' TCP : Unreachable peer'
2026-03-11 16:51:03 [ERROR] b' TCP : Unreachable peer'
2026-03-11 16:51:57 [ERROR] b' TCP : Unreachable peer'
2026-03-11 16:52:32 [ERROR] b' TCP : Unreachable peer'
2026-03-11 16:52:51 [ERROR] b' TCP : Unreachable peer'
2026-03-11 16:53:04 [ERROR] b' TCP : Unreachable peer'
2026-03-11 16:53:16 [ERROR] b' TCP : Unreachable peer'
2026-03-11 16:53:51 [ERROR] b' TCP : Unreachable peer'
2026-03-11 16:54:09 [ERROR] b' TCP : Unreachable peer'
2026-03-11 16:54:21 [ERROR] b' TCP : Unreachable peer'
2026-03-11 16:54:46 [ERROR] b' TCP : Unreachable peer'
2026-03-11 16:55:11 [ERROR] b' TCP : Unreachable peer'
2026-03-11 16:55:56 [ERROR] b' TCP : Unreachable peer'
2026-03-11 16:56:31 [ERROR] b' TCP : Unreachable peer'
2026-03-11 16:56:55 [ERROR] b' TCP : Unreachable peer'
2026-03-11 16:57:00 [ERROR] b' ISO : An error occurred during recv TCP : Connection timed out'
2026-03-11 16:57:08 [ERROR] b' TCP : Unreachable peer'
2026-03-11 16:57:51 [ERROR] b' TCP : Unreachable peer'
2026-03-11 16:58:35 [ERROR] b' TCP : Unreachable peer'
2026-03-11 16:58:56 [ERROR] b' TCP : Unreachable peer'
2026-03-11 16:59:42 [ERROR] b' TCP : Unreachable peer'
2026-03-11 16:59:45 [ERROR] b' TCP : Unreachable peer'
2026-03-11 16:59:48 [ERROR] b' ISO : An error occurred during recv TCP : Connection timed out'
2026-03-11 17:02:16 [ERROR] b' TCP : Unreachable peer'
2026-03-11 17:03:46 [ERROR] b' TCP : Unreachable peer'
2026-03-11 17:04:38 [ERROR] b' TCP : Unreachable peer'
2026-03-11 17:05:16 [ERROR] b' TCP : Unreachable peer'
2026-03-11 17:06:43 [ERROR] b' TCP : Unreachable peer'
2026-03-11 17:06:53 [ERROR] b' TCP : Unreachable peer'
2026-03-11 17:07:11 [ERROR] b' TCP : Unreachable peer'
2026-03-11 17:07:56 [ERROR] b' TCP : Unreachable peer'
2026-03-11 17:08:05 [ERROR] b' ISO : An error occurred during recv TCP : Connection timed out'
2026-03-11 17:08:18 [ERROR] b' ISO : An error occurred during recv TCP : Connection timed out'
2026-03-11 17:08:21 [ERROR] b' ISO : An error occurred during recv TCP : Connection timed out'
2026-03-11 17:08:41 [ERROR] b' TCP : Unreachable peer'
2026-03-11 17:09:18 [ERROR] b' TCP : Unreachable peer'
2026-03-11 17:09:40 [ERROR] b' TCP : Unreachable peer'
2026-03-11 17:10:41 [ERROR] b' TCP : Unreachable peer'
2026-03-11 17:11:16 [ERROR] b' TCP : Unreachable peer'
2026-03-11 17:13:16 [ERROR] b' TCP : Unreachable peer'
2026-03-11 17:14:34 [ERROR] b' TCP : Unreachable peer'
2026-03-11 17:14:49 [ERROR] b' TCP : Unreachable peer'
2026-03-11 17:15:19 [ERROR] b' TCP : Unreachable peer'
2026-03-11 17:20:08 [ERROR] b' TCP : Unreachable peer'
2026-03-11 17:20:22 [ERROR] b' ISO : An error occurred during recv TCP : Connection timed out'
2026-03-11 17:20:27 [ERROR] b' TCP : Unreachable peer'
2026-03-11 17:20:43 [ERROR] b' TCP : Unreachable peer'
2026-03-11 17:20:43 [ERROR] b' TCP : Unreachable peer'
2026-03-11 17:21:16 [ERROR] b' TCP : Unreachable peer'
2026-03-11 17:21:27 [ERROR] b' TCP : Unreachable peer'
2026-03-11 17:21:39 [ERROR] b' TCP : Unreachable peer'
2026-03-11 17:21:48 [ERROR] b' TCP : Unreachable peer'
2026-03-11 17:21:59 [ERROR] b' TCP : Unreachable peer'
2026-03-11 17:22:00 [ERROR] b' TCP : Unreachable peer'
2026-03-11 17:22:01 [ERROR] b' TCP : Unreachable peer'
2026-03-11 17:22:07 [ERROR] b' ISO : An error occurred during recv TCP : Connection timed out'
2026-03-11 17:22:15 [ERROR] b' TCP : Unreachable peer'
2026-03-11 17:22:36 [ERROR] b' TCP : Unreachable peer'
2026-03-11 17:22:47 [ERROR] b' TCP : Unreachable peer'
2026-03-11 17:23:04 [ERROR] b' TCP : Unreachable peer'
2026-03-11 17:23:08 [ERROR] b' TCP : Unreachable peer'
2026-03-11 17:23:18 [ERROR] b' TCP : Unreachable peer'
2026-03-11 17:23:20 [ERROR] b' TCP : Unreachable peer'
2026-03-11 17:23:53 [ERROR] b' ISO : An error occurred during recv TCP : Connection timed out'
2026-03-11 17:24:34 [ERROR] b' TCP : Unreachable peer'
2026-03-11 17:25:03 [ERROR] b' TCP : Unreachable peer'
2026-03-11 17:27:22 [ERROR] b' TCP : Unreachable peer'
2026-03-11 17:29:06 [ERROR] b' TCP : Unreachable peer'
2026-03-11 17:30:12 [ERROR] b' TCP : Unreachable peer'
2026-03-11 17:31:01 [ERROR] b' TCP : Unreachable peer'
2026-03-11 17:32:17 [ERROR] b' TCP : Unreachable peer'
2026-03-11 17:33:23 [ERROR] b' TCP : Unreachable peer'
2026-03-11 17:33:43 [ERROR] b' TCP : Unreachable peer'
2026-03-11 17:33:43 [ERROR] b' TCP : Unreachable peer'
2026-03-11 17:33:47 [ERROR] b' ISO : An error occurred during recv TCP : Connection timed out'
2026-03-11 17:33:52 [ERROR] b' ISO : An error occurred during recv TCP : Connection timed out'
2026-03-11 17:33:52 [ERROR] b' TCP : Unreachable peer'
2026-03-11 17:33:54 [ERROR] b' TCP : Unreachable peer'
2026-03-11 17:33:59 [ERROR] b' ISO : An error occurred during recv TCP : Connection timed out'
2026-03-11 17:35:55 [ERROR] b' TCP : Unreachable peer'
2026-03-11 17:39:39 [ERROR] b' TCP : Unreachable peer'
2026-03-11 17:39:52 [ERROR] b' TCP : Unreachable peer'
2026-03-11 17:40:35 [ERROR] b' TCP : Unreachable peer'
2026-03-11 17:43:59 [ERROR] b' TCP : Unreachable peer'
2026-03-11 17:44:08 [ERROR] b' ISO : An error occurred during recv TCP : Connection timed out'
2026-03-11 17:45:25 [ERROR] b' ISO : An error occurred during recv TCP : Connection timed out'
2026-03-11 17:45:35 [ERROR] b' TCP : Unreachable peer'
2026-03-11 17:46:55 [ERROR] b' TCP : Unreachable peer'
2026-03-11 17:46:58 [ERROR] b' TCP : Unreachable peer'
2026-03-11 17:49:20 [ERROR] b' TCP : Unreachable peer'
2026-03-11 17:49:57 [ERROR] b' ISO : An error occurred during recv TCP : Connection timed out'
2026-03-11 17:50:50 [ERROR] b' ISO : An error occurred during recv TCP : Connection timed out'
2026-03-11 17:52:03 [ERROR] b' TCP : Unreachable peer'
2026-03-11 17:53:43 [ERROR] b' TCP : Unreachable peer'
2026-03-11 17:54:32 [ERROR] b' TCP : Unreachable peer'
2026-03-11 17:54:59 [ERROR] b' TCP : Unreachable peer'
2026-03-11 17:55:48 [ERROR] b' TCP : Unreachable peer'
2026-03-11 17:57:15 [ERROR] b' TCP : Unreachable peer'
2026-03-11 17:57:39 [ERROR] b' TCP : Unreachable peer'
2026-03-11 17:57:44 [ERROR] b' TCP : Unreachable peer'
2026-03-11 18:03:15 [ERROR] b' TCP : Unreachable peer'
2026-03-11 18:10:07 [ERROR] b' TCP : Unreachable peer'
2026-03-11 18:11:48 [ERROR] b' TCP : Unreachable peer'
2026-03-11 18:14:26 [ERROR] b' TCP : Unreachable peer'
2026-03-11 18:14:43 [ERROR] b' TCP : Unreachable peer'
2026-03-11 18:15:06 [ERROR] b' TCP : Unreachable peer'
2026-03-11 18:16:08 [ERROR] b' ISO : An error occurred during recv TCP : Connection timed out'
2026-03-11 18:25:24 [ERROR] b' TCP : Unreachable peer'
2026-03-11 18:30:33 [ERROR] b' TCP : Unreachable peer'
2026-03-11 18:30:34 [ERROR] b' TCP : Unreachable peer'
2026-03-11 18:54:51 [ERROR] b' TCP : Unreachable peer'
2026-03-11 18:55:46 [ERROR] b' TCP : Unreachable peer'
2026-03-11 18:58:44 [ERROR] b' TCP : Unreachable peer'
2026-03-11 19:00:00 [ERROR] b' TCP : Unreachable peer'
2026-03-11 19:01:09 [ERROR] b' TCP : Unreachable peer'
2026-03-11 19:04:29 [ERROR] b' ISO : An error occurred during recv TCP : Connection timed out'
2026-03-11 19:09:34 [ERROR] b' TCP : Unreachable peer'
2026-03-11 19:10:36 [ERROR] b' TCP : Unreachable peer'
2026-03-11 19:10:39 [ERROR] b' ISO : An error occurred during recv TCP : Connection timed out'
2026-03-11 19:11:27 [ERROR] b' TCP : Unreachable peer'
2026-03-11 19:13:59 [ERROR] b' ISO : An error occurred during recv TCP : Connection timed out'
2026-03-11 19:14:18 [ERROR] b' ISO : An error occurred during recv TCP : Connection timed out'
2026-03-11 19:15:11 [ERROR] b' TCP : Unreachable peer'
2026-03-11 19:16:33 [ERROR] b' TCP : Unreachable peer'
2026-03-11 19:22:39 [ERROR] b' TCP : Unreachable peer'
2026-03-11 19:30:18 [ERROR] b' TCP : Unreachable peer'
2026-03-11 19:33:46 [ERROR] b' ISO : An error occurred during recv TCP : Connection timed out'
2026-03-11 19:34:24 [ERROR] b' ISO : An error occurred during recv TCP : Connection timed out'
2026-03-11 19:36:08 [ERROR] b' TCP : Unreachable peer'
2026-03-11 19:36:33 [ERROR] b' TCP : Unreachable peer'
2026-03-11 19:37:21 [ERROR] b' TCP : Unreachable peer'
2026-03-11 19:38:12 [ERROR] b' TCP : Unreachable peer'
2026-03-11 19:42:09 [ERROR] b' ISO : An error occurred during recv TCP : Connection timed out'
2026-03-11 19:42:23 [ERROR] b' TCP : Unreachable peer'
2026-03-11 19:43:23 [ERROR] b' TCP : Unreachable peer'
2026-03-11 19:44:53 [ERROR] b' TCP : Unreachable peer'
2026-03-11 19:45:13 [ERROR] b' TCP : Unreachable peer'
2026-03-11 19:48:31 [ERROR] b' TCP : Unreachable peer'
2026-03-11 19:49:41 [ERROR] b' TCP : Unreachable peer'
2026-03-11 19:50:35 [ERROR] b' TCP : Unreachable peer'
2026-03-11 19:50:57 [ERROR] b' TCP : Unreachable peer'
2026-03-11 19:52:02 [ERROR] b' TCP : Unreachable peer'
2026-03-11 19:52:20 [ERROR] b' ISO : An error occurred during recv TCP : Connection timed out'
2026-03-11 19:52:27 [ERROR] b' TCP : Unreachable peer'
2026-03-11 19:52:28 [ERROR] b' TCP : Unreachable peer'
2026-03-11 19:52:29 [ERROR] b' TCP : Unreachable peer'
2026-03-11 19:52:30 [ERROR] b' TCP : Unreachable peer'
2026-03-11 19:53:25 [ERROR] b' TCP : Unreachable peer'
2026-03-11 19:53:25 [ERROR] b' TCP : Unreachable peer'
2026-03-11 19:53:43 [ERROR] b' TCP : Unreachable peer'
2026-03-11 19:54:21 [ERROR] b' TCP : Unreachable peer'
2026-03-11 19:55:12 [ERROR] b' TCP : Unreachable peer'
2026-03-11 19:55:46 [ERROR] b' TCP : Unreachable peer'
2026-03-11 19:56:21 [ERROR] b' TCP : Unreachable peer'
2026-03-11 19:56:42 [ERROR] b' TCP : Unreachable peer'
2026-03-11 19:56:57 [ERROR] b' TCP : Unreachable peer'
2026-03-11 19:57:08 [ERROR] b' TCP : Unreachable peer'
2026-03-11 19:57:29 [ERROR] b' TCP : Unreachable peer'
2026-03-11 19:59:03 [ERROR] b' TCP : Unreachable peer'
2026-03-11 19:59:31 [ERROR] b' TCP : Unreachable peer'
2026-03-11 20:00:31 [ERROR] b' TCP : Unreachable peer'
2026-03-11 20:01:20 [ERROR] b' TCP : Unreachable peer'
2026-03-11 20:02:16 [ERROR] b' TCP : Unreachable peer'
2026-03-11 20:03:13 [ERROR] b' TCP : Unreachable peer'
2026-03-11 20:05:08 [ERROR] b' TCP : Unreachable peer'
2026-03-11 20:05:43 [ERROR] b' ISO : An error occurred during recv TCP : Connection timed out'
2026-03-11 20:05:48 [ERROR] b' TCP : Unreachable peer'
2026-03-11 20:06:02 [ERROR] b' TCP : Unreachable peer'
2026-03-11 20:08:05 [ERROR] b' TCP : Unreachable peer'
2026-03-11 20:08:21 [ERROR] b' TCP : Unreachable peer'
2026-03-11 20:09:08 [ERROR] b' TCP : Unreachable peer'
2026-03-11 20:10:02 [ERROR] b' TCP : Unreachable peer'
2026-03-11 20:10:31 [ERROR] b' TCP : Unreachable peer'
2026-03-11 20:12:13 [ERROR] b' TCP : Unreachable peer'
2026-03-11 20:12:50 [ERROR] b' TCP : Unreachable peer'
2026-03-11 20:15:12 [ERROR] b' TCP : Unreachable peer'
2026-03-11 20:15:49 [ERROR] b' TCP : Unreachable peer'
2026-03-11 20:25:00 [ERROR] b' TCP : Unreachable peer'
2026-03-11 20:25:49 [ERROR] b' TCP : Unreachable peer'
2026-03-11 20:26:49 [ERROR] b' TCP : Unreachable peer'
2026-03-11 20:28:27 [ERROR] b' TCP : Unreachable peer'
2026-03-11 20:31:34 [ERROR] b' TCP : Unreachable peer'
2026-03-11 20:31:41 [ERROR] b' TCP : Unreachable peer'
2026-03-11 20:31:43 [ERROR] b' TCP : Unreachable peer'
2026-03-11 20:31:44 [ERROR] b' TCP : Unreachable peer'
2026-03-11 20:35:01 [ERROR] b' TCP : Unreachable peer'
2026-03-11 20:43:21 [ERROR] b' TCP : Unreachable peer'
2026-03-11 20:44:11 [ERROR] b' TCP : Unreachable peer'
2026-03-11 20:53:22 [ERROR] b' TCP : Unreachable peer'
2026-03-11 20:54:40 [ERROR] b' TCP : Unreachable peer'
2026-03-11 20:57:19 [ERROR] b' TCP : Unreachable peer'
2026-03-11 20:57:31 [ERROR] b' TCP : Unreachable peer'
2026-03-11 20:58:30 [ERROR] b' TCP : Unreachable peer'
2026-03-11 20:58:50 [ERROR] b' TCP : Unreachable peer'
2026-03-11 20:59:48 [ERROR] b' TCP : Unreachable peer'
2026-03-11 21:00:02 [ERROR] b' TCP : Unreachable peer'
2026-03-11 21:00:57 [ERROR] b' TCP : Unreachable peer'
2026-03-11 21:01:52 [ERROR] b' TCP : Unreachable peer'
2026-03-11 21:02:03 [ERROR] b' TCP : Unreachable peer'
2026-03-11 21:03:04 [ERROR] b' TCP : Unreachable peer'
2026-03-11 21:03:17 [ERROR] b' TCP : Unreachable peer'
2026-03-11 21:04:06 [ERROR] b' TCP : Unreachable peer'
2026-03-11 21:04:29 [ERROR] b' TCP : Unreachable peer'
2026-03-11 21:05:52 [ERROR] b' TCP : Unreachable peer'
2026-03-11 21:08:06 [ERROR] b' TCP : Unreachable peer'
2026-03-11 21:09:15 [ERROR] b' TCP : Unreachable peer'
2026-03-11 21:11:41 [ERROR] b' TCP : Unreachable peer'
2026-03-11 21:14:20 [ERROR] b' TCP : Unreachable peer'
2026-03-11 21:16:06 [ERROR] b' TCP : Unreachable peer'
2026-03-11 21:18:25 [ERROR] b' TCP : Unreachable peer'
2026-03-11 21:18:38 [ERROR] b' TCP : Unreachable peer'
2026-03-11 21:21:39 [ERROR] b' TCP : Unreachable peer'
2026-03-11 21:22:50 [ERROR] b' TCP : Unreachable peer'
2026-03-11 21:24:56 [ERROR] b' TCP : Unreachable peer'
2026-03-11 21:28:46 [ERROR] b' TCP : Unreachable peer'
2026-03-11 21:29:10 [ERROR] b' TCP : Unreachable peer'
2026-03-11 21:30:54 [ERROR] b' TCP : Unreachable peer'
2026-03-11 21:32:05 [ERROR] b' TCP : Unreachable peer'
2026-03-11 21:33:06 [ERROR] b' TCP : Unreachable peer'
2026-03-11 21:34:27 [ERROR] b' TCP : Unreachable peer'
2026-03-11 21:34:45 [ERROR] b' TCP : Unreachable peer'
2026-03-11 21:40:05 [ERROR] b' TCP : Unreachable peer'
2026-03-11 21:45:24 [ERROR] b' TCP : Unreachable peer'
2026-03-11 21:48:47 [ERROR] b' TCP : Unreachable peer'
2026-03-11 21:50:05 [ERROR] b' TCP : Unreachable peer'
2026-03-11 21:56:35 [ERROR] b' ISO : An error occurred during recv TCP : Connection timed out'
2026-03-11 22:00:46 [ERROR] b' TCP : Unreachable peer'
2026-03-11 22:04:53 [ERROR] b' TCP : Unreachable peer'
2026-03-11 22:06:18 [ERROR] b' TCP : Unreachable peer'
2026-03-11 22:08:29 [ERROR] b' TCP : Unreachable peer'
2026-03-11 22:08:42 [ERROR] b' TCP : Unreachable peer'
2026-03-11 22:14:17 [ERROR] b' TCP : Unreachable peer'
2026-03-11 22:20:09 [ERROR] b' TCP : Unreachable peer'
2026-03-11 22:20:21 [ERROR] b' TCP : Unreachable peer'
2026-03-11 22:27:37 [ERROR] b' TCP : Unreachable peer'
2026-03-11 22:34:00 [ERROR] b' TCP : Unreachable peer'
2026-03-11 22:35:22 [ERROR] b' TCP : Unreachable peer'
2026-03-11 22:41:37 [ERROR] b' TCP : Unreachable peer'
2026-03-11 22:44:12 [ERROR] b' TCP : Unreachable peer'
2026-03-11 22:50:28 [ERROR] b' TCP : Unreachable peer'
2026-03-11 22:54:42 [ERROR] b' TCP : Unreachable peer'
2026-03-11 22:55:34 [ERROR] b' TCP : Unreachable peer'
2026-03-11 22:55:35 [ERROR] b' TCP : Unreachable peer'
2026-03-11 22:55:36 [ERROR] b' TCP : Unreachable peer'
2026-03-11 22:55:37 [ERROR] b' TCP : Unreachable peer'
2026-03-11 22:56:04 [ERROR] b' TCP : Unreachable peer'
2026-03-11 22:57:45 [ERROR] b' TCP : Unreachable peer'
2026-03-11 22:58:29 [ERROR] b' TCP : Unreachable peer'
2026-03-11 22:58:59 [ERROR] b' TCP : Unreachable peer'
2026-03-11 22:59:40 [ERROR] b' TCP : Unreachable peer'
2026-03-11 23:00:15 [ERROR] b' TCP : Unreachable peer'
2026-03-11 23:01:06 [ERROR] b' TCP : Unreachable peer'
2026-03-11 23:01:29 [ERROR] b' TCP : Unreachable peer'
2026-03-11 23:01:41 [ERROR] b' TCP : Unreachable peer'
2026-03-11 23:02:03 [ERROR] b' TCP : Unreachable peer'
2026-03-11 23:02:24 [ERROR] b' TCP : Unreachable peer'
2026-03-11 23:03:01 [ERROR] b' TCP : Unreachable peer'
2026-03-11 23:03:12 [ERROR] b' TCP : Unreachable peer'
2026-03-11 23:03:27 [ERROR] b' TCP : Unreachable peer'
2026-03-11 23:03:48 [ERROR] b' TCP : Unreachable peer'
2026-03-11 23:04:00 [ERROR] b' TCP : Unreachable peer'
2026-03-11 23:04:10 [ERROR] b' TCP : Unreachable peer'
2026-03-11 23:06:37 [ERROR] b' TCP : Unreachable peer'
2026-03-11 23:10:43 [ERROR] b' TCP : Unreachable peer'
2026-03-11 23:13:08 [ERROR] b' TCP : Unreachable peer'
2026-03-11 23:13:58 [ERROR] b' TCP : Unreachable peer'
2026-03-11 23:14:10 [ERROR] b' TCP : Unreachable peer'
2026-03-11 23:14:25 [ERROR] b' TCP : Unreachable peer'
2026-03-11 23:15:37 [ERROR] b' TCP : Unreachable peer'
2026-03-11 23:16:25 [ERROR] b' TCP : Unreachable peer'
2026-03-11 23:18:28 [ERROR] b' TCP : Unreachable peer'
2026-03-11 23:19:11 [ERROR] b' TCP : Unreachable peer'
2026-03-11 23:19:25 [ERROR] b' TCP : Unreachable peer'
2026-03-11 23:19:49 [ERROR] b' TCP : Unreachable peer'
2026-03-11 23:20:01 [ERROR] b' TCP : Unreachable peer'
2026-03-11 23:22:01 [ERROR] b' TCP : Unreachable peer'
2026-03-11 23:23:00 [ERROR] b' TCP : Unreachable peer'
2026-03-11 23:23:13 [ERROR] b' TCP : Unreachable peer'
2026-03-11 23:23:39 [ERROR] b' TCP : Unreachable peer'
2026-03-11 23:27:16 [ERROR] b' TCP : Unreachable peer'
2026-03-11 23:31:28 [ERROR] b' TCP : Unreachable peer'
2026-03-11 23:36:26 [ERROR] b' TCP : Unreachable peer'
2026-03-11 23:37:03 [ERROR] b' TCP : Unreachable peer'
2026-03-11 23:39:49 [ERROR] b' TCP : Unreachable peer'
2026-03-11 23:41:15 [ERROR] b' TCP : Unreachable peer'
2026-03-11 23:42:37 [ERROR] b' TCP : Unreachable peer'
2026-03-11 23:44:38 [ERROR] b' TCP : Unreachable peer'
2026-03-11 23:46:09 [ERROR] b' TCP : Unreachable peer'
2026-03-11 23:48:32 [ERROR] b' TCP : Unreachable peer'
2026-03-11 23:53:45 [ERROR] b' TCP : Unreachable peer'
2026-03-11 23:55:43 [ERROR] b' TCP : Unreachable peer'
2026-03-11 23:59:26 [ERROR] b' TCP : Unreachable peer'
2026-03-12 00:01:44 [ERROR] b' TCP : Unreachable peer'
2026-03-12 00:01:45 [ERROR] b' TCP : Unreachable peer'
2026-03-12 00:02:18 [ERROR] b' TCP : Unreachable peer'
2026-03-12 00:02:32 [ERROR] b' TCP : Unreachable peer'
2026-03-12 00:02:47 [ERROR] b' TCP : Unreachable peer'
2026-03-12 00:02:50 [ERROR] b' TCP : Unreachable peer'
2026-03-12 00:08:46 [ERROR] b' TCP : Unreachable peer'
2026-03-12 00:12:52 [ERROR] b' TCP : Unreachable peer'
2026-03-12 00:15:05 [ERROR] b' TCP : Unreachable peer'
2026-03-12 00:15:42 [ERROR] b' TCP : Unreachable peer'
2026-03-12 00:16:53 [ERROR] b' TCP : Unreachable peer'
2026-03-12 00:23:22 [ERROR] b' TCP : Unreachable peer'
2026-03-12 00:29:57 [ERROR] b' TCP : Unreachable peer'
2026-03-12 00:30:36 [ERROR] b' TCP : Unreachable peer'
2026-03-12 00:30:50 [ERROR] b' TCP : Unreachable peer'
2026-03-12 00:31:18 [ERROR] b' TCP : Unreachable peer'
2026-03-12 00:31:43 [ERROR] b' TCP : Unreachable peer'
2026-03-12 00:33:02 [ERROR] b' TCP : Unreachable peer'
2026-03-12 00:34:35 [ERROR] b' TCP : Unreachable peer'
2026-03-12 00:35:43 [ERROR] b' TCP : Unreachable peer'
2026-03-12 00:36:46 [ERROR] b' TCP : Unreachable peer'
2026-03-12 00:37:33 [ERROR] b' TCP : Unreachable peer'
2026-03-12 00:38:00 [ERROR] b' TCP : Unreachable peer'
2026-03-12 00:39:39 [ERROR] b' TCP : Unreachable peer'
2026-03-12 00:41:06 [ERROR] b' TCP : Unreachable peer'
2026-03-12 00:41:44 [ERROR] b' TCP : Unreachable peer'
2026-03-12 00:42:09 [ERROR] b' TCP : Unreachable peer'
2026-03-12 00:43:07 [ERROR] b' TCP : Unreachable peer'
2026-03-12 00:44:26 [ERROR] b' TCP : Unreachable peer'
2026-03-12 00:46:10 [ERROR] b' TCP : Unreachable peer'
2026-03-12 00:46:37 [ERROR] b' TCP : Unreachable peer'
2026-03-12 00:49:38 [ERROR] b' TCP : Unreachable peer'
2026-03-12 00:51:02 [ERROR] b' TCP : Unreachable peer'
2026-03-12 00:52:28 [ERROR] b' TCP : Unreachable peer'
2026-03-12 00:53:17 [ERROR] b' TCP : Unreachable peer'
2026-03-12 00:53:58 [ERROR] b' TCP : Unreachable peer'
2026-03-12 00:55:01 [ERROR] b' TCP : Unreachable peer'
2026-03-12 00:58:50 [ERROR] b' TCP : Unreachable peer'
2026-03-12 01:02:13 [ERROR] b' TCP : Unreachable peer'
2026-03-12 01:03:20 [ERROR] b' TCP : Unreachable peer'
2026-03-12 01:03:50 [ERROR] b' TCP : Unreachable peer'
2026-03-12 01:06:24 [ERROR] b' TCP : Unreachable peer'
2026-03-12 01:17:06 [ERROR] b' TCP : Unreachable peer'
2026-03-12 01:17:31 [ERROR] b' TCP : Unreachable peer'
2026-03-12 01:27:38 [ERROR] b' TCP : Unreachable peer'
2026-03-12 01:29:06 [ERROR] b' TCP : Unreachable peer'
2026-03-12 01:35:56 [ERROR] b' TCP : Unreachable peer'
2026-03-12 01:36:54 [ERROR] b' TCP : Unreachable peer'
2026-03-12 01:50:10 [ERROR] b' TCP : Unreachable peer'
2026-03-12 01:52:17 [ERROR] b' TCP : Unreachable peer'
2026-03-12 01:55:16 [ERROR] b' TCP : Unreachable peer'
2026-03-12 01:55:17 [ERROR] b' TCP : Unreachable peer'
2026-03-12 01:56:26 [ERROR] b' TCP : Unreachable peer'
2026-03-12 01:56:27 [ERROR] b' TCP : Unreachable peer'
2026-03-12 01:56:28 [ERROR] b' TCP : Unreachable peer'
2026-03-12 01:57:05 [ERROR] b' TCP : Unreachable peer'
2026-03-12 01:57:07 [ERROR] b' TCP : Unreachable peer'
2026-03-12 01:57:49 [ERROR] b' TCP : Unreachable peer'
2026-03-12 02:01:40 [ERROR] b' TCP : Unreachable peer'
2026-03-12 02:01:53 [ERROR] b' TCP : Unreachable peer'
2026-03-12 02:03:17 [ERROR] b' TCP : Unreachable peer'
2026-03-12 02:04:30 [ERROR] b' TCP : Unreachable peer'
2026-03-12 02:05:09 [ERROR] b' TCP : Unreachable peer'
2026-03-12 02:05:46 [ERROR] b' TCP : Unreachable peer'
2026-03-12 02:06:24 [ERROR] b' TCP : Unreachable peer'
2026-03-12 02:06:58 [ERROR] b' TCP : Unreachable peer'
2026-03-12 02:07:58 [ERROR] b' TCP : Unreachable peer'
2026-03-12 02:08:11 [ERROR] b' TCP : Unreachable peer'
2026-03-12 02:08:25 [ERROR] b' ISO : An error occurred during recv TCP : Connection timed out'
2026-03-12 02:09:47 [ERROR] b' TCP : Unreachable peer'
2026-03-12 02:10:28 [ERROR] b' TCP : Unreachable peer'
2026-03-12 02:11:38 [ERROR] b' TCP : Unreachable peer'
2026-03-12 02:12:03 [ERROR] b' TCP : Unreachable peer'
2026-03-12 02:13:39 [ERROR] b' TCP : Unreachable peer'
2026-03-12 02:14:38 [ERROR] b' TCP : Unreachable peer'
2026-03-12 02:15:53 [ERROR] b' TCP : Unreachable peer'
2026-03-12 02:17:24 [ERROR] b' TCP : Unreachable peer'
2026-03-12 02:18:14 [ERROR] b' TCP : Unreachable peer'
2026-03-12 02:18:49 [ERROR] b' TCP : Unreachable peer'
2026-03-12 02:19:50 [ERROR] b' TCP : Unreachable peer'
2026-03-12 02:20:15 [ERROR] b' TCP : Unreachable peer'
2026-03-12 02:20:51 [ERROR] b' TCP : Unreachable peer'
2026-03-12 02:21:25 [ERROR] b' TCP : Unreachable peer'
2026-03-12 02:21:56 [ERROR] b' TCP : Unreachable peer'
2026-03-12 02:23:13 [ERROR] b' TCP : Unreachable peer'
2026-03-12 02:24:13 [ERROR] b' TCP : Unreachable peer'
2026-03-12 02:24:17 [ERROR] b' TCP : Unreachable peer'
2026-03-12 02:24:20 [ERROR] b' TCP : Unreachable peer'
2026-03-12 02:24:24 [ERROR] b' TCP : Unreachable peer'
2026-03-12 02:25:05 [ERROR] b' ISO : An error occurred during recv TCP : Connection timed out'
2026-03-12 02:26:01 [ERROR] b' TCP : Unreachable peer'
2026-03-12 02:26:21 [ERROR] b' TCP : Unreachable peer'
2026-03-12 02:27:06 [ERROR] b' TCP : Unreachable peer'
2026-03-12 02:28:34 [ERROR] b' TCP : Unreachable peer'
2026-03-12 02:33:47 [ERROR] b' TCP : Unreachable peer'
2026-03-12 02:34:24 [ERROR] b' TCP : Unreachable peer'
2026-03-12 02:35:37 [ERROR] b' TCP : Unreachable peer'
2026-03-12 02:36:01 [ERROR] b' TCP : Unreachable peer'
2026-03-12 02:36:13 [ERROR] b' TCP : Unreachable peer'
2026-03-12 02:36:16 [ERROR] b' TCP : Unreachable peer'
2026-03-12 02:36:26 [ERROR] b' TCP : Unreachable peer'
2026-03-12 02:36:34 [ERROR] b' TCP : Unreachable peer'
2026-03-12 02:36:36 [ERROR] b' TCP : Unreachable peer'
2026-03-12 02:37:41 [ERROR] b' TCP : Unreachable peer'
2026-03-12 02:38:55 [ERROR] b' TCP : Unreachable peer'
2026-03-12 02:39:12 [ERROR] b' TCP : Unreachable peer'
2026-03-12 02:41:17 [ERROR] b' TCP : Unreachable peer'
2026-03-12 02:41:36 [ERROR] b' TCP : Unreachable peer'
2026-03-12 02:42:25 [ERROR] b' TCP : Unreachable peer'
2026-03-12 02:44:00 [ERROR] b' TCP : Unreachable peer'
2026-03-12 02:44:45 [ERROR] b' TCP : Unreachable peer'
2026-03-12 02:49:05 [ERROR] b' TCP : Unreachable peer'
2026-03-12 02:49:31 [ERROR] b' TCP : Unreachable peer'
2026-03-12 02:50:18 [ERROR] b' TCP : Unreachable peer'
2026-03-12 02:50:30 [ERROR] b' TCP : Unreachable peer'
2026-03-12 02:51:11 [ERROR] b' TCP : Unreachable peer'
2026-03-12 02:52:24 [ERROR] b' TCP : Unreachable peer'
2026-03-12 02:55:55 [ERROR] b' TCP : Unreachable peer'
2026-03-12 02:56:08 [ERROR] b' TCP : Unreachable peer'
2026-03-12 03:05:26 [ERROR] b' TCP : Unreachable peer'
2026-03-12 03:08:05 [ERROR] b' TCP : Unreachable peer'
2026-03-12 03:17:49 [ERROR] b' TCP : Unreachable peer'
2026-03-12 03:19:14 [ERROR] b' TCP : Unreachable peer'
2026-03-12 03:20:27 [ERROR] b' TCP : Unreachable peer'
2026-03-12 03:22:22 [ERROR] b' TCP : Unreachable peer'
2026-03-12 03:27:50 [ERROR] b' TCP : Unreachable peer'
2026-03-12 03:28:50 [ERROR] b' TCP : Unreachable peer'
2026-03-12 03:30:14 [ERROR] b' TCP : Unreachable peer'
2026-03-12 03:31:53 [ERROR] b' TCP : Unreachable peer'
2026-03-12 03:32:07 [ERROR] b' TCP : Unreachable peer'
2026-03-12 03:37:21 [ERROR] b' TCP : Unreachable peer'
2026-03-12 03:40:37 [ERROR] b' TCP : Unreachable peer'
2026-03-12 03:42:09 [ERROR] b' TCP : Unreachable peer'
2026-03-12 03:42:59 [ERROR] b' TCP : Unreachable peer'
2026-03-12 03:44:25 [ERROR] b' TCP : Unreachable peer'
2026-03-12 03:46:40 [ERROR] b' TCP : Unreachable peer'
2026-03-12 03:47:36 [ERROR] b' TCP : Unreachable peer'
2026-03-12 03:48:01 [ERROR] b' TCP : Unreachable peer'
2026-03-12 03:49:35 [ERROR] b' TCP : Unreachable peer'
2026-03-12 03:49:54 [ERROR] b' TCP : Unreachable peer'
2026-03-12 03:51:24 [ERROR] b' TCP : Unreachable peer'
2026-03-12 03:54:30 [ERROR] b' TCP : Unreachable peer'
2026-03-12 03:54:37 [ERROR] b' ISO : An error occurred during recv TCP : Connection timed out'
2026-03-12 03:54:40 [ERROR] b' TCP : Unreachable peer'
2026-03-12 03:54:42 [ERROR] b' TCP : Unreachable peer'
2026-03-12 03:57:31 [ERROR] b' TCP : Unreachable peer'
2026-03-12 04:05:50 [ERROR] b' TCP : Unreachable peer'
2026-03-12 04:06:58 [ERROR] b' TCP : Unreachable peer'
2026-03-12 04:09:11 [ERROR] b' TCP : Unreachable peer'
2026-03-12 04:10:16 [ERROR] b' TCP : Unreachable peer'
2026-03-12 04:12:31 [ERROR] b' TCP : Unreachable peer'
2026-03-12 04:17:36 [ERROR] b' TCP : Unreachable peer'
2026-03-12 04:20:59 [ERROR] b' TCP : Unreachable peer'
2026-03-12 04:22:53 [ERROR] b' TCP : Unreachable peer'
2026-03-12 04:24:41 [ERROR] b' TCP : Unreachable peer'
2026-03-12 04:25:55 [ERROR] b' TCP : Unreachable peer'
2026-03-12 04:31:15 [ERROR] b' TCP : Unreachable peer'
2026-03-12 04:33:27 [ERROR] b' TCP : Unreachable peer'
2026-03-12 04:34:27 [ERROR] b' TCP : Unreachable peer'
2026-03-12 04:34:51 [ERROR] b' TCP : Unreachable peer'
2026-03-12 04:36:07 [ERROR] b' TCP : Unreachable peer'
2026-03-12 04:37:55 [ERROR] b' TCP : Unreachable peer'
2026-03-12 04:38:22 [ERROR] b' TCP : Unreachable peer'
2026-03-12 04:39:07 [ERROR] b' TCP : Unreachable peer'
2026-03-12 04:41:13 [ERROR] b' TCP : Unreachable peer'
2026-03-12 04:42:20 [ERROR] b' TCP : Unreachable peer'
2026-03-12 04:42:38 [ERROR] b' TCP : Unreachable peer'
2026-03-12 04:43:22 [ERROR] b' TCP : Unreachable peer'
2026-03-12 04:48:00 [ERROR] b' TCP : Unreachable peer'
2026-03-12 04:50:35 [ERROR] b' TCP : Unreachable peer'
2026-03-12 04:52:51 [ERROR] b' TCP : Unreachable peer'
2026-03-12 04:53:07 [ERROR] b' TCP : Unreachable peer'
2026-03-12 04:53:15 [ERROR] b' TCP : Unreachable peer'
2026-03-12 04:53:40 [ERROR] b' TCP : Unreachable peer'
2026-03-12 04:54:03 [ERROR] b' TCP : Unreachable peer'
2026-03-12 04:54:51 [ERROR] b' TCP : Unreachable peer'
2026-03-12 04:54:52 [ERROR] b' TCP : Unreachable peer'
2026-03-12 04:56:52 [ERROR] b' TCP : Unreachable peer'
2026-03-12 04:56:53 [ERROR] b' TCP : Unreachable peer'
2026-03-12 05:03:46 [ERROR] b' TCP : Unreachable peer'
2026-03-12 05:05:12 [ERROR] b' TCP : Unreachable peer'
2026-03-12 05:07:57 [ERROR] b' TCP : Unreachable peer'
2026-03-12 05:08:49 [ERROR] b' TCP : Unreachable peer'
2026-03-12 05:09:40 [ERROR] b' TCP : Unreachable peer'
2026-03-12 05:09:52 [ERROR] b' TCP : Unreachable peer'
2026-03-12 05:09:53 [ERROR] b' TCP : Unreachable peer'
2026-03-12 05:10:04 [ERROR] b' TCP : Unreachable peer'
2026-03-12 05:10:05 [ERROR] b' TCP : Unreachable peer'
2026-03-12 05:10:09 [ERROR] b' TCP : Unreachable peer'
2026-03-12 05:10:41 [ERROR] b' TCP : Unreachable peer'
2026-03-12 05:11:41 [ERROR] b' TCP : Unreachable peer'
2026-03-12 05:11:42 [ERROR] b' TCP : Unreachable peer'
2026-03-12 05:12:07 [ERROR] b' TCP : Unreachable peer'
2026-03-12 05:12:51 [ERROR] b' TCP : Unreachable peer'
2026-03-12 05:12:55 [ERROR] b' TCP : Unreachable peer'
2026-03-12 05:13:08 [ERROR] b' TCP : Unreachable peer'
2026-03-12 05:13:19 [ERROR] b' TCP : Unreachable peer'
2026-03-12 05:13:21 [ERROR] b' TCP : Unreachable peer'
2026-03-12 05:13:32 [ERROR] b' TCP : Unreachable peer'
2026-03-12 05:13:45 [ERROR] b' TCP : Unreachable peer'
2026-03-12 05:14:26 [ERROR] b' TCP : Unreachable peer'
2026-03-12 05:15:03 [ERROR] b' TCP : Unreachable peer'
2026-03-12 05:15:16 [ERROR] b' TCP : Unreachable peer'
2026-03-12 05:15:30 [ERROR] b' ISO : An error occurred during recv TCP : Connection timed out'
2026-03-12 05:15:51 [ERROR] b' TCP : Unreachable peer'
2026-03-12 05:16:17 [ERROR] b' TCP : Unreachable peer'
2026-03-12 05:16:44 [ERROR] b' TCP : Unreachable peer'
2026-03-12 05:18:51 [ERROR] b' TCP : Unreachable peer'
2026-03-12 05:19:29 [ERROR] b' TCP : Unreachable peer'
2026-03-12 05:22:51 [ERROR] b' TCP : Unreachable peer'
2026-03-12 05:24:16 [ERROR] b' TCP : Unreachable peer'
2026-03-12 05:24:30 [ERROR] b' ISO : An error occurred during recv TCP : Connection timed out'
2026-03-12 05:25:33 [ERROR] b' TCP : Unreachable peer'
2026-03-12 05:26:04 [ERROR] b' TCP : Unreachable peer'
2026-03-12 05:26:28 [ERROR] b' TCP : Unreachable peer'
2026-03-12 05:27:09 [ERROR] b' TCP : Unreachable peer'
2026-03-12 05:28:33 [ERROR] b' TCP : Unreachable peer'
2026-03-12 05:30:12 [ERROR] b' TCP : Unreachable peer'
2026-03-12 05:30:26 [ERROR] b' TCP : Unreachable peer'
2026-03-12 05:31:12 [ERROR] b' TCP : Unreachable peer'
2026-03-12 05:32:29 [ERROR] b' TCP : Unreachable peer'
2026-03-12 05:32:30 [ERROR] b' TCP : Unreachable peer'
2026-03-12 05:32:31 [ERROR] b' TCP : Unreachable peer'
2026-03-12 05:32:53 [ERROR] b' TCP : Unreachable peer'
2026-03-12 05:33:06 [ERROR] b' TCP : Unreachable peer'
2026-03-12 05:33:11 [ERROR] b' TCP : Unreachable peer'
2026-03-12 05:33:24 [ERROR] b' TCP : Unreachable peer'
2026-03-12 05:33:47 [ERROR] b' TCP : Unreachable peer'
2026-03-12 05:34:17 [ERROR] b' TCP : Unreachable peer'
2026-03-12 05:34:42 [ERROR] b' TCP : Unreachable peer'
2026-03-12 05:35:05 [ERROR] b' TCP : Unreachable peer'
2026-03-12 05:35:57 [ERROR] b' TCP : Unreachable peer'
2026-03-12 05:36:44 [ERROR] b' TCP : Unreachable peer'
2026-03-12 05:37:34 [ERROR] b' TCP : Unreachable peer'
2026-03-12 05:37:35 [ERROR] b' TCP : Unreachable peer'
2026-03-12 05:37:46 [ERROR] b' TCP : Unreachable peer'
2026-03-12 05:43:16 [ERROR] b' TCP : Unreachable peer'
2026-03-12 05:43:56 [ERROR] b' TCP : Unreachable peer'
2026-03-12 05:44:43 [ERROR] b' TCP : Unreachable peer'
2026-03-12 05:46:00 [ERROR] b' TCP : Unreachable peer'
2026-03-12 05:47:00 [ERROR] b' TCP : Unreachable peer'
2026-03-12 05:47:23 [ERROR] b' TCP : Unreachable peer'
2026-03-12 05:50:27 [ERROR] b' TCP : Unreachable peer'
2026-03-12 05:51:51 [ERROR] b' TCP : Unreachable peer'
2026-03-12 05:52:11 [ERROR] b' TCP : Unreachable peer'
2026-03-12 05:52:30 [ERROR] b' TCP : Unreachable peer'
2026-03-12 05:54:02 [ERROR] b' TCP : Unreachable peer'
2026-03-12 05:57:47 [ERROR] b' TCP : Unreachable peer'
2026-03-12 06:02:01 [ERROR] b' TCP : Unreachable peer'
2026-03-12 06:03:53 [ERROR] b' TCP : Unreachable peer'
2026-03-12 06:04:42 [ERROR] b' TCP : Unreachable peer'
2026-03-12 06:06:56 [ERROR] b' TCP : Unreachable peer'
2026-03-12 06:07:46 [ERROR] b' TCP : Unreachable peer'
2026-03-12 06:08:39 [ERROR] b' ISO : An error occurred during recv TCP : Connection timed out'
2026-03-12 06:13:04 [ERROR] b' TCP : Unreachable peer'
2026-03-12 06:13:29 [ERROR] b' TCP : Unreachable peer'
2026-03-12 06:14:08 [ERROR] b' TCP : Unreachable peer'
2026-03-12 06:25:49 [ERROR] b' TCP : Unreachable peer'
2026-03-12 06:27:49 [ERROR] b' TCP : Unreachable peer'
2026-03-12 06:36:20 [ERROR] b' TCP : Unreachable peer'
2026-03-12 06:37:21 [ERROR] b' TCP : Unreachable peer'
2026-03-12 06:38:15 [ERROR] b' TCP : Unreachable peer'
2026-03-12 06:39:20 [ERROR] b' TCP : Unreachable peer'
2026-03-12 06:43:35 [ERROR] b' TCP : Unreachable peer'
2026-03-12 06:44:24 [ERROR] b' TCP : Unreachable peer'
2026-03-12 06:44:42 [ERROR] b' TCP : Unreachable peer'
2026-03-12 06:45:40 [ERROR] b' TCP : Unreachable peer'
2026-03-12 06:45:56 [ERROR] b' TCP : Unreachable peer'
2026-03-12 06:46:31 [ERROR] b' TCP : Unreachable peer'
2026-03-12 06:50:15 [ERROR] b' TCP : Unreachable peer'
2026-03-12 06:53:39 [ERROR] b' TCP : Unreachable peer'
2026-03-12 06:54:32 [ERROR] b' ISO : An error occurred during recv TCP : Connection timed out'
2026-03-12 06:59:11 [ERROR] b' TCP : Unreachable peer'
2026-03-12 07:01:07 [ERROR] b' TCP : Unreachable peer'
2026-03-12 07:01:21 [ERROR] b' TCP : Unreachable peer'
2026-03-12 07:06:13 [ERROR] b' TCP : Unreachable peer'
2026-03-12 07:06:50 [ERROR] b' TCP : Unreachable peer'
2026-03-12 07:08:19 [ERROR] b' TCP : Unreachable peer'
2026-03-12 07:16:21 [ERROR] b' TCP : Unreachable peer'
2026-03-12 07:18:18 [ERROR] b' TCP : Unreachable peer'
2026-03-12 07:19:16 [ERROR] b' TCP : Unreachable peer'
2026-03-12 07:20:53 [ERROR] b' TCP : Unreachable peer'
2026-03-12 07:25:20 [ERROR] b' TCP : Unreachable peer'
2026-03-12 07:25:53 [ERROR] b' TCP : Unreachable peer'
2026-03-12 07:29:03 [ERROR] b' TCP : Unreachable peer'
2026-03-12 07:29:21 [ERROR] b' ISO : An error occurred during recv TCP : Connection timed out'
2026-03-12 07:32:07 [ERROR] b' TCP : Unreachable peer'
2026-03-12 07:33:35 [ERROR] b' TCP : Unreachable peer'
2026-03-12 07:39:47 [ERROR] b' TCP : Unreachable peer'
2026-03-12 07:41:02 [ERROR] b' TCP : Unreachable peer'
2026-03-12 07:42:13 [ERROR] b' TCP : Unreachable peer'
2026-03-12 07:42:23 [ERROR] b' TCP : Unreachable peer'
2026-03-12 07:42:43 [ERROR] b' TCP : Unreachable peer'
2026-03-12 07:42:59 [ERROR] b' TCP : Unreachable peer'
2026-03-12 07:44:53 [ERROR] b' TCP : Unreachable peer'
2026-03-12 07:45:00 [ERROR] b' ISO : An error occurred during recv TCP : Connection timed out'
2026-03-12 07:45:05 [ERROR] b' TCP : Unreachable peer'
2026-03-12 07:45:20 [ERROR] b' TCP : Unreachable peer'
2026-03-12 07:45:20 [ERROR] b' TCP : Unreachable peer'
2026-03-12 07:45:34 [ERROR] b' TCP : Unreachable peer'
2026-03-12 07:45:34 [ERROR] b' TCP : Unreachable peer'
2026-03-12 07:46:01 [ERROR] b' TCP : Unreachable peer'
2026-03-12 07:46:37 [ERROR] b' TCP : Unreachable peer'
2026-03-12 07:49:01 [ERROR] b' TCP : Unreachable peer'
2026-03-12 07:49:23 [ERROR] b' TCP : Unreachable peer'
2026-03-12 07:49:58 [ERROR] b' TCP : Unreachable peer'
2026-03-12 07:54:55 [ERROR] b' TCP : Unreachable peer'
2026-03-12 07:55:50 [ERROR] b' TCP : Unreachable peer'
2026-03-12 07:56:05 [ERROR] b' TCP : Unreachable peer'
2026-03-12 07:56:17 [ERROR] b' TCP : Unreachable peer'
2026-03-12 07:56:17 [ERROR] b' TCP : Unreachable peer'
2026-03-12 07:56:30 [ERROR] b' TCP : Unreachable peer'
2026-03-12 07:56:53 [ERROR] b' TCP : Unreachable peer'
2026-03-12 07:56:54 [ERROR] b' TCP : Unreachable peer'
2026-03-12 07:57:28 [ERROR] b' TCP : Unreachable peer'
2026-03-12 07:58:00 [ERROR] b' TCP : Unreachable peer'
2026-03-12 07:58:03 [ERROR] b' TCP : Unreachable peer'
2026-03-12 07:58:14 [ERROR] b' TCP : Unreachable peer'
2026-03-12 07:58:29 [ERROR] b' TCP : Unreachable peer'
2026-03-12 07:58:41 [ERROR] b' TCP : Unreachable peer'
2026-03-12 07:58:42 [ERROR] b' TCP : Unreachable peer'
2026-03-12 07:59:03 [ERROR] b' TCP : Unreachable peer'
2026-03-12 07:59:28 [ERROR] b' TCP : Unreachable peer'
2026-03-12 07:59:41 [ERROR] b' TCP : Unreachable peer'
2026-03-12 08:00:59 [ERROR] b' TCP : Unreachable peer'
2026-03-12 08:02:03 [ERROR] b' TCP : Unreachable peer'
2026-03-12 08:02:16 [ERROR] b' TCP : Unreachable peer'
2026-03-12 08:02:35 [ERROR] b' TCP : Unreachable peer'
2026-03-12 08:08:05 [ERROR] b' TCP : Unreachable peer'
2026-03-12 08:08:53 [ERROR] b' TCP : Unreachable peer'
2026-03-12 08:11:12 [ERROR] b' TCP : Unreachable peer'
2026-03-12 08:12:15 [ERROR] b' TCP : Unreachable peer'
2026-03-12 08:12:56 [ERROR] b' TCP : Unreachable peer'
2026-03-12 08:16:07 [ERROR] b' TCP : Unreachable peer'
2026-03-12 08:16:17 [ERROR] b' TCP : Unreachable peer'
2026-03-12 08:17:46 [ERROR] b' TCP : Unreachable peer'
2026-03-12 08:18:07 [ERROR] b' TCP : Unreachable peer'
2026-03-12 08:18:18 [ERROR] b' TCP : Unreachable peer'
2026-03-12 08:18:30 [ERROR] b' TCP : Unreachable peer'
2026-03-12 08:18:45 [ERROR] b' TCP : Unreachable peer'
2026-03-12 08:20:27 [ERROR] b' TCP : Unreachable peer'
2026-03-12 08:20:42 [ERROR] b' TCP : Unreachable peer'
2026-03-12 08:22:15 [ERROR] b' TCP : Unreachable peer'
2026-03-12 08:22:31 [ERROR] b' TCP : Unreachable peer'
2026-03-12 08:22:46 [ERROR] b' TCP : Unreachable peer'
2026-03-12 08:23:12 [ERROR] b' TCP : Unreachable peer'
2026-03-12 08:23:39 [ERROR] b' TCP : Unreachable peer'
2026-03-12 08:24:22 [ERROR] b' TCP : Unreachable peer'
2026-03-12 08:24:36 [ERROR] b' TCP : Unreachable peer'
2026-03-12 08:25:33 [ERROR] b' TCP : Unreachable peer'
2026-03-12 08:25:50 [ERROR] b' TCP : Unreachable peer'
2026-03-12 08:26:05 [ERROR] b' TCP : Unreachable peer'
2026-03-12 08:26:58 [ERROR] b' TCP : Unreachable peer'
2026-03-12 08:29:27 [ERROR] b' TCP : Unreachable peer'
2026-03-12 08:30:15 [ERROR] b' TCP : Unreachable peer'
2026-03-12 08:30:42 [ERROR] b' TCP : Unreachable peer'
2026-03-12 08:31:20 [ERROR] b' TCP : Unreachable peer'
2026-03-12 08:32:11 [ERROR] b' TCP : Unreachable peer'
2026-03-12 08:32:22 [ERROR] b' TCP : Unreachable peer'
2026-03-12 08:32:48 [ERROR] b' TCP : Unreachable peer'
2026-03-12 08:33:14 [ERROR] b' TCP : Unreachable peer'
2026-03-12 08:33:28 [ERROR] b' TCP : Unreachable peer'
2026-03-12 08:34:06 [ERROR] b' TCP : Unreachable peer'
2026-03-12 08:34:06 [ERROR] b' TCP : Unreachable peer'
2026-03-12 08:37:43 [ERROR] b' TCP : Unreachable peer'
2026-03-12 08:38:36 [ERROR] b' TCP : Unreachable peer'
2026-03-12 08:39:14 [ERROR] b' TCP : Unreachable peer'
2026-03-12 08:39:37 [ERROR] b' TCP : Unreachable peer'
2026-03-12 08:39:48 [ERROR] b' TCP : Unreachable peer'
2026-03-12 08:40:22 [ERROR] b' ISO : An error occurred during recv TCP : Connection timed out'
2026-03-12 08:41:10 [ERROR] b' TCP : Unreachable peer'
2026-03-12 08:42:45 [ERROR] b' TCP : Unreachable peer'
2026-03-12 08:43:42 [ERROR] b' TCP : Unreachable peer'
2026-03-12 08:44:53 [ERROR] b' TCP : Unreachable peer'
2026-03-12 08:46:26 [ERROR] b' TCP : Unreachable peer'
2026-03-12 08:47:12 [ERROR] b' TCP : Unreachable peer'
2026-03-12 08:47:24 [ERROR] b' TCP : Unreachable peer'
2026-03-12 08:50:01 [ERROR] b' TCP : Unreachable peer'
2026-03-12 08:52:04 [ERROR] b' TCP : Unreachable peer'
2026-03-12 08:53:40 [ERROR] b' TCP : Unreachable peer'
2026-03-12 08:54:00 [ERROR] b' ISO : An error occurred during recv TCP : Connection timed out'
2026-03-12 08:55:22 [ERROR] b' TCP : Unreachable peer'
2026-03-12 08:56:04 [ERROR] b' TCP : Unreachable peer'
2026-03-12 08:56:20 [ERROR] b' TCP : Unreachable peer'
2026-03-12 08:57:21 [ERROR] b' ISO : An error occurred during recv TCP : Connection timed out'
2026-03-12 08:57:29 [ERROR] b' TCP : Unreachable peer'
2026-03-12 08:58:31 [ERROR] b' TCP : Unreachable peer'
2026-03-12 08:58:52 [ERROR] b' TCP : Unreachable peer'
2026-03-12 08:59:29 [ERROR] b' TCP : Unreachable peer'
2026-03-12 09:03:19 [ERROR] b' TCP : Unreachable peer'
2026-03-12 09:03:19 [ERROR] b' TCP : Unreachable peer'
2026-03-12 09:03:35 [ERROR] b' TCP : Unreachable peer'
2026-03-12 09:03:39 [ERROR] b' TCP : Unreachable peer'
2026-03-12 09:03:51 [ERROR] b' TCP : Unreachable peer'
2026-03-12 09:04:18 [ERROR] b' TCP : Unreachable peer'
2026-03-12 09:04:22 [ERROR] b' TCP : Unreachable peer'
2026-03-12 09:04:25 [ERROR] b' TCP : Unreachable peer'
2026-03-12 09:10:54 [ERROR] b' ISO : An error occurred during recv TCP : Connection timed out'
2026-03-12 09:12:31 [ERROR] b' TCP : Unreachable peer'
2026-03-12 09:14:05 [ERROR] b' TCP : Unreachable peer'
2026-03-12 09:16:33 [ERROR] b' ISO : An error occurred during recv TCP : Connection timed out'
2026-03-12 09:20:56 [ERROR] b' TCP : Unreachable peer'
2026-03-12 09:21:00 [ERROR] b' ISO : An error occurred during recv TCP : Connection timed out'
2026-03-12 09:22:01 [ERROR] b' TCP : Unreachable peer'
2026-03-12 09:23:08 [ERROR] b' TCP : Unreachable peer'
2026-03-12 09:23:21 [ERROR] b' TCP : Unreachable peer'
2026-03-12 09:24:21 [ERROR] b' TCP : Unreachable peer'
2026-03-12 09:24:37 [ERROR] b' TCP : Unreachable peer'
2026-03-12 09:25:17 [ERROR] b' TCP : Unreachable peer'
2026-03-12 09:25:59 [ERROR] b' TCP : Unreachable peer'
2026-03-12 09:29:08 [ERROR] b' TCP : Unreachable peer'
2026-03-12 09:29:44 [ERROR] b' TCP : Unreachable peer'
2026-03-12 09:29:47 [ERROR] b' ISO : An error occurred during recv TCP : Connection timed out'
2026-03-12 09:30:05 [ERROR] b' ISO : An error occurred during recv TCP : Connection timed out'
2026-03-12 09:30:47 [ERROR] b' TCP : Unreachable peer'
2026-03-12 09:31:56 [ERROR] b' TCP : Unreachable peer'
2026-03-12 09:32:10 [ERROR] b' TCP : Unreachable peer'
2026-03-12 09:32:56 [ERROR] b' ISO : An error occurred during recv TCP : Connection timed out'
2026-03-12 09:33:45 [ERROR] b' TCP : Unreachable peer'
2026-03-12 09:34:10 [ERROR] b' TCP : Unreachable peer'
2026-03-12 09:34:11 [ERROR] b' TCP : Unreachable peer'
2026-03-12 09:35:01 [ERROR] b' TCP : Unreachable peer'
2026-03-12 09:35:11 [ERROR] b' ISO : An error occurred during recv TCP : Connection timed out'
2026-03-12 09:35:15 [ERROR] b' TCP : Unreachable peer'
2026-03-12 09:35:45 [ERROR] b' TCP : Unreachable peer'
2026-03-12 09:36:57 [ERROR] b' TCP : Unreachable peer'
2026-03-12 09:37:24 [ERROR] b' TCP : Unreachable peer'
2026-03-12 09:40:04 [ERROR] b' TCP : Unreachable peer'
2026-03-12 09:43:42 [ERROR] b' TCP : Unreachable peer'
2026-03-12 09:43:51 [ERROR] b' TCP : Unreachable peer'
2026-03-12 09:45:02 [ERROR] b' TCP : Unreachable peer'
2026-03-12 09:45:30 [ERROR] b' TCP : Unreachable peer'
2026-03-12 09:45:31 [ERROR] b' TCP : Unreachable peer'
2026-03-12 09:45:56 [ERROR] b' TCP : Unreachable peer'
2026-03-12 09:46:01 [ERROR] b' TCP : Unreachable peer'
2026-03-12 09:47:08 [ERROR] b' TCP : Unreachable peer'
2026-03-12 09:47:09 [ERROR] b' TCP : Unreachable peer'
2026-03-12 09:48:51 [ERROR] b' TCP : Unreachable peer'
2026-03-12 09:49:06 [ERROR] b' TCP : Unreachable peer'
2026-03-12 09:49:07 [ERROR] b' TCP : Unreachable peer'
2026-03-12 09:49:19 [ERROR] b' TCP : Unreachable peer'
2026-03-12 09:49:26 [ERROR] b' ISO : An error occurred during recv TCP : Connection timed out'
2026-03-12 09:49:29 [ERROR] b' TCP : Unreachable peer'
2026-03-12 09:49:33 [ERROR] b' ISO : An error occurred during recv TCP : Connection timed out'
2026-03-12 09:50:35 [ERROR] b' ISO : An error occurred during recv TCP : Connection timed out'
2026-03-12 09:50:47 [ERROR] b' TCP : Unreachable peer'
2026-03-12 09:50:48 [ERROR] b' TCP : Unreachable peer'
2026-03-12 09:50:50 [ERROR] b' TCP : Unreachable peer'
2026-03-12 09:50:58 [ERROR] b' TCP : Unreachable peer'
2026-03-12 09:51:36 [ERROR] b' ISO : An error occurred during recv TCP : Connection timed out'
2026-03-12 09:58:58 [ERROR] b' ISO : An error occurred during recv TCP : Connection timed out'
2026-03-12 09:59:12 [ERROR] b' TCP : Unreachable peer'
2026-03-12 09:59:16 [ERROR] b' ISO : An error occurred during recv TCP : Connection timed out'
2026-03-12 09:59:41 [ERROR] b' ISO : An error occurred during recv TCP : Connection timed out'
2026-03-12 09:59:42 [ERROR] b' TCP : Unreachable peer'
2026-03-12 10:00:43 [ERROR] b' TCP : Unreachable peer'
2026-03-12 10:01:43 [ERROR] b' ISO : An error occurred during recv TCP : Connection timed out'
2026-03-12 10:01:46 [ERROR] b' ISO : An error occurred during recv TCP : Connection timed out'
2026-03-12 10:02:26 [ERROR] b' TCP : Unreachable peer'
2026-03-12 10:02:37 [ERROR] b' TCP : Unreachable peer'
2026-03-12 10:03:27 [ERROR] b' ISO : An error occurred during recv TCP : Connection timed out'
2026-03-12 10:03:30 [ERROR] b' ISO : An error occurred during recv TCP : Connection timed out'
2026-03-12 10:03:38 [ERROR] b' ISO : An error occurred during recv TCP : Connection timed out'
2026-03-12 10:03:43 [ERROR] b' ISO : An error occurred during recv TCP : Connection timed out'
2026-03-12 10:03:49 [ERROR] b' TCP : Unreachable peer'
2026-03-12 10:03:51 [ERROR] b' TCP : Unreachable peer'
2026-03-12 10:03:53 [ERROR] b' TCP : Unreachable peer'
2026-03-12 10:03:53 [ERROR] b' TCP : Unreachable peer'
2026-03-12 10:03:58 [ERROR] b' ISO : An error occurred during recv TCP : Connection timed out'
2026-03-12 10:03:58 [ERROR] b' TCP : Unreachable peer'
2026-03-12 10:04:02 [ERROR] b' TCP : Unreachable peer'
2026-03-12 10:04:09 [ERROR] b' TCP : Unreachable peer'
2026-03-12 10:04:17 [ERROR] b' TCP : Unreachable peer'
2026-03-12 10:04:18 [ERROR] b' TCP : Unreachable peer'
2026-03-12 10:04:25 [ERROR] b' ISO : An error occurred during recv TCP : Connection timed out'
2026-03-12 10:04:25 [ERROR] b' TCP : Unreachable peer'
2026-03-12 10:04:29 [ERROR] b' ISO : An error occurred during recv TCP : Connection timed out'
2026-03-12 10:04:33 [ERROR] b' ISO : An error occurred during recv TCP : Connection timed out'
2026-03-12 10:04:35 [ERROR] b' TCP : Unreachable peer'
2026-03-12 10:04:38 [ERROR] b' ISO : An error occurred during recv TCP : Connection timed out'
2026-03-12 10:04:38 [ERROR] b' TCP : Unreachable peer'
2026-03-12 10:04:42 [ERROR] b' ISO : An error occurred during recv TCP : Connection timed out'
2026-03-12 10:04:42 [ERROR] b' TCP : Unreachable peer'
2026-03-12 10:04:43 [ERROR] b' TCP : Unreachable peer'
2026-03-12 10:04:48 [ERROR] b' TCP : Unreachable peer'
2026-03-12 10:04:49 [ERROR] b' TCP : Unreachable peer'
2026-03-12 10:04:52 [ERROR] b' TCP : Unreachable peer'
2026-03-12 10:04:54 [ERROR] b' TCP : Unreachable peer'
2026-03-12 10:04:55 [ERROR] b' TCP : Unreachable peer'
2026-03-12 10:05:11 [ERROR] b' ISO : An error occurred during recv TCP : Connection timed out'
2026-03-12 10:05:15 [ERROR] b' ISO : An error occurred during recv TCP : Connection timed out'
2026-03-12 10:05:17 [ERROR] b' TCP : Unreachable peer'
2026-03-12 10:05:23 [ERROR] b' TCP : Unreachable peer'
2026-03-12 10:05:34 [ERROR] b' ISO : An error occurred during recv TCP : Connection timed out'
2026-03-12 10:05:37 [ERROR] b' TCP : Unreachable peer'
2026-03-12 10:05:38 [ERROR] b' TCP : Unreachable peer'
2026-03-12 10:05:43 [ERROR] b' ISO : An error occurred during recv TCP : Connection timed out'
2026-03-12 10:05:46 [ERROR] b' ISO : An error occurred during recv TCP : Connection timed out'
2026-03-12 10:05:49 [ERROR] b' ISO : An error occurred during recv TCP : Connection timed out'
2026-03-12 10:05:50 [ERROR] b' TCP : Unreachable peer'
2026-03-12 10:05:59 [ERROR] b' ISO : An error occurred during recv TCP : Connection timed out'
2026-03-12 10:06:02 [ERROR] b' ISO : An error occurred during recv TCP : Connection timed out'
2026-03-12 10:06:09 [ERROR] b' ISO : An error occurred during recv TCP : Connection timed out'
2026-03-12 10:06:11 [ERROR] b' TCP : Unreachable peer'
2026-03-12 10:06:15 [ERROR] b' TCP : Unreachable peer'
2026-03-12 10:06:16 [ERROR] b' TCP : Unreachable peer'
2026-03-12 10:06:19 [ERROR] b' ISO : An error occurred during recv TCP : Connection timed out'
2026-03-12 10:06:22 [ERROR] b' TCP : Unreachable peer'
2026-03-12 10:06:27 [ERROR] b' ISO : An error occurred during recv TCP : Connection timed out'
2026-03-12 10:06:27 [ERROR] b' TCP : Unreachable peer'
2026-03-12 10:06:27 [ERROR] b' TCP : Unreachable peer'
2026-03-12 10:06:29 [ERROR] b' TCP : Unreachable peer'
2026-03-12 10:06:29 [ERROR] b' TCP : Unreachable peer'
2026-03-12 10:06:30 [ERROR] b' TCP : Unreachable peer'
2026-03-12 10:06:31 [ERROR] b' TCP : Unreachable peer'
2026-03-12 10:06:34 [ERROR] b' ISO : An error occurred during recv TCP : Connection timed out'
2026-03-12 10:06:36 [ERROR] b' TCP : Unreachable peer'
2026-03-12 10:06:44 [ERROR] b' ISO : An error occurred during recv TCP : Connection timed out'
2026-03-12 10:06:45 [ERROR] b' TCP : Unreachable peer'
2026-03-12 10:06:46 [ERROR] b' TCP : Unreachable peer'
2026-03-12 10:06:51 [ERROR] b' ISO : An error occurred during recv TCP : Connection timed out'
2026-03-12 10:06:57 [ERROR] b' ISO : An error occurred during recv TCP : Connection timed out'
2026-03-12 10:06:58 [ERROR] b' TCP : Unreachable peer'
2026-03-12 10:07:04 [ERROR] b' ISO : An error occurred during recv TCP : Connection timed out'
2026-03-12 10:07:16 [ERROR] b' ISO : An error occurred during recv TCP : Connection timed out'
2026-03-12 10:07:23 [ERROR] b' TCP : Unreachable peer'
2026-03-12 10:07:34 [ERROR] b' TCP : Unreachable peer'
2026-03-12 10:07:37 [ERROR] b' TCP : Unreachable peer'
2026-03-12 10:07:37 [ERROR] b' TCP : Unreachable peer'
2026-03-12 10:07:41 [ERROR] b' ISO : An error occurred during recv TCP : Connection timed out'
2026-03-12 10:07:44 [ERROR] b' ISO : An error occurred during recv TCP : Connection timed out'
2026-03-12 10:07:50 [ERROR] b' ISO : An error occurred during recv TCP : Connection timed out'
2026-03-12 10:07:53 [ERROR] b' ISO : An error occurred during recv TCP : Connection timed out'
2026-03-12 10:07:56 [ERROR] b' ISO : An error occurred during recv TCP : Connection timed out'
2026-03-12 10:08:01 [ERROR] b' ISO : An error occurred during recv TCP : Connection timed out'
2026-03-12 10:08:06 [ERROR] b' ISO : An error occurred during recv TCP : Connection timed out'
2026-03-12 10:08:51 [ERROR] b' TCP : Unreachable peer'
2026-03-12 10:09:28 [ERROR] b' TCP : Unreachable peer'
2026-03-12 10:12:44 [ERROR] b' TCP : Unreachable peer'
2026-03-12 10:12:56 [ERROR] b' TCP : Unreachable peer'
2026-03-12 10:13:12 [ERROR] b' TCP : Unreachable peer'
2026-03-12 10:13:39 [ERROR] b' TCP : Unreachable peer'
2026-03-12 10:13:59 [ERROR] b' ISO : An error occurred during recv TCP : Connection timed out'
2026-03-12 10:14:18 [ERROR] b' TCP : Unreachable peer'
2026-03-12 10:14:44 [ERROR] b' TCP : Unreachable peer'
2026-03-12 10:18:18 [ERROR] b' TCP : Unreachable peer'
2026-03-12 10:18:19 [ERROR] b' TCP : Unreachable peer'
2026-03-12 10:18:22 [ERROR] b' ISO : An error occurred during recv TCP : Connection timed out'
2026-03-12 10:19:12 [ERROR] b' ISO : An error occurred during recv TCP : Connection timed out'
2026-03-12 10:19:25 [ERROR] b' TCP : Unreachable peer'
2026-03-12 10:20:43 [ERROR] b' TCP : Unreachable peer'
2026-03-12 10:21:47 [ERROR] b' TCP : Unreachable peer'
2026-03-12 10:27:05 [ERROR] b' ISO : An error occurred during recv TCP : Connection timed out'
2026-03-12 10:27:13 [ERROR] b' TCP : Unreachable peer'
2026-03-12 10:31:02 [ERROR] b' ISO : An error occurred during recv TCP : Connection timed out'
2026-03-12 10:31:18 [ERROR] b' TCP : Unreachable peer'
2026-03-12 10:31:33 [ERROR] b' TCP : Unreachable peer'
2026-03-12 10:31:53 [ERROR] b' TCP : Unreachable peer'
2026-03-12 10:31:58 [ERROR] b' TCP : Unreachable peer'
2026-03-12 10:34:16 [ERROR] b' TCP : Unreachable peer'
2026-03-12 10:35:01 [ERROR] b' TCP : Unreachable peer'
2026-03-12 10:35:01 [ERROR] b' TCP : Unreachable peer'
2026-03-12 10:35:11 [ERROR] b' TCP : Unreachable peer'
2026-03-12 10:35:11 [ERROR] b' TCP : Unreachable peer'
2026-03-12 10:35:12 [ERROR] b' TCP : Unreachable peer'
2026-03-12 10:38:36 [ERROR] b' TCP : Unreachable peer'
2026-03-12 10:39:11 [ERROR] b' TCP : Unreachable peer'
2026-03-12 10:39:13 [ERROR] b' TCP : Unreachable peer'
2026-03-12 10:39:29 [ERROR] b' TCP : Unreachable peer'
2026-03-12 10:39:30 [ERROR] b' TCP : Unreachable peer'
2026-03-12 10:39:56 [ERROR] b' TCP : Unreachable peer'
2026-03-12 10:39:57 [ERROR] b' TCP : Unreachable peer'
2026-03-12 10:39:59 [ERROR] b' TCP : Unreachable peer'
2026-03-12 10:40:12 [ERROR] b' TCP : Unreachable peer'
2026-03-12 10:40:12 [ERROR] b' TCP : Unreachable peer'
2026-03-12 10:40:35 [ERROR] b' TCP : Unreachable peer'
2026-03-12 10:40:45 [ERROR] b' TCP : Unreachable peer'
2026-03-12 10:40:46 [ERROR] b' TCP : Unreachable peer'
2026-03-12 10:41:09 [ERROR] b' TCP : Unreachable peer'
2026-03-12 10:41:10 [ERROR] b' TCP : Unreachable peer'
2026-03-12 10:41:11 [ERROR] b' TCP : Unreachable peer'
2026-03-12 10:41:11 [ERROR] b' TCP : Unreachable peer'
2026-03-12 10:41:12 [ERROR] b' TCP : Unreachable peer'
2026-03-12 10:42:23 [ERROR] b' TCP : Unreachable peer'
2026-03-12 10:42:53 [ERROR] b' TCP : Unreachable peer'
2026-03-12 10:43:24 [ERROR] b' TCP : Unreachable peer'
2026-03-12 10:43:25 [ERROR] b' TCP : Unreachable peer'
2026-03-12 10:43:55 [ERROR] b' TCP : Unreachable peer'
2026-03-12 10:44:08 [ERROR] b' TCP : Unreachable peer'
2026-03-12 10:44:14 [ERROR] b' ISO : An error occurred during recv TCP : Connection timed out'
2026-03-12 10:44:17 [ERROR] b' ISO : An error occurred during recv TCP : Connection timed out'
2026-03-12 10:44:19 [ERROR] b' TCP : Unreachable peer'
2026-03-12 10:44:23 [ERROR] b' ISO : An error occurred during recv TCP : Connection timed out'
2026-03-12 10:44:31 [ERROR] b' ISO : An error occurred during recv TCP : Connection timed out'
2026-03-12 10:44:36 [ERROR] b' ISO : An error occurred during recv TCP : Connection timed out'
2026-03-12 10:44:39 [ERROR] b' ISO : An error occurred during recv TCP : Connection timed out'
2026-03-12 10:44:46 [ERROR] b' ISO : An error occurred during recv TCP : Connection timed out'
2026-03-12 10:44:54 [ERROR] b' TCP : Unreachable peer'
2026-03-12 10:44:58 [ERROR] b' ISO : An error occurred during recv TCP : Connection timed out'
2026-03-12 10:44:59 [ERROR] b' TCP : Unreachable peer'
2026-03-12 10:45:02 [ERROR] b' ISO : An error occurred during recv TCP : Connection timed out'
2026-03-12 10:45:03 [ERROR] b' TCP : Unreachable peer'
2026-03-12 10:45:07 [ERROR] b' ISO : An error occurred during recv TCP : Connection timed out'
2026-03-12 10:45:09 [ERROR] b' TCP : Unreachable peer'
2026-03-12 10:45:22 [ERROR] b' TCP : Unreachable peer'
2026-03-12 10:45:40 [ERROR] b' ISO : An error occurred during recv TCP : Connection timed out'
2026-03-12 10:45:42 [ERROR] b' TCP : Unreachable peer'
2026-03-12 10:45:50 [ERROR] b' TCP : Unreachable peer'
2026-03-12 10:46:14 [ERROR] b' TCP : Unreachable peer'
2026-03-12 10:49:00 [ERROR] b' ISO : An error occurred during recv TCP : Connection timed out'
2026-03-12 10:49:07 [ERROR] b' ISO : An error occurred during recv TCP : Connection timed out'
2026-03-12 10:51:20 [ERROR] b' TCP : Unreachable peer'
2026-03-12 10:53:19 [ERROR] b' TCP : Unreachable peer'
2026-03-12 10:53:31 [ERROR] b' TCP : Unreachable peer'
2026-03-12 10:54:22 [ERROR] b' TCP : Unreachable peer'
2026-03-12 10:55:12 [ERROR] b' TCP : Unreachable peer'
2026-03-12 10:55:48 [ERROR] b' TCP : Unreachable peer'
2026-03-12 10:56:04 [ERROR] b' TCP : Unreachable peer'
2026-03-12 10:56:48 [ERROR] b' TCP : Unreachable peer'
2026-03-12 10:57:44 [ERROR] b' ISO : An error occurred during recv TCP : Connection timed out'
2026-03-12 11:06:02 [ERROR] b' TCP : Unreachable peer'
2026-03-12 11:07:19 [ERROR] b' TCP : Unreachable peer'
2026-03-12 11:07:32 [ERROR] b' TCP : Unreachable peer'
2026-03-12 11:08:01 [ERROR] b' TCP : Unreachable peer'
2026-03-12 11:08:15 [ERROR] b' TCP : Unreachable peer'
2026-03-12 11:09:08 [ERROR] b' TCP : Unreachable peer'
2026-03-12 11:09:30 [ERROR] b' TCP : Unreachable peer'
2026-03-12 11:09:40 [ERROR] b' TCP : Unreachable peer'
2026-03-12 11:10:33 [ERROR] b' TCP : Unreachable peer'
2026-03-12 11:11:02 [ERROR] b' TCP : Unreachable peer'
2026-03-12 11:11:28 [ERROR] b' TCP : Unreachable peer'
2026-03-12 11:11:54 [ERROR] b' TCP : Unreachable peer'
2026-03-12 11:12:04 [ERROR] b' TCP : Unreachable peer'
2026-03-12 11:12:41 [ERROR] b' TCP : Unreachable peer'
2026-03-12 11:14:28 [ERROR] b' TCP : Unreachable peer'
2026-03-12 11:14:55 [ERROR] b' TCP : Unreachable peer'
2026-03-12 11:15:26 [ERROR] b' TCP : Unreachable peer'
2026-03-12 11:16:06 [ERROR] b' TCP : Unreachable peer'
2026-03-12 11:17:49 [ERROR] b' TCP : Unreachable peer'
2026-03-12 11:18:53 [ERROR] b' TCP : Unreachable peer'
2026-03-12 11:19:10 [ERROR] b' TCP : Unreachable peer'
2026-03-12 11:20:40 [ERROR] b' TCP : Unreachable peer'
2026-03-12 11:21:04 [ERROR] b' TCP : Unreachable peer'
2026-03-12 11:22:26 [ERROR] b' TCP : Unreachable peer'
2026-03-12 11:22:41 [ERROR] b' TCP : Unreachable peer'
2026-03-12 11:22:45 [ERROR] b' TCP : Unreachable peer'
2026-03-12 11:23:47 [ERROR] b' TCP : Unreachable peer'
2026-03-12 11:23:48 [ERROR] b' TCP : Unreachable peer'
2026-03-12 11:24:03 [ERROR] b' TCP : Unreachable peer'
2026-03-12 11:24:16 [ERROR] b' TCP : Unreachable peer'
2026-03-12 11:24:22 [ERROR] b' TCP : Unreachable peer'
2026-03-12 11:24:46 [ERROR] b' TCP : Unreachable peer'
2026-03-12 11:24:57 [ERROR] b' TCP : Unreachable peer'
2026-03-12 11:25:27 [ERROR] b' TCP : Unreachable peer'
2026-03-12 11:25:51 [ERROR] b' TCP : Unreachable peer'
2026-03-12 11:25:53 [ERROR] b' TCP : Unreachable peer'
2026-03-12 11:26:11 [ERROR] b' TCP : Unreachable peer'
2026-03-12 11:27:11 [ERROR] b' TCP : Unreachable peer'
2026-03-12 11:27:20 [ERROR] b' TCP : Unreachable peer'
2026-03-12 11:27:21 [ERROR] b' TCP : Unreachable peer'
2026-03-12 11:27:22 [ERROR] b' TCP : Unreachable peer'
2026-03-12 11:27:30 [ERROR] b' ISO : An error occurred during recv TCP : Connection timed out'
2026-03-12 11:27:30 [ERROR] b' TCP : Unreachable peer'
2026-03-12 11:27:33 [ERROR] b' ISO : An error occurred during recv TCP : Connection timed out'
2026-03-12 11:27:50 [ERROR] b' TCP : Unreachable peer'
2026-03-12 11:28:55 [ERROR] b' TCP : Unreachable peer'
2026-03-12 11:29:22 [ERROR] b' TCP : Unreachable peer'
2026-03-12 11:29:36 [ERROR] b' TCP : Unreachable peer'
2026-03-12 11:30:35 [ERROR] b' TCP : Unreachable peer'
2026-03-12 11:30:47 [ERROR] b' TCP : Unreachable peer'
2026-03-12 11:30:59 [ERROR] b' TCP : Unreachable peer'
2026-03-12 11:32:03 [ERROR] b' TCP : Unreachable peer'
2026-03-12 11:32:28 [ERROR] b' TCP : Unreachable peer'
2026-03-12 11:33:56 [ERROR] b' TCP : Unreachable peer'
2026-03-12 11:34:06 [ERROR] b' TCP : Unreachable peer'
2026-03-12 11:34:25 [ERROR] b' TCP : Unreachable peer'
2026-03-12 11:35:39 [ERROR] b' TCP : Unreachable peer'
2026-03-12 11:36:11 [ERROR] b' TCP : Unreachable peer'
2026-03-12 11:36:27 [ERROR] b' TCP : Unreachable peer'
2026-03-12 11:36:28 [ERROR] b' TCP : Unreachable peer'
2026-03-12 11:37:46 [ERROR] b' TCP : Unreachable peer'
2026-03-12 11:37:57 [ERROR] b' TCP : Unreachable peer'
2026-03-12 11:38:22 [ERROR] b' ISO : An error occurred during recv TCP : Connection timed out'
2026-03-12 11:42:12 [ERROR] b' TCP : Unreachable peer'
2026-03-12 11:42:23 [ERROR] b' TCP : Unreachable peer'
2026-03-12 11:44:58 [ERROR] b' ISO : An error occurred during recv TCP : Connection timed out'
2026-03-12 11:52:14 [ERROR] b' TCP : Unreachable peer'
2026-03-12 11:55:09 [ERROR] b' ISO : An error occurred during recv TCP : Connection timed out'
2026-03-12 11:56:37 [ERROR] b' TCP : Unreachable peer'
2026-03-12 12:00:57 [ERROR] b' ISO : An error occurred during recv TCP : Connection timed out'
2026-03-12 12:01:01 [ERROR] b' ISO : An error occurred during recv TCP : Connection timed out'
2026-03-12 12:01:29 [ERROR] b' TCP : Unreachable peer'
2026-03-12 12:03:00 [ERROR] b' TCP : Unreachable peer'
2026-03-12 12:04:09 [ERROR] b' TCP : Unreachable peer'
2026-03-12 12:05:31 [ERROR] b' TCP : Unreachable peer'
2026-03-12 12:05:32 [ERROR] b' TCP : Unreachable peer'
2026-03-12 12:05:35 [ERROR] b' TCP : Unreachable peer'
2026-03-12 12:07:55 [ERROR] b' ISO : An error occurred during recv TCP : Connection timed out'
2026-03-12 12:08:11 [ERROR] b' TCP : Unreachable peer'
2026-03-12 12:11:15 [ERROR] b' TCP : Unreachable peer'
2026-03-12 12:11:39 [ERROR] b' TCP : Unreachable peer'
2026-03-12 12:12:41 [ERROR] b' TCP : Unreachable peer'
2026-03-12 12:13:23 [ERROR] b' TCP : Unreachable peer'
2026-03-12 12:16:49 [ERROR] b' ISO : An error occurred during recv TCP : Connection timed out'
2026-03-12 12:18:40 [ERROR] b' TCP : Unreachable peer'
2026-03-12 12:20:09 [ERROR] b' TCP : Unreachable peer'
2026-03-12 12:22:59 [ERROR] b' TCP : Unreachable peer'
2026-03-12 12:25:40 [ERROR] b' TCP : Unreachable peer'
2026-03-12 12:28:35 [ERROR] b' ISO : An error occurred during recv TCP : Connection timed out'
2026-03-12 12:30:42 [ERROR] b' ISO : An error occurred during recv TCP : Connection timed out'
2026-03-12 12:36:55 [ERROR] b' ISO : An error occurred during recv TCP : Connection timed out'
2026-03-12 12:44:20 [ERROR] b' TCP : Unreachable peer'
2026-03-12 12:44:22 [ERROR] b' TCP : Unreachable peer'
2026-03-12 12:44:32 [ERROR] b' TCP : Unreachable peer'
2026-03-12 12:44:33 [ERROR] b' TCP : Unreachable peer'
2026-03-12 12:44:53 [ERROR] b' ISO : An error occurred during recv TCP : Connection timed out'
2026-03-12 12:44:58 [ERROR] b' TCP : Unreachable peer'
2026-03-12 12:46:02 [ERROR] b' TCP : Unreachable peer'
2026-03-12 12:46:17 [ERROR] b' TCP : Unreachable peer'
2026-03-12 12:46:18 [ERROR] b' TCP : Unreachable peer'
2026-03-12 12:46:20 [ERROR] b' TCP : Unreachable peer'
2026-03-12 12:47:02 [ERROR] b' TCP : Unreachable peer'
2026-03-12 12:47:34 [ERROR] b' TCP : Unreachable peer'
2026-03-12 12:49:32 [ERROR] b' ISO : An error occurred during recv TCP : Connection timed out'
2026-03-12 12:51:55 [ERROR] b' TCP : Unreachable peer'
2026-03-12 13:07:58 [ERROR] b' TCP : Unreachable peer'
2026-03-12 13:11:48 [ERROR] b' TCP : Unreachable peer'
2026-03-12 13:12:41 [ERROR] b' ISO : An error occurred during recv TCP : Connection timed out'
2026-03-12 13:14:31 [ERROR] b' TCP : Unreachable peer'
2026-03-12 13:14:44 [ERROR] b' TCP : Unreachable peer'
2026-03-12 13:15:36 [ERROR] b' TCP : Unreachable peer'
2026-03-12 13:31:20 [ERROR] b' TCP : Unreachable peer'
2026-03-12 13:32:52 [ERROR] b' ISO : An error occurred during recv TCP : Connection timed out'
2026-03-12 13:32:59 [ERROR] b' ISO : An error occurred during recv TCP : Connection timed out'
2026-03-12 13:32:59 [ERROR] b' TCP : Unreachable peer'
2026-03-12 13:33:01 [ERROR] b' TCP : Unreachable peer'
2026-03-12 13:33:04 [ERROR] b' ISO : An error occurred during recv TCP : Connection timed out'
2026-03-12 13:33:27 [ERROR] b' TCP : Unreachable peer'
2026-03-12 13:33:39 [ERROR] b' TCP : Unreachable peer'
2026-03-12 13:34:17 [ERROR] b' TCP : Unreachable peer'
2026-03-12 13:34:29 [ERROR] b' TCP : Unreachable peer'
2026-03-12 13:35:46 [ERROR] b' TCP : Unreachable peer'
2026-03-12 13:36:09 [ERROR] b' TCP : Unreachable peer'
2026-03-12 13:37:26 [ERROR] b' TCP : Unreachable peer'
2026-03-12 13:40:15 [ERROR] b' ISO : An error occurred during recv TCP : Connection timed out'
2026-03-12 13:43:15 [ERROR] b' TCP : Unreachable peer'
2026-03-12 13:46:49 [ERROR] b' TCP : Unreachable peer'
2026-03-12 13:48:03 [ERROR] Unhandled exception:
Traceback (most recent call last):
  File "C:\Users\User\Desktop\RailSafeGUI\gui\ui\analytics_page.py", line 222, in _export_pdf
    from gui.ui.html_report_window import HtmlReportWindow
  File "C:\Users\User\Desktop\RailSafeGUI\gui\ui\html_report_window.py", line 13, in <module>
    from PyQt6.QtWebEngineWidgets import QWebEngineView
ImportError: QtWebEngineWidgets must be imported or Qt.AA_ShareOpenGLContexts must be set before a QCoreApplication instance is created

2026-03-12 13:48:08 [ERROR] b' TCP : Unreachable peer'
2026-03-12 13:48:12 [ERROR] Unhandled exception:
Traceback (most recent call last):
  File "C:\Users\User\Desktop\RailSafeGUI\gui\ui\analytics_page.py", line 222, in _export_pdf
    from gui.ui.html_report_window import HtmlReportWindow
  File "C:\Users\User\Desktop\RailSafeGUI\gui\ui\html_report_window.py", line 13, in <module>
    from PyQt6.QtWebEngineWidgets import QWebEngineView
ImportError: QtWebEngineWidgets must be imported or Qt.AA_ShareOpenGLContexts must be set before a QCoreApplication instance is created

2026-03-12 13:49:38 [ERROR] b' TCP : Unreachable peer'
2026-03-12 13:49:38 [ERROR] Unhandled exception:
Traceback (most recent call last):
  File "C:\Users\User\Desktop\RailSafeGUI\gui\ui\analytics_page.py", line 222, in _export_pdf
    from gui.ui.html_report_window import HtmlReportWindow
  File "C:\Users\User\Desktop\RailSafeGUI\gui\ui\html_report_window.py", line 13, in <module>
    from PyQt6.QtWebEngineWidgets import QWebEngineView
ImportError: QtWebEngineWidgets must be imported or Qt.AA_ShareOpenGLContexts must be set before a QCoreApplication instance is created

2026-03-12 13:49:52 [ERROR] b' TCP : Unreachable peer'
2026-03-12 13:50:04 [ERROR] b' TCP : Unreachable peer'
2026-03-12 13:50:17 [ERROR] b' TCP : Unreachable peer'
2026-03-12 13:50:33 [ERROR] b' TCP : Unreachable peer'
2026-03-12 13:50:59 [ERROR] b' TCP : Unreachable peer'
2026-03-12 13:50:59 [ERROR] b' TCP : Unreachable peer'
2026-03-12 13:51:33 [ERROR] b' TCP : Unreachable peer'
2026-03-12 13:51:49 [ERROR] b' TCP : Unreachable peer'
2026-03-12 13:52:04 [ERROR] b' TCP : Unreachable peer'
2026-03-12 13:52:21 [ERROR] b' TCP : Unreachable peer'
2026-03-12 13:52:25 [ERROR] b' ISO : An error occurred during recv TCP : Connection timed out'
2026-03-12 13:52:37 [ERROR] b' TCP : Unreachable peer'
2026-03-12 13:52:52 [ERROR] b' TCP : Unreachable peer'
2026-03-12 13:53:04 [ERROR] b' TCP : Unreachable peer'
2026-03-12 13:53:04 [ERROR] b' TCP : Unreachable peer'
2026-03-12 13:53:14 [ERROR] b' TCP : Unreachable peer'
2026-03-12 13:53:39 [ERROR] b' TCP : Unreachable peer'
2026-03-12 13:53:43 [ERROR] b' TCP : Unreachable peer'
2026-03-12 13:54:53 [ERROR] b' ISO : An error occurred during recv TCP : Connection timed out'
2026-03-12 13:56:25 [ERROR] b' ISO : An error occurred during recv TCP : Connection timed out'
2026-03-12 13:57:34 [ERROR] b' TCP : Unreachable peer'
2026-03-12 13:57:52 [ERROR] b' TCP : Unreachable peer'
2026-03-12 13:58:46 [ERROR] b' TCP : Unreachable peer'
2026-03-12 13:58:59 [ERROR] b' TCP : Unreachable peer'
2026-03-12 13:59:04 [ERROR] b' TCP : Unreachable peer'
2026-03-12 13:59:10 [ERROR] b' TCP : Unreachable peer'
2026-03-12 13:59:32 [ERROR] b' TCP : Unreachable peer'
2026-03-12 13:59:47 [ERROR] b' TCP : Unreachable peer'
2026-03-12 14:00:05 [ERROR] b' TCP : Unreachable peer'
2026-03-12 14:00:38 [ERROR] b' TCP : Unreachable peer'
2026-03-12 14:00:52 [ERROR] b' TCP : Unreachable peer'
2026-03-12 14:01:40 [ERROR] b' TCP : Unreachable peer'
2026-03-12 14:02:40 [ERROR] b' TCP : Unreachable peer'
2026-03-12 14:03:18 [ERROR] b' TCP : Unreachable peer'
2026-03-12 14:04:12 [ERROR] b' ISO : An error occurred during recv TCP : Connection timed out'
2026-03-12 14:04:15 [ERROR] b' TCP : Unreachable peer'
2026-03-12 14:04:48 [ERROR] b' TCP : Unreachable peer'
2026-03-12 14:04:49 [ERROR] b' TCP : Unreachable peer'
2026-03-12 14:05:31 [ERROR] b' TCP : Unreachable peer'
2026-03-12 14:05:40 [ERROR] b' TCP : Unreachable peer'
2026-03-12 14:06:10 [ERROR] b' TCP : Unreachable peer'
2026-03-12 14:06:35 [ERROR] b' TCP : Unreachable peer'
2026-03-12 14:07:26 [ERROR] b' TCP : Unreachable peer'
2026-03-12 14:07:52 [ERROR] b' TCP : Unreachable peer'
2026-03-12 14:08:05 [ERROR] b' TCP : Unreachable peer'
2026-03-12 14:08:24 [ERROR] b' TCP : Unreachable peer'
2026-03-12 14:08:32 [ERROR] b' TCP : Unreachable peer'
2026-03-12 14:08:33 [ERROR] b' TCP : Unreachable peer'
2026-03-12 14:08:40 [ERROR] b' TCP : Unreachable peer'
2026-03-12 14:08:59 [ERROR] b' TCP : Unreachable peer'
2026-03-12 14:09:07 [ERROR] b' ISO : An error occurred during recv TCP : Connection timed out'
2026-03-12 14:09:16 [ERROR] b' TCP : Unreachable peer'
2026-03-12 14:09:29 [ERROR] b' ISO : An error occurred during recv TCP : Connection timed out'
2026-03-12 14:10:19 [ERROR] b' ISO : An error occurred during recv TCP : Connection timed out'
2026-03-12 14:10:42 [ERROR] b' TCP : Unreachable peer'
2026-03-12 14:11:12 [ERROR] b' TCP : Unreachable peer'
2026-03-12 14:11:52 [ERROR] b' TCP : Unreachable peer'
2026-03-12 14:12:31 [ERROR] b' TCP : Unreachable peer'
2026-03-12 14:13:23 [ERROR] b' TCP : Unreachable peer'
2026-03-12 14:13:50 [ERROR] b' TCP : Unreachable peer'
2026-03-12 14:14:06 [ERROR] b' TCP : Unreachable peer'
2026-03-12 14:14:26 [ERROR] b' TCP : Unreachable peer'
2026-03-12 14:15:03 [ERROR] b' TCP : Unreachable peer'
2026-03-12 14:15:04 [ERROR] b' TCP : Unreachable peer'
2026-03-12 14:15:47 [ERROR] b' TCP : Unreachable peer'
2026-03-12 14:15:59 [ERROR] b' TCP : Unreachable peer'
2026-03-12 14:16:06 [ERROR] b' TCP : Unreachable peer'
2026-03-12 14:16:09 [ERROR] b' TCP : Unreachable peer'
2026-03-12 14:17:45 [ERROR] b' TCP : Unreachable peer'
2026-03-12 14:17:58 [ERROR] b' TCP : Unreachable peer'
2026-03-12 14:18:27 [ERROR] b' ISO : An error occurred during recv TCP : Connection timed out'
2026-03-12 14:25:36 [ERROR] b' TCP : Unreachable peer'
2026-03-12 14:30:06 [ERROR] b' TCP : Unreachable peer'
2026-03-12 14:30:51 [ERROR] b' TCP : Unreachable peer'
2026-03-12 14:31:14 [ERROR] b' TCP : Unreachable peer'
2026-03-12 14:32:09 [ERROR] b' ISO : An error occurred during recv TCP : Connection timed out'
2026-03-12 14:32:16 [ERROR] b' ISO : An error occurred during recv TCP : Connection timed out'
2026-03-12 14:32:54 [ERROR] b' TCP : Unreachable peer'
2026-03-12 14:33:42 [ERROR] b' ISO : An error occurred during recv TCP : Connection timed out'
2026-03-12 14:36:23 [ERROR] b' TCP : Unreachable peer'
2026-03-12 14:36:40 [ERROR] b' TCP : Unreachable peer'
2026-03-12 14:37:08 [ERROR] b' TCP : Unreachable peer'
2026-03-12 14:37:23 [ERROR] b' ISO : An error occurred during recv TCP : Connection timed out'
2026-03-12 14:37:24 [ERROR] b' TCP : Unreachable peer'
2026-03-12 14:37:42 [ERROR] b' TCP : Unreachable peer'
2026-03-12 14:37:47 [ERROR] b' TCP : Unreachable peer'
2026-03-12 14:37:50 [ERROR] b' TCP : Unreachable peer'
2026-03-12 14:37:54 [ERROR] b' ISO : An error occurred during recv TCP : Connection timed out'
2026-03-12 14:38:14 [ERROR] b' ISO : An error occurred during recv TCP : Connection timed out'
2026-03-12 14:39:56 [ERROR] b' TCP : Unreachable peer'
2026-03-12 14:40:38 [ERROR] b' TCP : Unreachable peer'
2026-03-12 14:41:35 [ERROR] b' TCP : Unreachable peer'
2026-03-12 14:42:18 [ERROR] b' TCP : Unreachable peer'
2026-03-12 14:43:05 [ERROR] b' TCP : Unreachable peer'
2026-03-12 14:44:03 [ERROR] b' ISO : An error occurred during recv TCP : Connection timed out'
2026-03-12 14:44:38 [ERROR] b' TCP : Unreachable peer'
2026-03-12 14:45:05 [ERROR] b' TCP : Unreachable peer'
2026-03-12 14:45:13 [ERROR] b' TCP : Unreachable peer'
2026-03-12 14:45:45 [ERROR] b' TCP : Unreachable peer'
2026-03-12 14:46:19 [ERROR] b' TCP : Unreachable peer'
2026-03-12 14:46:33 [ERROR] b' TCP : Unreachable peer'
2026-03-12 14:46:35 [ERROR] b' TCP : Unreachable peer'
2026-03-12 14:46:49 [ERROR] b' TCP : Unreachable peer'
2026-03-12 14:46:51 [ERROR] b' TCP : Unreachable peer'
2026-03-12 14:47:37 [ERROR] b' TCP : Unreachable peer'
2026-03-12 14:47:50 [ERROR] b' TCP : Unreachable peer'
2026-03-12 14:48:16 [ERROR] b' TCP : Unreachable peer'
2026-03-12 14:48:23 [ERROR] b' TCP : Unreachable peer'
2026-03-12 14:48:33 [ERROR] b' TCP : Unreachable peer'
2026-03-12 14:49:08 [ERROR] b' TCP : Unreachable peer'
2026-03-12 14:49:27 [ERROR] b' TCP : Unreachable peer'
2026-03-12 14:49:41 [ERROR] b' TCP : Unreachable peer'
2026-03-12 14:50:00 [ERROR] b' TCP : Unreachable peer'
2026-03-12 14:51:04 [ERROR] b' TCP : Unreachable peer'
2026-03-12 14:51:22 [ERROR] b' ISO : An error occurred during recv TCP : Connection timed out'
2026-03-12 14:51:48 [ERROR] b' TCP : Unreachable peer'
2026-03-12 14:52:10 [ERROR] b' TCP : Unreachable peer'
2026-03-12 14:52:11 [ERROR] b' TCP : Unreachable peer'
2026-03-12 14:53:18 [ERROR] b' TCP : Unreachable peer'
2026-03-12 14:53:40 [ERROR] b' ISO : An error occurred during recv TCP : Connection timed out'
2026-03-12 14:53:53 [ERROR] b' ISO : An error occurred during recv TCP : Connection timed out'
2026-03-12 14:53:56 [ERROR] b' ISO : An error occurred during recv TCP : Connection timed out'
2026-03-12 14:54:01 [ERROR] b' ISO : An error occurred during recv TCP : Connection timed out'
2026-03-12 14:55:50 [ERROR] b' TCP : Unreachable peer'
2026-03-12 14:56:01 [ERROR] b' TCP : Unreachable peer'
2026-03-12 14:56:55 [ERROR] b' TCP : Unreachable peer'
2026-03-12 14:57:57 [ERROR] b' TCP : Unreachable peer'
2026-03-12 14:57:58 [ERROR] b' TCP : Unreachable peer'
2026-03-12 14:57:58 [ERROR] b' TCP : Unreachable peer'
2026-03-12 14:57:59 [ERROR] b' TCP : Unreachable peer'
2026-03-12 14:58:51 [ERROR] b' TCP : Unreachable peer'
2026-03-12 14:58:55 [ERROR] b' TCP : Unreachable peer'
2026-03-12 14:59:34 [ERROR] b' TCP : Unreachable peer'
2026-03-12 15:00:03 [ERROR] b' TCP : Unreachable peer'
2026-03-12 15:00:36 [ERROR] b' ISO : An error occurred during recv TCP : Connection timed out'
2026-03-12 15:00:57 [ERROR] b' TCP : Unreachable peer'
2026-03-12 15:01:10 [ERROR] b' TCP : Unreachable peer'
2026-03-12 15:01:12 [ERROR] b' TCP : Unreachable peer'
2026-03-12 15:01:23 [ERROR] b' ISO : An error occurred during recv TCP : Connection timed out'
2026-03-12 15:02:24 [ERROR] b' TCP : Unreachable peer'
2026-03-12 15:02:29 [ERROR] b' TCP : Unreachable peer'
2026-03-12 15:03:46 [ERROR] b' TCP : Unreachable peer'
2026-03-12 15:03:46 [ERROR] b' TCP : Unreachable peer'
2026-03-12 15:03:56 [ERROR] b' TCP : Unreachable peer'
2026-03-12 15:04:49 [ERROR] b' TCP : Unreachable peer'
2026-03-12 15:06:37 [ERROR] b' TCP : Unreachable peer'
2026-03-12 15:07:08 [ERROR] b' TCP : Unreachable peer'
2026-03-12 15:08:10 [ERROR] b' TCP : Unreachable peer'
2026-03-12 15:09:17 [ERROR] b' TCP : Unreachable peer'
2026-03-12 15:10:24 [ERROR] b' TCP : Unreachable peer'
2026-03-12 15:10:33 [ERROR] b' TCP : Unreachable peer'
2026-03-12 15:10:55 [ERROR] b' TCP : Unreachable peer'
2026-03-12 15:11:03 [ERROR] b' TCP : Unreachable peer'
2026-03-12 15:11:22 [ERROR] b' TCP : Unreachable peer'
2026-03-12 15:12:58 [ERROR] b' ISO : An error occurred during recv TCP : Connection timed out'
2026-03-12 15:13:31 [ERROR] b' TCP : Unreachable peer'
2026-03-12 15:14:58 [ERROR] b' TCP : Unreachable peer'
2026-03-12 15:20:34 [ERROR] b' TCP : Unreachable peer'
2026-03-12 15:26:06 [ERROR] b' ISO : An error occurred during recv TCP : Connection timed out'
2026-03-12 15:26:57 [ERROR] b' ISO : An error occurred during recv TCP : Connection timed out'
2026-03-12 15:27:02 [ERROR] b' ISO : An error occurred during recv TCP : Connection timed out'
2026-03-12 15:27:48 [ERROR] b' TCP : Unreachable peer'
2026-03-12 15:28:13 [ERROR] b' TCP : Unreachable peer'
2026-03-12 15:29:18 [ERROR] b' TCP : Unreachable peer'
2026-03-12 15:29:31 [ERROR] b' ISO : An error occurred during recv TCP : Connection timed out'
2026-03-12 15:30:46 [ERROR] b' TCP : Unreachable peer'
2026-03-12 15:32:22 [ERROR] b' TCP : Unreachable peer'
2026-03-12 15:33:54 [ERROR] b' ISO : An error occurred during recv TCP : Connection timed out'
2026-03-12 15:33:59 [ERROR] b' ISO : An error occurred during recv TCP : Connection timed out'
2026-03-12 15:34:04 [ERROR] b' TCP : Unreachable peer'
2026-03-12 15:35:21 [ERROR] b' TCP : Unreachable peer'
2026-03-12 15:35:53 [ERROR] b' TCP : Unreachable peer'
2026-03-12 15:36:55 [ERROR] b' ISO : An error occurred during recv TCP : Connection timed out'
2026-03-12 15:37:11 [ERROR] b' TCP : Unreachable peer'
2026-03-12 15:37:29 [ERROR] b' TCP : Unreachable peer'
2026-03-12 15:37:43 [ERROR] b' TCP : Unreachable peer'
2026-03-12 15:38:16 [ERROR] b' TCP : Unreachable peer'
2026-03-12 15:38:28 [ERROR] b' TCP : Unreachable peer'
2026-03-12 15:40:44 [ERROR] b' ISO : An error occurred during recv TCP : Connection timed out'
2026-03-12 15:41:11 [ERROR] b' ISO : An error occurred during recv TCP : Connection timed out'
2026-03-12 15:41:15 [ERROR] b' TCP : Unreachable peer'
2026-03-12 15:42:13 [ERROR] b' TCP : Unreachable peer'
2026-03-12 15:42:17 [ERROR] b' TCP : Unreachable peer'
2026-03-12 15:42:18 [ERROR] b' TCP : Unreachable peer'
2026-03-12 15:42:40 [ERROR] b' TCP : Unreachable peer'
2026-03-12 15:42:43 [ERROR] b' TCP : Unreachable peer'
2026-03-12 15:43:28 [ERROR] b' TCP : Unreachable peer'
2026-03-12 15:45:16 [ERROR] b' TCP : Unreachable peer'
2026-03-12 15:45:31 [ERROR] b' TCP : Unreachable peer'
2026-03-12 15:46:18 [ERROR] b' ISO : An error occurred during recv TCP : Connection timed out'
2026-03-12 15:47:28 [ERROR] b' TCP : Unreachable peer'
2026-03-12 15:47:41 [ERROR] b' TCP : Unreachable peer'
2026-03-12 15:49:06 [ERROR] b' ISO : An error occurred during recv TCP : Connection timed out'
2026-03-12 15:51:14 [ERROR] b' TCP : Unreachable peer'
2026-03-12 15:51:30 [ERROR] b' TCP : Unreachable peer'
2026-03-12 15:52:34 [ERROR] b' TCP : Unreachable peer'
2026-03-12 15:52:35 [ERROR] b' TCP : Unreachable peer'
2026-03-12 15:52:38 [ERROR] b' ISO : An error occurred during recv TCP : Connection timed out'
2026-03-12 15:53:45 [ERROR] b' TCP : Unreachable peer'
2026-03-12 15:54:10 [ERROR] b' TCP : Unreachable peer'
2026-03-12 15:54:23 [ERROR] b' TCP : Unreachable peer'
2026-03-12 15:55:51 [ERROR] b' TCP : Unreachable peer'
2026-03-12 15:56:02 [ERROR] b' TCP : Unreachable peer'
2026-03-12 15:56:30 [ERROR] b' TCP : Unreachable peer'
2026-03-12 15:56:53 [ERROR] b' TCP : Unreachable peer'
2026-03-12 15:57:05 [ERROR] b' TCP : Unreachable peer'
2026-03-12 15:57:25 [ERROR] b' ISO : An error occurred during recv TCP : Connection timed out'
2026-03-12 15:58:37 [ERROR] b' TCP : Unreachable peer'
2026-03-12 15:58:52 [ERROR] b' TCP : Unreachable peer'
2026-03-12 15:59:12 [ERROR] b' TCP : Unreachable peer'
2026-03-12 15:59:50 [ERROR] b' TCP : Unreachable peer'
2026-03-12 16:00:46 [ERROR] b' ISO : An error occurred during recv TCP : Connection timed out'
2026-03-12 16:03:15 [ERROR] b' TCP : Unreachable peer'
2026-03-12 16:03:43 [ERROR] b' TCP : Unreachable peer'
2026-03-12 17:26:08 [ERROR] b' TCP : Unreachable peer'
2026-03-12 17:26:25 [ERROR] b' TCP : Unreachable peer'
2026-03-12 17:26:44 [ERROR] b' TCP : Unreachable peer'
2026-03-12 17:27:12 [ERROR] b' TCP : Unreachable peer'
2026-03-12 17:27:13 [ERROR] b' TCP : Unreachable peer'
2026-03-12 17:27:33 [ERROR] b' TCP : Unreachable peer'
2026-03-12 17:27:34 [ERROR] b' TCP : Unreachable peer'
2026-03-12 17:27:37 [ERROR] b' TCP : Unreachable peer'
2026-03-12 17:27:57 [ERROR] b' TCP : Unreachable peer'
2026-03-12 17:28:09 [ERROR] b' ISO : An error occurred during recv TCP : Connection timed out'
2026-03-12 17:28:45 [ERROR] b' ISO : An error occurred during recv TCP : Connection timed out'
2026-03-12 17:28:50 [ERROR] b' TCP : Unreachable peer'
2026-03-12 17:28:50 [ERROR] b' TCP : Unreachable peer'
2026-03-12 17:29:04 [ERROR] b' TCP : Unreachable peer'
2026-03-12 17:29:46 [ERROR] b' TCP : Unreachable peer'
2026-03-12 17:29:59 [ERROR] b' TCP : Unreachable peer'
2026-03-12 17:30:00 [ERROR] b' TCP : Unreachable peer'
2026-03-12 17:30:01 [ERROR] b' TCP : Unreachable peer'
2026-03-12 17:30:11 [ERROR] b' ISO : An error occurred during recv TCP : Connection timed out'
2026-03-12 17:30:11 [ERROR] b' TCP : Unreachable peer'
2026-03-12 17:30:57 [ERROR] b' TCP : Unreachable peer'
2026-03-12 17:31:01 [ERROR] b' ISO : An error occurred during recv TCP : Connection timed out'
2026-03-12 17:31:09 [ERROR] b' TCP : Unreachable peer'
2026-03-12 17:31:16 [ERROR] b' TCP : Unreachable peer'
2026-03-12 17:32:07 [ERROR] b' ISO : An error occurred during recv TCP : Connection timed out'
2026-03-12 17:32:15 [ERROR] b' TCP : Unreachable peer'
2026-03-12 17:32:48 [ERROR] b' TCP : Unreachable peer'
2026-03-12 17:32:50 [ERROR] b' TCP : Unreachable peer'
2026-03-12 17:32:52 [ERROR] b' TCP : Unreachable peer'
2026-03-12 17:33:15 [ERROR] b' TCP : Unreachable peer'
2026-03-12 17:33:19 [ERROR] b' TCP : Unreachable peer'
2026-03-12 17:33:29 [ERROR] b' TCP : Unreachable peer'
2026-03-12 17:33:29 [ERROR] b' TCP : Unreachable peer'
2026-03-12 17:33:38 [ERROR] b' TCP : Unreachable peer'
2026-03-12 17:33:39 [ERROR] b' TCP : Unreachable peer'
2026-03-12 17:33:40 [ERROR] b' TCP : Unreachable peer'
2026-03-12 17:34:04 [ERROR] b' TCP : Unreachable peer'
2026-03-12 17:34:10 [ERROR] b' TCP : Unreachable peer'
2026-03-12 17:34:11 [ERROR] b' TCP : Unreachable peer'
2026-03-12 17:34:13 [ERROR] b' TCP : Unreachable peer'
2026-03-12 17:34:19 [ERROR] b' TCP : Unreachable peer'
2026-03-12 17:34:23 [ERROR] b' TCP : Unreachable peer'
2026-03-12 17:34:42 [ERROR] b' TCP : Unreachable peer'
2026-03-12 17:34:51 [ERROR] b' TCP : Unreachable peer'
2026-03-12 17:34:54 [ERROR] b' TCP : Unreachable peer'
2026-03-12 17:35:49 [ERROR] b' TCP : Unreachable peer'
2026-03-12 17:37:02 [ERROR] b' TCP : Unreachable peer'
2026-03-12 17:37:03 [ERROR] b' TCP : Unreachable peer'
2026-03-12 17:37:38 [ERROR] b' ISO : An error occurred during recv TCP : Connection timed out'
2026-03-12 17:37:47 [ERROR] b' ISO : An error occurred during recv TCP : Connection timed out'
2026-03-12 17:38:21 [ERROR] b' TCP : Unreachable peer'
2026-03-12 17:38:36 [ERROR] b' TCP : Unreachable peer'
2026-03-12 17:38:55 [ERROR] b' TCP : Unreachable peer'
2026-03-12 17:39:14 [ERROR] b' TCP : Unreachable peer'
2026-03-12 17:39:18 [ERROR] b' TCP : Unreachable peer'
2026-03-12 17:39:20 [ERROR] b' TCP : Unreachable peer'
2026-03-12 17:39:23 [ERROR] b' TCP : Unreachable peer'
2026-03-12 17:39:30 [ERROR] b' TCP : Unreachable peer'
2026-03-12 17:39:31 [ERROR] b' TCP : Unreachable peer'
2026-03-12 17:40:00 [ERROR] b' TCP : Unreachable peer'
2026-03-12 17:40:03 [ERROR] b' TCP : Unreachable peer'
2026-03-12 17:40:23 [ERROR] b' TCP : Unreachable peer'
2026-03-12 17:40:50 [ERROR] b' TCP : Unreachable peer'
2026-03-12 17:41:08 [ERROR] b' TCP : Unreachable peer'
2026-03-12 17:41:15 [ERROR] b' TCP : Unreachable peer'
2026-03-12 17:41:18 [ERROR] b' TCP : Unreachable peer'
2026-03-12 17:41:24 [ERROR] b' TCP : Unreachable peer'
2026-03-12 17:41:26 [ERROR] b' TCP : Unreachable peer'
2026-03-12 17:41:30 [ERROR] b' ISO : An error occurred during recv TCP : Connection timed out'
2026-03-12 17:41:42 [ERROR] b' ISO : An error occurred during recv TCP : Connection timed out'
2026-03-12 17:41:57 [ERROR] b' TCP : Unreachable peer'
2026-03-12 17:42:05 [ERROR] b' TCP : Unreachable peer'
2026-03-12 17:42:05 [ERROR] b' TCP : Unreachable peer'
2026-03-12 17:42:08 [ERROR] b' TCP : Unreachable peer'
2026-03-12 17:42:24 [ERROR] b' TCP : Unreachable peer'
2026-03-12 17:42:25 [ERROR] b' TCP : Unreachable peer'
2026-03-12 17:42:27 [ERROR] b' TCP : Unreachable peer'
2026-03-12 17:42:37 [ERROR] b' TCP : Unreachable peer'
2026-03-12 17:42:38 [ERROR] b' TCP : Unreachable peer'
2026-03-12 17:43:52 [ERROR] b' TCP : Unreachable peer'
2026-03-12 17:44:27 [ERROR] b' TCP : Unreachable peer'
2026-03-12 17:44:30 [ERROR] b' TCP : Unreachable peer'
2026-03-12 17:44:31 [ERROR] b' TCP : Unreachable peer'
2026-03-12 17:44:32 [ERROR] b' TCP : Unreachable peer'
2026-03-12 17:44:34 [ERROR] b' TCP : Unreachable peer'
2026-03-12 17:44:34 [ERROR] b' TCP : Unreachable peer'
2026-03-12 17:45:09 [ERROR] b' TCP : Unreachable peer'
2026-03-12 17:45:11 [ERROR] b' TCP : Unreachable peer'
2026-03-12 17:45:17 [ERROR] b' TCP : Unreachable peer'
2026-03-12 17:45:29 [ERROR] b' TCP : Unreachable peer'
2026-03-12 17:46:17 [ERROR] b' TCP : Unreachable peer'
2026-03-12 17:46:21 [ERROR] b' TCP : Unreachable peer'
2026-03-12 17:46:36 [ERROR] b' TCP : Unreachable peer'
2026-03-12 17:47:09 [ERROR] b' TCP : Unreachable peer'
2026-03-12 17:47:18 [ERROR] b' TCP : Unreachable peer'
2026-03-12 17:47:35 [ERROR] b' TCP : Unreachable peer'
2026-03-12 17:47:51 [ERROR] b' TCP : Unreachable peer'
2026-03-12 17:48:00 [ERROR] b' ISO : An error occurred during recv TCP : Connection timed out'
2026-03-12 17:48:03 [ERROR] b' ISO : An error occurred during recv TCP : Connection timed out'
2026-03-12 17:48:09 [ERROR] b' TCP : Unreachable peer'
2026-03-12 17:48:31 [ERROR] b' TCP : Unreachable peer'
2026-03-12 17:48:32 [ERROR] b' TCP : Unreachable peer'
2026-03-12 17:48:51 [ERROR] b' TCP : Unreachable peer'
2026-03-12 17:48:56 [ERROR] b' TCP : Unreachable peer'
2026-03-12 17:49:09 [ERROR] b' TCP : Unreachable peer'
2026-03-12 17:49:17 [ERROR] b' TCP : Unreachable peer'
2026-03-12 17:49:22 [ERROR] b' TCP : Unreachable peer'
2026-03-12 17:49:24 [ERROR] b' TCP : Unreachable peer'
2026-03-12 17:49:25 [ERROR] b' TCP : Unreachable peer'
2026-03-12 17:49:57 [ERROR] b' TCP : Unreachable peer'
2026-03-12 17:50:04 [ERROR] b' TCP : Unreachable peer'
2026-03-12 17:50:05 [ERROR] b' TCP : Unreachable peer'
2026-03-12 17:50:06 [ERROR] b' TCP : Unreachable peer'
2026-03-12 17:50:13 [ERROR] b' TCP : Unreachable peer'
2026-03-12 17:50:13 [ERROR] b' TCP : Unreachable peer'
2026-03-12 17:50:15 [ERROR] b' TCP : Unreachable peer'
2026-03-12 17:50:16 [ERROR] b' TCP : Unreachable peer'
2026-03-12 17:50:35 [ERROR] b' TCP : Unreachable peer'
2026-03-12 17:50:36 [ERROR] b' TCP : Unreachable peer'
2026-03-12 17:51:52 [ERROR] b' TCP : Unreachable peer'
2026-03-12 17:51:57 [ERROR] b' TCP : Unreachable peer'
2026-03-12 17:52:08 [ERROR] b' TCP : Unreachable peer'
2026-03-12 17:52:09 [ERROR] b' TCP : Unreachable peer'
2026-03-12 17:52:09 [ERROR] b' TCP : Unreachable peer'
2026-03-12 17:52:24 [ERROR] b' TCP : Unreachable peer'
2026-03-12 17:52:26 [ERROR] b' TCP : Unreachable peer'
2026-03-12 17:52:29 [ERROR] b' TCP : Unreachable peer'
2026-03-12 17:52:30 [ERROR] b' TCP : Unreachable peer'
2026-03-12 17:52:32 [ERROR] b' TCP : Unreachable peer'
2026-03-12 17:52:50 [ERROR] b' TCP : Unreachable peer'
2026-03-12 17:52:57 [ERROR] b' TCP : Unreachable peer'
2026-03-12 17:53:18 [ERROR] b' TCP : Unreachable peer'
2026-03-12 17:53:28 [ERROR] b' TCP : Unreachable peer'
2026-03-12 17:53:35 [ERROR] b' TCP : Unreachable peer'
2026-03-12 17:53:36 [ERROR] b' TCP : Unreachable peer'
2026-03-12 17:53:36 [ERROR] b' TCP : Unreachable peer'
2026-03-12 17:53:37 [ERROR] b' TCP : Unreachable peer'
2026-03-12 17:53:37 [ERROR] b' TCP : Unreachable peer'
2026-03-12 17:53:38 [ERROR] b' TCP : Unreachable peer'
2026-03-12 17:53:38 [ERROR] b' TCP : Unreachable peer'
2026-03-12 17:53:39 [ERROR] b' TCP : Unreachable peer'
2026-03-12 17:53:45 [ERROR] b' TCP : Unreachable peer'
2026-03-12 17:54:17 [ERROR] b' TCP : Unreachable peer'
2026-03-12 17:54:35 [ERROR] b' ISO : An error occurred during recv TCP : Connection timed out'
2026-03-12 17:54:36 [ERROR] b' TCP : Unreachable peer'
2026-03-12 17:54:37 [ERROR] b' TCP : Unreachable peer'
2026-03-12 17:54:38 [ERROR] b' TCP : Unreachable peer'
2026-03-12 17:54:49 [ERROR] b' ISO : An error occurred during recv TCP : Connection timed out'
2026-03-12 17:55:13 [ERROR] b' TCP : Unreachable peer'
2026-03-12 17:55:16 [ERROR] b' TCP : Unreachable peer'
2026-03-12 17:55:37 [ERROR] b' TCP : Unreachable peer'
2026-03-12 17:55:39 [ERROR] b' TCP : Unreachable peer'
2026-03-12 17:55:46 [ERROR] b' TCP : Unreachable peer'
2026-03-12 17:55:47 [ERROR] b' TCP : Unreachable peer'
2026-03-12 17:55:47 [ERROR] b' TCP : Unreachable peer'
2026-03-12 17:56:05 [ERROR] b' TCP : Unreachable peer'
2026-03-12 17:56:13 [ERROR] b' TCP : Unreachable peer'
2026-03-12 17:56:15 [ERROR] b' TCP : Unreachable peer'
2026-03-12 17:56:16 [ERROR] b' TCP : Unreachable peer'
2026-03-12 17:56:36 [ERROR] b' TCP : Unreachable peer'
2026-03-12 17:56:39 [ERROR] b' TCP : Unreachable peer'
2026-03-12 17:56:39 [ERROR] b' TCP : Unreachable peer'
2026-03-12 17:56:41 [ERROR] b' TCP : Unreachable peer'
2026-03-12 17:56:41 [ERROR] b' TCP : Unreachable peer'
2026-03-12 17:56:43 [ERROR] b' TCP : Unreachable peer'
2026-03-12 17:56:47 [ERROR] b' TCP : Unreachable peer'
2026-03-12 17:56:48 [ERROR] b' TCP : Unreachable peer'
2026-03-12 17:56:48 [ERROR] b' TCP : Unreachable peer'
2026-03-12 17:56:49 [ERROR] b' TCP : Unreachable peer'
2026-03-12 17:56:49 [ERROR] b' TCP : Unreachable peer'
2026-03-12 17:56:50 [ERROR] b' TCP : Unreachable peer'
2026-03-12 17:56:50 [ERROR] b' TCP : Unreachable peer'
2026-03-12 17:56:51 [ERROR] b' TCP : Unreachable peer'
2026-03-12 17:56:51 [ERROR] b' TCP : Unreachable peer'
2026-03-12 17:56:52 [ERROR] b' TCP : Unreachable peer'
2026-03-12 17:56:52 [ERROR] b' TCP : Unreachable peer'
2026-03-12 17:57:05 [ERROR] b' TCP : Unreachable peer'
2026-03-12 17:57:05 [ERROR] b' TCP : Unreachable peer'
2026-03-12 17:57:06 [ERROR] b' TCP : Unreachable peer'
2026-03-12 17:57:08 [ERROR] b' TCP : Unreachable peer'
2026-03-12 17:57:33 [ERROR] b' TCP : Unreachable peer'
2026-03-12 17:58:38 [ERROR] b' TCP : Unreachable peer'
2026-03-12 17:59:00 [ERROR] b' TCP : Unreachable peer'
2026-03-12 17:59:01 [ERROR] b' TCP : Unreachable peer'
2026-03-12 17:59:09 [ERROR] b' ISO : An error occurred during recv TCP : Connection timed out'
2026-03-12 17:59:09 [ERROR] b' TCP : Unreachable peer'
2026-03-12 17:59:14 [ERROR] b' TCP : Unreachable peer'
2026-03-12 17:59:24 [ERROR] b' TCP : Unreachable peer'
2026-03-12 17:59:46 [ERROR] b' TCP : Unreachable peer'
2026-03-12 17:59:57 [ERROR] b' TCP : Unreachable peer'
2026-03-12 18:00:11 [ERROR] b' TCP : Unreachable peer'
2026-03-12 18:00:11 [ERROR] b' TCP : Unreachable peer'
2026-03-12 18:00:18 [ERROR] b' TCP : Unreachable peer'
2026-03-12 18:00:20 [ERROR] b' TCP : Unreachable peer'
2026-03-12 18:00:35 [ERROR] b' TCP : Unreachable peer'
2026-03-12 18:00:41 [ERROR] b' TCP : Unreachable peer'
2026-03-12 18:01:00 [ERROR] b' TCP : Unreachable peer'
2026-03-12 18:01:11 [ERROR] b' TCP : Unreachable peer'
2026-03-12 18:01:50 [ERROR] b' TCP : Unreachable peer'
2026-03-12 18:02:01 [ERROR] b' TCP : Unreachable peer'
2026-03-12 18:02:02 [ERROR] b' TCP : Unreachable peer'
2026-03-12 18:02:08 [ERROR] b' TCP : Unreachable peer'
2026-03-12 18:02:10 [ERROR] b' TCP : Unreachable peer'
2026-03-12 18:03:03 [ERROR] b' TCP : Unreachable peer'
2026-03-12 18:03:04 [ERROR] b' TCP : Unreachable peer'
2026-03-12 18:03:08 [ERROR] b' TCP : Unreachable peer'
2026-03-12 18:03:24 [ERROR] b' TCP : Unreachable peer'
2026-03-12 18:03:41 [ERROR] b' TCP : Unreachable peer'
2026-03-12 18:03:41 [ERROR] b' TCP : Unreachable peer'
2026-03-12 18:03:42 [ERROR] b' TCP : Unreachable peer'
2026-03-12 18:03:42 [ERROR] b' TCP : Unreachable peer'
2026-03-12 18:03:43 [ERROR] b' TCP : Unreachable peer'
2026-03-12 18:03:50 [ERROR] b' TCP : Unreachable peer'
2026-03-12 18:03:51 [ERROR] b' TCP : Unreachable peer'
2026-03-12 18:03:52 [ERROR] b' TCP : Unreachable peer'
2026-03-12 18:03:54 [ERROR] b' TCP : Unreachable peer'
2026-03-12 18:03:58 [ERROR] b' TCP : Unreachable peer'
2026-03-12 18:04:08 [ERROR] b' TCP : Unreachable peer'
2026-03-12 18:04:15 [ERROR] b' TCP : Unreachable peer'
2026-03-12 18:04:31 [ERROR] b' ISO : An error occurred during recv TCP : Connection timed out'
2026-03-12 18:04:37 [ERROR] b' TCP : Unreachable peer'
2026-03-12 18:04:37 [ERROR] b' TCP : Unreachable peer'
2026-03-12 18:04:38 [ERROR] b' TCP : Unreachable peer'
2026-03-12 18:04:39 [ERROR] b' TCP : Unreachable peer'
2026-03-12 18:04:40 [ERROR] b' TCP : Unreachable peer'
2026-03-12 18:04:41 [ERROR] b' TCP : Unreachable peer'
2026-03-12 18:04:41 [ERROR] b' TCP : Unreachable peer'
2026-03-12 18:04:42 [ERROR] b' TCP : Unreachable peer'
2026-03-12 18:04:49 [ERROR] b' TCP : Unreachable peer'
2026-03-12 18:04:55 [ERROR] b' TCP : Unreachable peer'
2026-03-12 18:04:56 [ERROR] b' TCP : Unreachable peer'
2026-03-12 18:04:56 [ERROR] b' TCP : Unreachable peer'
2026-03-12 18:04:58 [ERROR] b' TCP : Unreachable peer'
2026-03-12 18:05:27 [ERROR] b' TCP : Unreachable peer'
2026-03-12 18:05:49 [ERROR] b' TCP : Unreachable peer'
2026-03-12 18:05:58 [ERROR] b' TCP : Unreachable peer'
2026-03-12 18:06:17 [ERROR] b' TCP : Unreachable peer'
2026-03-12 18:06:39 [ERROR] b' TCP : Unreachable peer'
2026-03-12 18:06:45 [ERROR] b' TCP : Unreachable peer'
2026-03-12 18:06:51 [ERROR] b' TCP : Unreachable peer'
2026-03-12 18:07:50 [ERROR] b' TCP : Unreachable peer'
2026-03-12 18:07:51 [ERROR] b' TCP : Unreachable peer'
2026-03-12 18:08:07 [ERROR] b' ISO : An error occurred during recv TCP : Connection timed out'
2026-03-12 18:08:15 [ERROR] b' ISO : An error occurred during recv TCP : Connection timed out'
2026-03-12 18:08:19 [ERROR] b' TCP : Unreachable peer'
2026-03-12 18:08:46 [ERROR] b' ISO : An error occurred during recv TCP : Connection timed out'
2026-03-12 18:10:35 [ERROR] b' TCP : Unreachable peer'
2026-03-12 18:11:00 [ERROR] b' TCP : Unreachable peer'
2026-03-12 18:11:01 [ERROR] b' TCP : Unreachable peer'
2026-03-12 18:11:01 [ERROR] b' TCP : Unreachable peer'
2026-03-12 18:11:02 [ERROR] b' TCP : Unreachable peer'
2026-03-12 18:11:02 [ERROR] b' TCP : Unreachable peer'
2026-03-12 18:11:16 [ERROR] b' ISO : An error occurred during recv TCP : Connection timed out'
2026-03-12 18:12:12 [ERROR] b' ISO : An error occurred during recv TCP : Connection timed out'
2026-03-12 18:12:49 [ERROR] b' TCP : Unreachable peer'
2026-03-12 18:13:20 [ERROR] b' TCP : Unreachable peer'
2026-03-12 18:13:21 [ERROR] b' TCP : Unreachable peer'
2026-03-12 18:13:58 [ERROR] b' ISO : An error occurred during recv TCP : Connection timed out'
2026-03-12 18:14:20 [ERROR] b' ISO : An error occurred during recv TCP : Connection timed out'
2026-03-12 18:14:47 [ERROR] b' TCP : Unreachable peer'
2026-03-12 18:14:53 [ERROR] b' TCP : Unreachable peer'
2026-03-12 18:15:09 [ERROR] b' TCP : Unreachable peer'
2026-03-12 18:15:20 [ERROR] b' TCP : Unreachable peer'
2026-03-12 18:15:44 [ERROR] b' ISO : An error occurred during recv TCP : Connection timed out'
2026-03-12 18:15:46 [ERROR] b' TCP : Unreachable peer'
2026-03-12 18:16:02 [ERROR] b' ISO : An error occurred during recv TCP : Connection timed out'
2026-03-12 18:16:09 [ERROR] b' ISO : An error occurred during recv TCP : Connection timed out'
2026-03-12 18:16:17 [ERROR] b' TCP : Unreachable peer'
2026-03-12 18:16:19 [ERROR] b' TCP : Unreachable peer'
2026-03-12 18:16:20 [ERROR] b' TCP : Unreachable peer'
2026-03-12 18:16:28 [ERROR] b' TCP : Unreachable peer'
2026-03-12 18:16:29 [ERROR] b' TCP : Unreachable peer'
2026-03-12 18:16:50 [ERROR] b' TCP : Unreachable peer'
2026-03-12 18:17:06 [ERROR] b' ISO : An error occurred during recv TCP : Connection timed out'
2026-03-12 18:17:16 [ERROR] b' TCP : Unreachable peer'
2026-03-12 18:18:02 [ERROR] b' TCP : Unreachable peer'
2026-03-12 18:18:03 [ERROR] b' TCP : Unreachable peer'
2026-03-12 18:18:13 [ERROR] b' TCP : Unreachable peer'
2026-03-12 18:18:31 [ERROR] b' TCP : Unreachable peer'
2026-03-12 18:18:32 [ERROR] b' TCP : Unreachable peer'
2026-03-12 18:18:38 [ERROR] b' TCP : Unreachable peer'
2026-03-12 18:18:45 [ERROR] b' TCP : Unreachable peer'
2026-03-12 18:19:10 [ERROR] b' TCP : Unreachable peer'
2026-03-12 18:19:10 [ERROR] b' TCP : Unreachable peer'
2026-03-12 18:19:22 [ERROR] b' TCP : Unreachable peer'
2026-03-12 18:19:36 [ERROR] b' TCP : Unreachable peer'
2026-03-12 18:19:36 [ERROR] b' TCP : Unreachable peer'
2026-03-12 18:19:37 [ERROR] b' TCP : Unreachable peer'
2026-03-12 18:19:52 [ERROR] b' TCP : Unreachable peer'
2026-03-12 18:20:02 [ERROR] b' TCP : Unreachable peer'
2026-03-12 18:20:02 [ERROR] b' TCP : Unreachable peer'
2026-03-12 18:20:43 [ERROR] b' TCP : Unreachable peer'
2026-03-12 18:21:15 [ERROR] b' TCP : Unreachable peer'
2026-03-12 18:21:56 [ERROR] b' ISO : An error occurred during recv TCP : Connection timed out'
2026-03-12 18:21:57 [ERROR] b' TCP : Unreachable peer'
2026-03-12 18:21:58 [ERROR] b' TCP : Unreachable peer'
2026-03-12 18:22:30 [ERROR] b' TCP : Unreachable peer'
2026-03-12 18:22:46 [ERROR] b' TCP : Unreachable peer'
2026-03-12 18:23:00 [ERROR] b' TCP : Unreachable peer'
2026-03-12 18:23:16 [ERROR] b' TCP : Unreachable peer'
2026-03-12 18:23:28 [ERROR] b' TCP : Unreachable peer'
2026-03-12 18:23:38 [ERROR] b' TCP : Unreachable peer'
2026-03-12 18:24:01 [ERROR] b' TCP : Unreachable peer'
2026-03-12 18:24:48 [ERROR] b' ISO : An error occurred during recv TCP : Connection timed out'
2026-03-12 18:24:49 [ERROR] b' TCP : Unreachable peer'
2026-03-12 18:24:53 [ERROR] b' TCP : Unreachable peer'
2026-03-12 18:24:55 [ERROR] b' TCP : Unreachable peer'
2026-03-12 18:24:56 [ERROR] b' TCP : Unreachable peer'
2026-03-12 18:24:57 [ERROR] b' TCP : Unreachable peer'
2026-03-12 18:25:11 [ERROR] b' TCP : Unreachable peer'
2026-03-12 18:25:25 [ERROR] b' TCP : Unreachable peer'
2026-03-12 18:25:38 [ERROR] b' TCP : Unreachable peer'
2026-03-12 18:25:38 [ERROR] b' TCP : Unreachable peer'
2026-03-12 18:25:42 [ERROR] b' ISO : An error occurred during recv TCP : Connection timed out'
2026-03-12 18:25:43 [ERROR] b' TCP : Unreachable peer'
2026-03-12 18:25:44 [ERROR] b' TCP : Unreachable peer'
2026-03-12 18:25:55 [ERROR] b' TCP : Unreachable peer'
2026-03-12 18:25:57 [ERROR] b' TCP : Unreachable peer'
2026-03-12 18:26:04 [ERROR] b' ISO : An error occurred during recv TCP : Connection timed out'
2026-03-12 18:26:22 [ERROR] b' TCP : Unreachable peer'
2026-03-12 18:26:35 [ERROR] b' ISO : An error occurred during recv TCP : Connection timed out'
2026-03-12 18:26:35 [ERROR] b' TCP : Unreachable peer'
2026-03-12 18:26:36 [ERROR] b' TCP : Unreachable peer'
2026-03-12 18:26:37 [ERROR] b' TCP : Unreachable peer'
2026-03-12 18:26:56 [ERROR] b' TCP : Unreachable peer'
2026-03-12 18:27:32 [ERROR] b' TCP : Unreachable peer'
2026-03-12 18:28:20 [ERROR] b' TCP : Unreachable peer'
2026-03-12 18:28:21 [ERROR] b' TCP : Unreachable peer'
2026-03-12 18:28:23 [ERROR] b' TCP : Unreachable peer'
2026-03-12 18:28:39 [ERROR] b' TCP : Unreachable peer'
2026-03-12 18:28:48 [ERROR] b' TCP : Unreachable peer'
2026-03-12 18:29:13 [ERROR] b' TCP : Unreachable peer'
2026-03-12 18:29:41 [ERROR] b' TCP : Unreachable peer'
2026-03-12 18:29:56 [ERROR] b' TCP : Unreachable peer'
2026-03-12 18:29:57 [ERROR] b' TCP : Unreachable peer'
2026-03-12 18:29:58 [ERROR] b' TCP : Unreachable peer'
2026-03-12 18:30:01 [ERROR] b' TCP : Unreachable peer'
2026-03-12 18:31:29 [ERROR] b' TCP : Unreachable peer'
2026-03-12 18:31:45 [ERROR] b' TCP : Unreachable peer'
2026-03-12 18:32:40 [ERROR] b' TCP : Unreachable peer'
2026-03-12 18:33:05 [ERROR] b' TCP : Unreachable peer'
2026-03-12 18:33:13 [ERROR] b' TCP : Unreachable peer'
2026-03-12 18:33:44 [ERROR] b' TCP : Unreachable peer'
2026-03-12 18:34:31 [ERROR] b' TCP : Unreachable peer'
2026-03-12 18:34:32 [ERROR] b' TCP : Unreachable peer'
2026-03-12 18:35:51 [ERROR] b' TCP : Unreachable peer'
2026-03-12 18:36:27 [ERROR] b' TCP : Unreachable peer'
2026-03-12 18:37:17 [ERROR] b' TCP : Unreachable peer'
2026-03-12 18:37:26 [ERROR] b' TCP : Unreachable peer'
2026-03-12 18:38:02 [ERROR] b' ISO : An error occurred during recv TCP : Connection timed out'
2026-03-12 18:38:05 [ERROR] b' TCP : Unreachable peer'
2026-03-12 18:39:19 [ERROR] b' TCP : Unreachable peer'
2026-03-12 18:39:32 [ERROR] b' TCP : Unreachable peer'
2026-03-12 18:39:47 [ERROR] b' TCP : Unreachable peer'
2026-03-12 18:40:03 [ERROR] b' TCP : Unreachable peer'
2026-03-12 18:40:43 [ERROR] b' TCP : Unreachable peer'
2026-03-12 18:41:20 [ERROR] b' TCP : Unreachable peer'
2026-03-12 18:41:41 [ERROR] b' TCP : Unreachable peer'
2026-03-12 18:41:42 [ERROR] b' TCP : Unreachable peer'
2026-03-12 18:41:42 [ERROR] b' TCP : Unreachable peer'
2026-03-12 18:41:43 [ERROR] b' TCP : Unreachable peer'
2026-03-12 18:42:01 [ERROR] b' TCP : Unreachable peer'
2026-03-12 18:42:07 [ERROR] b' TCP : Unreachable peer'
2026-03-12 18:43:37 [ERROR] b' TCP : Unreachable peer'
2026-03-12 18:44:45 [ERROR] b' TCP : Unreachable peer'
2026-03-12 18:44:50 [ERROR] b' TCP : Unreachable peer'
2026-03-12 18:44:58 [ERROR] b' TCP : Unreachable peer'
2026-03-12 18:45:08 [ERROR] b' TCP : Unreachable peer'
2026-03-12 18:45:17 [ERROR] b' TCP : Unreachable peer'
2026-03-12 18:45:28 [ERROR] b' TCP : Unreachable peer'
2026-03-12 18:45:31 [ERROR] b' TCP : Unreachable peer'
2026-03-12 18:45:52 [ERROR] b' TCP : Unreachable peer'
2026-03-12 18:46:07 [ERROR] b' TCP : Unreachable peer'
2026-03-12 18:46:07 [ERROR] b' TCP : Unreachable peer'
2026-03-12 18:46:22 [ERROR] b' TCP : Unreachable peer'
2026-03-12 18:46:25 [ERROR] b' TCP : Unreachable peer'
2026-03-12 18:46:28 [ERROR] b' TCP : Unreachable peer'
2026-03-12 18:46:39 [ERROR] b' TCP : Unreachable peer'
2026-03-12 18:46:57 [ERROR] b' TCP : Unreachable peer'
2026-03-12 18:47:01 [ERROR] b' TCP : Unreachable peer'
2026-03-12 18:47:14 [ERROR] b' TCP : Unreachable peer'
2026-03-12 18:47:28 [ERROR] b' TCP : Unreachable peer'
2026-03-12 18:47:47 [ERROR] b' TCP : Unreachable peer'
2026-03-12 18:47:58 [ERROR] b' TCP : Unreachable peer'
2026-03-12 18:48:37 [ERROR] b' TCP : Unreachable peer'
2026-03-12 18:48:38 [ERROR] b' TCP : Unreachable peer'
2026-03-12 18:48:39 [ERROR] b' TCP : Unreachable peer'
2026-03-12 18:48:40 [ERROR] b' TCP : Unreachable peer'
2026-03-12 18:48:50 [ERROR] b' TCP : Unreachable peer'
2026-03-12 18:49:01 [ERROR] b' TCP : Unreachable peer'
2026-03-12 18:49:04 [ERROR] b' TCP : Unreachable peer'
2026-03-12 18:49:18 [ERROR] b' TCP : Unreachable peer'
2026-03-12 18:49:20 [ERROR] b' TCP : Unreachable peer'
2026-03-12 18:49:30 [ERROR] b' TCP : Unreachable peer'
2026-03-12 18:49:40 [ERROR] b' TCP : Unreachable peer'
2026-03-12 18:49:54 [ERROR] b' TCP : Unreachable peer'
2026-03-12 18:49:56 [ERROR] b' TCP : Unreachable peer'
2026-03-12 18:50:08 [ERROR] b' TCP : Unreachable peer'
2026-03-12 18:51:15 [ERROR] b' TCP : Unreachable peer'
2026-03-12 18:51:46 [ERROR] b' TCP : Unreachable peer'
2026-03-12 18:52:01 [ERROR] b' TCP : Unreachable peer'
2026-03-12 18:52:56 [ERROR] b' TCP : Unreachable peer'
2026-03-12 18:53:11 [ERROR] b' TCP : Unreachable peer'
2026-03-12 18:53:34 [ERROR] b' TCP : Unreachable peer'
2026-03-12 18:53:35 [ERROR] b' TCP : Unreachable peer'
2026-03-12 18:53:43 [ERROR] b' TCP : Unreachable peer'
2026-03-12 18:55:01 [ERROR] b' TCP : Unreachable peer'
2026-03-12 18:55:27 [ERROR] b' TCP : Unreachable peer'
2026-03-12 18:55:46 [ERROR] b' TCP : Unreachable peer'
2026-03-12 18:56:45 [ERROR] b' TCP : Unreachable peer'
2026-03-12 18:56:51 [ERROR] b' TCP : Unreachable peer'
2026-03-12 18:56:51 [ERROR] b' TCP : Unreachable peer'
2026-03-12 18:57:05 [ERROR] b' TCP : Unreachable peer'
2026-03-12 18:57:07 [ERROR] b' TCP : Unreachable peer'
2026-03-12 18:57:22 [ERROR] b' TCP : Unreachable peer'
2026-03-12 18:57:38 [ERROR] b' TCP : Unreachable peer'
2026-03-12 18:59:24 [ERROR] b' TCP : Unreachable peer'
2026-03-12 18:59:25 [ERROR] b' TCP : Unreachable peer'
2026-03-12 19:01:27 [ERROR] b' TCP : Unreachable peer'
2026-03-12 19:01:42 [ERROR] b' TCP : Unreachable peer'
2026-03-12 19:01:53 [ERROR] b' TCP : Unreachable peer'
2026-03-12 19:02:34 [ERROR] b' TCP : Unreachable peer'
2026-03-12 19:02:37 [ERROR] b' TCP : Unreachable peer'
2026-03-12 19:02:42 [ERROR] b' TCP : Unreachable peer'
2026-03-12 19:02:43 [ERROR] b' TCP : Unreachable peer'
2026-03-12 19:03:06 [ERROR] b' TCP : Unreachable peer'
2026-03-12 19:03:21 [ERROR] b' TCP : Unreachable peer'
2026-03-12 19:04:27 [ERROR] b' TCP : Unreachable peer'
2026-03-12 19:04:40 [ERROR] b' TCP : Unreachable peer'
2026-03-12 19:04:43 [ERROR] b' TCP : Unreachable peer'
2026-03-12 19:06:18 [ERROR] b' TCP : Unreachable peer'
2026-03-12 19:07:41 [ERROR] b' TCP : Unreachable peer'
2026-03-12 19:08:38 [ERROR] b' TCP : Unreachable peer'
2026-03-12 19:09:16 [ERROR] b' ISO : An error occurred during recv TCP : Connection timed out'
2026-03-12 19:09:51 [ERROR] b' TCP : Unreachable peer'
2026-03-12 19:11:03 [ERROR] b' TCP : Unreachable peer'
2026-03-12 19:14:05 [ERROR] b' TCP : Unreachable peer'
2026-03-12 19:14:45 [ERROR] b' TCP : Unreachable peer'
2026-03-12 19:17:05 [ERROR] b' TCP : Unreachable peer'
2026-03-12 19:17:05 [ERROR] b' TCP : Unreachable peer'
2026-03-12 19:17:06 [ERROR] b' TCP : Unreachable peer'
2026-03-12 19:17:06 [ERROR] b' TCP : Unreachable peer'
2026-03-12 19:17:07 [ERROR] b' TCP : Unreachable peer'
2026-03-12 19:17:27 [ERROR] b' TCP : Unreachable peer'
2026-03-12 19:17:45 [ERROR] b' TCP : Unreachable peer'
2026-03-12 19:18:43 [ERROR] b' TCP : Unreachable peer'
2026-03-12 19:20:21 [ERROR] b' TCP : Unreachable peer'
2026-03-12 19:20:40 [ERROR] b' TCP : Unreachable peer'
2026-03-12 19:20:53 [ERROR] b' TCP : Unreachable peer'
2026-03-12 19:22:38 [ERROR] b' TCP : Unreachable peer'
2026-03-12 19:23:33 [ERROR] b' TCP : Unreachable peer'
2026-03-12 19:23:51 [ERROR] b' TCP : Unreachable peer'
2026-03-12 19:24:12 [ERROR] b' TCP : Unreachable peer'
2026-03-12 19:25:34 [ERROR] b' TCP : Unreachable peer'
2026-03-12 19:26:41 [ERROR] b' TCP : Unreachable peer'
2026-03-12 19:29:18 [ERROR] b' TCP : Unreachable peer'
2026-03-12 19:29:19 [ERROR] b' TCP : Unreachable peer'
2026-03-12 19:30:49 [ERROR] b' TCP : Unreachable peer'
2026-03-12 19:31:04 [ERROR] b' TCP : Unreachable peer'
2026-03-12 19:31:32 [ERROR] b' TCP : Unreachable peer'
2026-03-12 19:31:35 [ERROR] b' TCP : Unreachable peer'
2026-03-12 19:32:04 [ERROR] b' TCP : Unreachable peer'
2026-03-12 19:32:22 [ERROR] b' TCP : Unreachable peer'
2026-03-12 19:32:50 [ERROR] b' TCP : Unreachable peer'
2026-03-12 19:32:50 [ERROR] b' TCP : Unreachable peer'
2026-03-12 19:32:51 [ERROR] b' TCP : Unreachable peer'
2026-03-12 19:32:54 [ERROR] b' TCP : Unreachable peer'
2026-03-12 19:33:04 [ERROR] b' ISO : An error occurred during recv TCP : Connection timed out'
2026-03-12 19:33:30 [ERROR] b' TCP : Unreachable peer'
2026-03-12 19:33:43 [ERROR] b' TCP : Unreachable peer'
2026-03-12 19:33:48 [ERROR] b' TCP : Unreachable peer'
2026-03-12 19:34:02 [ERROR] b' TCP : Unreachable peer'
2026-03-12 19:34:13 [ERROR] b' TCP : Unreachable peer'
2026-03-12 19:34:44 [ERROR] b' TCP : Unreachable peer'
2026-03-12 19:35:30 [ERROR] b' TCP : Unreachable peer'
2026-03-12 19:36:03 [ERROR] b' ISO : An error occurred during recv TCP : Connection timed out'
2026-03-12 19:36:21 [ERROR] b' TCP : Unreachable peer'
2026-03-12 19:36:57 [ERROR] b' TCP : Unreachable peer'
2026-03-12 19:37:54 [ERROR] b' TCP : Unreachable peer'
2026-03-12 19:38:16 [ERROR] b' TCP : Unreachable peer'
2026-03-12 19:38:38 [ERROR] b' TCP : Unreachable peer'
2026-03-12 19:39:24 [ERROR] b' TCP : Unreachable peer'
2026-03-12 19:39:28 [ERROR] b' ISO : An error occurred during recv TCP : Connection timed out'
2026-03-12 19:41:06 [ERROR] b' TCP : Unreachable peer'
2026-03-12 19:41:44 [ERROR] b' TCP : Unreachable peer'
2026-03-12 19:41:59 [ERROR] b' TCP : Unreachable peer'
2026-03-12 19:42:15 [ERROR] b' TCP : Unreachable peer'
2026-03-12 19:43:12 [ERROR] b' ISO : An error occurred during recv TCP : Connection timed out'
2026-03-12 19:45:12 [ERROR] b' TCP : Unreachable peer'
2026-03-12 19:45:38 [ERROR] b' TCP : Unreachable peer'
2026-03-12 19:46:12 [ERROR] b' TCP : Unreachable peer'
2026-03-12 19:47:10 [ERROR] b' TCP : Unreachable peer'
2026-03-12 19:47:31 [ERROR] b' TCP : Unreachable peer'
2026-03-12 19:49:27 [ERROR] b' TCP : Unreachable peer'
2026-03-12 19:49:27 [ERROR] b' TCP : Unreachable peer'
2026-03-12 19:49:39 [ERROR] b' TCP : Unreachable peer'
2026-03-12 19:51:19 [ERROR] b' TCP : Unreachable peer'
2026-03-12 19:51:59 [ERROR] b' TCP : Unreachable peer'
2026-03-12 19:52:50 [ERROR] b' TCP : Unreachable peer'
2026-03-12 19:53:27 [ERROR] b' TCP : Unreachable peer'
2026-03-12 19:54:03 [ERROR] b' TCP : Unreachable peer'
2026-03-12 19:54:23 [ERROR] b' TCP : Unreachable peer'
2026-03-12 19:54:37 [ERROR] b' TCP : Unreachable peer'
2026-03-12 19:55:06 [ERROR] b' TCP : Unreachable peer'
2026-03-12 19:55:24 [ERROR] b' TCP : Unreachable peer'
2026-03-12 19:55:40 [ERROR] b' TCP : Unreachable peer'
2026-03-12 19:55:54 [ERROR] b' TCP : Unreachable peer'
2026-03-12 19:57:07 [ERROR] b' TCP : Unreachable peer'
2026-03-12 19:57:22 [ERROR] b' TCP : Unreachable peer'
2026-03-12 19:57:43 [ERROR] b' TCP : Unreachable peer'
2026-03-12 19:57:58 [ERROR] b' TCP : Unreachable peer'
2026-03-12 19:58:17 [ERROR] b' TCP : Unreachable peer'
2026-03-12 19:58:32 [ERROR] b' TCP : Unreachable peer'
2026-03-12 19:58:45 [ERROR] b' TCP : Unreachable peer'
2026-03-12 19:59:02 [ERROR] b' TCP : Unreachable peer'
2026-03-12 19:59:43 [ERROR] b' TCP : Unreachable peer'
2026-03-12 20:00:46 [ERROR] b' TCP : Unreachable peer'
2026-03-12 20:00:57 [ERROR] b' TCP : Unreachable peer'
2026-03-12 20:00:57 [ERROR] b' TCP : Unreachable peer'
2026-03-12 20:02:20 [ERROR] b' TCP : Unreachable peer'
2026-03-12 20:03:17 [ERROR] b' TCP : Unreachable peer'
2026-03-12 20:03:33 [ERROR] b' TCP : Unreachable peer'
2026-03-12 20:04:04 [ERROR] b' TCP : Unreachable peer'
2026-03-12 20:04:07 [ERROR] b' TCP : Unreachable peer'
2026-03-12 20:04:11 [ERROR] b' TCP : Unreachable peer'
2026-03-12 20:04:27 [ERROR] b' TCP : Unreachable peer'
2026-03-12 20:04:46 [ERROR] b' TCP : Unreachable peer'
2026-03-12 20:04:50 [ERROR] b' TCP : Unreachable peer'
2026-03-12 20:05:22 [ERROR] b' TCP : Unreachable peer'
2026-03-12 20:05:38 [ERROR] b' TCP : Unreachable peer'
2026-03-12 20:05:55 [ERROR] b' TCP : Unreachable peer'
2026-03-12 20:06:35 [ERROR] b' TCP : Unreachable peer'
2026-03-12 20:06:58 [ERROR] b' TCP : Unreachable peer'
2026-03-12 20:07:13 [ERROR] b' TCP : Unreachable peer'
2026-03-12 20:07:29 [ERROR] b' TCP : Unreachable peer'
2026-03-12 20:07:33 [ERROR] b' TCP : Unreachable peer'
2026-03-12 20:07:58 [ERROR] b' TCP : Unreachable peer'
2026-03-12 20:08:02 [ERROR] b' TCP : Unreachable peer'
2026-03-12 20:08:45 [ERROR] b' TCP : Unreachable peer'
2026-03-12 20:08:48 [ERROR] b' TCP : Unreachable peer'
2026-03-12 20:08:51 [ERROR] b' TCP : Unreachable peer'
2026-03-12 20:09:11 [ERROR] b' TCP : Unreachable peer'
2026-03-12 20:09:27 [ERROR] b' TCP : Unreachable peer'
2026-03-12 20:09:49 [ERROR] b' TCP : Unreachable peer'
2026-03-12 20:11:13 [ERROR] b' TCP : Unreachable peer'
2026-03-12 20:12:43 [ERROR] b' TCP : Unreachable peer'
2026-03-12 20:14:58 [ERROR] b' TCP : Unreachable peer'
2026-03-12 20:15:24 [ERROR] b' TCP : Unreachable peer'
2026-03-12 20:15:43 [ERROR] b' TCP : Unreachable peer'
2026-03-12 20:16:05 [ERROR] b' TCP : Unreachable peer'
2026-03-12 20:16:21 [ERROR] b' TCP : Unreachable peer'
2026-03-12 20:16:37 [ERROR] b' TCP : Unreachable peer'
2026-03-12 20:17:00 [ERROR] b' ISO : An error occurred during recv TCP : Connection timed out'
2026-03-12 20:17:25 [ERROR] b' TCP : Unreachable peer'
2026-03-12 20:17:40 [ERROR] b' TCP : Unreachable peer'
2026-03-12 20:19:34 [ERROR] b' TCP : Unreachable peer'
2026-03-12 20:19:50 [ERROR] b' TCP : Unreachable peer'
2026-03-12 20:20:45 [ERROR] b' TCP : Unreachable peer'
2026-03-12 20:21:23 [ERROR] b' TCP : Unreachable peer'
2026-03-12 20:21:43 [ERROR] b' TCP : Unreachable peer'
2026-03-12 20:22:58 [ERROR] b' TCP : Unreachable peer'
2026-03-12 20:23:52 [ERROR] b' TCP : Unreachable peer'
2026-03-12 20:24:10 [ERROR] b' TCP : Unreachable peer'
2026-03-12 20:24:50 [ERROR] b' TCP : Unreachable peer'
2026-03-12 20:25:39 [ERROR] b' TCP : Unreachable peer'
2026-03-12 20:25:47 [ERROR] b' TCP : Unreachable peer'
2026-03-12 20:25:47 [ERROR] b' TCP : Unreachable peer'
2026-03-12 20:26:01 [ERROR] b' TCP : Unreachable peer'
2026-03-12 20:26:02 [ERROR] b' TCP : Unreachable peer'
2026-03-12 20:30:06 [ERROR] b' TCP : Unreachable peer'
2026-03-12 20:30:24 [ERROR] b' TCP : Unreachable peer'
2026-03-12 20:31:32 [ERROR] b' TCP : Unreachable peer'
2026-03-12 20:31:53 [ERROR] b' TCP : Unreachable peer'
2026-03-12 20:32:40 [ERROR] b' TCP : Unreachable peer'
2026-03-12 20:33:40 [ERROR] b' TCP : Unreachable peer'
2026-03-12 20:33:55 [ERROR] b' TCP : Unreachable peer'
2026-03-12 20:33:56 [ERROR] b' TCP : Unreachable peer'
2026-03-12 20:34:13 [ERROR] b' TCP : Unreachable peer'
2026-03-12 20:35:11 [ERROR] b' TCP : Unreachable peer'
2026-03-12 20:35:33 [ERROR] b' TCP : Unreachable peer'
2026-03-12 20:36:41 [ERROR] b' TCP : Unreachable peer'
2026-03-12 20:38:56 [ERROR] b' TCP : Unreachable peer'
2026-03-12 20:39:34 [ERROR] b' TCP : Unreachable peer'
2026-03-12 20:39:46 [ERROR] b' TCP : Unreachable peer'
2026-03-12 20:39:59 [ERROR] b' TCP : Unreachable peer'
2026-03-12 20:41:20 [ERROR] b' TCP : Unreachable peer'
2026-03-12 20:41:35 [ERROR] b' TCP : Unreachable peer'
2026-03-12 20:42:50 [ERROR] b' TCP : Unreachable peer'
2026-03-12 20:43:27 [ERROR] b' TCP : Unreachable peer'
2026-03-12 20:43:46 [ERROR] b' TCP : Unreachable peer'
2026-03-12 20:45:25 [ERROR] b' TCP : Unreachable peer'
2026-03-12 20:45:41 [ERROR] b' TCP : Unreachable peer'
2026-03-12 20:46:10 [ERROR] b' TCP : Unreachable peer'
2026-03-12 20:46:32 [ERROR] b' TCP : Unreachable peer'
2026-03-12 20:47:09 [ERROR] b' TCP : Unreachable peer'
2026-03-12 20:48:18 [ERROR] b' TCP : Unreachable peer'
2026-03-12 20:49:05 [ERROR] b' TCP : Unreachable peer'
2026-03-12 20:49:52 [ERROR] b' TCP : Unreachable peer'
2026-03-12 20:50:47 [ERROR] b' TCP : Unreachable peer'
2026-03-12 20:52:37 [ERROR] b' TCP : Unreachable peer'
2026-03-12 20:52:53 [ERROR] b' TCP : Unreachable peer'
2026-03-12 20:53:29 [ERROR] b' TCP : Unreachable peer'
2026-03-12 20:53:32 [ERROR] b' TCP : Unreachable peer'
2026-03-12 20:53:34 [ERROR] b' TCP : Unreachable peer'
2026-03-12 20:53:47 [ERROR] b' TCP : Unreachable peer'
2026-03-12 20:55:00 [ERROR] b' TCP : Unreachable peer'
2026-03-12 20:55:23 [ERROR] b' TCP : Unreachable peer'
2026-03-12 20:56:12 [ERROR] b' TCP : Unreachable peer'
2026-03-12 20:56:46 [ERROR] b' TCP : Unreachable peer'
2026-03-12 20:56:47 [ERROR] b' TCP : Unreachable peer'
2026-03-12 20:57:41 [ERROR] b' TCP : Unreachable peer'
2026-03-12 20:57:57 [ERROR] b' TCP : Unreachable peer'
2026-03-12 20:58:37 [ERROR] b' TCP : Unreachable peer'
2026-03-12 20:58:57 [ERROR] b' TCP : Unreachable peer'
2026-03-12 20:58:58 [ERROR] b' TCP : Unreachable peer'
2026-03-12 20:59:16 [ERROR] b' TCP : Unreachable peer'
2026-03-12 20:59:31 [ERROR] b' TCP : Unreachable peer'
2026-03-12 20:59:49 [ERROR] b' TCP : Unreachable peer'
2026-03-12 20:59:50 [ERROR] b' TCP : Unreachable peer'
2026-03-12 21:00:07 [ERROR] b' TCP : Unreachable peer'
2026-03-12 21:01:19 [ERROR] b' TCP : Unreachable peer'
2026-03-12 21:01:36 [ERROR] b' TCP : Unreachable peer'
2026-03-12 21:02:46 [ERROR] b' TCP : Unreachable peer'
2026-03-12 21:03:01 [ERROR] b' TCP : Unreachable peer'
2026-03-12 21:03:19 [ERROR] b' TCP : Unreachable peer'
2026-03-12 21:03:21 [ERROR] b' TCP : Unreachable peer'
2026-03-12 21:03:39 [ERROR] b' TCP : Unreachable peer'
2026-03-12 21:04:18 [ERROR] b' TCP : Unreachable peer'
2026-03-12 21:04:56 [ERROR] b' TCP : Unreachable peer'
2026-03-12 21:05:04 [ERROR] b' TCP : Unreachable peer'
2026-03-12 21:05:18 [ERROR] b' TCP : Unreachable peer'
2026-03-12 21:06:17 [ERROR] b' TCP : Unreachable peer'
2026-03-12 21:07:12 [ERROR] b' TCP : Unreachable peer'
2026-03-12 21:07:43 [ERROR] b' ISO : An error occurred during recv TCP : Connection timed out'
2026-03-12 21:08:20 [ERROR] b' TCP : Unreachable peer'
2026-03-12 21:08:22 [ERROR] b' TCP : Unreachable peer'
2026-03-12 21:09:05 [ERROR] b' TCP : Unreachable peer'
2026-03-12 21:09:41 [ERROR] b' TCP : Unreachable peer'
2026-03-12 21:09:41 [ERROR] b' TCP : Unreachable peer'
2026-03-12 21:09:43 [ERROR] b' TCP : Unreachable peer'
2026-03-12 21:10:34 [ERROR] b' TCP : Unreachable peer'
2026-03-12 21:10:37 [ERROR] b' TCP : Unreachable peer'
2026-03-12 21:10:51 [ERROR] b' TCP : Unreachable peer'
2026-03-12 21:10:53 [ERROR] b' TCP : Unreachable peer'
2026-03-12 21:11:11 [ERROR] b' TCP : Unreachable peer'
2026-03-12 21:11:16 [ERROR] b' TCP : Unreachable peer'
2026-03-12 21:11:28 [ERROR] b' TCP : Unreachable peer'
2026-03-12 21:11:32 [ERROR] b' TCP : Unreachable peer'
2026-03-12 21:11:49 [ERROR] b' TCP : Unreachable peer'
2026-03-12 21:12:04 [ERROR] b' TCP : Unreachable peer'
2026-03-12 21:12:47 [ERROR] b' TCP : Unreachable peer'
2026-03-12 21:13:46 [ERROR] b' TCP : Unreachable peer'
2026-03-12 21:14:38 [ERROR] b' TCP : Unreachable peer'
2026-03-12 21:15:06 [ERROR] b' TCP : Unreachable peer'
2026-03-12 21:16:15 [ERROR] b' TCP : Unreachable peer'
2026-03-12 21:16:35 [ERROR] b' TCP : Unreachable peer'
2026-03-12 21:17:31 [ERROR] b' TCP : Unreachable peer'
2026-03-12 21:17:52 [ERROR] b' TCP : Unreachable peer'
2026-03-12 21:19:05 [ERROR] b' TCP : Unreachable peer'
2026-03-12 21:19:43 [ERROR] b' TCP : Unreachable peer'
2026-03-12 21:20:03 [ERROR] b' TCP : Unreachable peer'
2026-03-12 21:20:20 [ERROR] b' TCP : Unreachable peer'
2026-03-12 21:21:17 [ERROR] b' TCP : Unreachable peer'
2026-03-12 21:21:32 [ERROR] b' TCP : Unreachable peer'
2026-03-12 21:21:50 [ERROR] b' TCP : Unreachable peer'
2026-03-12 21:21:51 [ERROR] b' TCP : Unreachable peer'
2026-03-12 21:21:55 [ERROR] b' ISO : An error occurred during recv TCP : Connection timed out'
2026-03-12 21:21:55 [ERROR] b' TCP : Unreachable peer'
2026-03-12 21:21:55 [ERROR] b' TCP : Unreachable peer'
2026-03-12 21:21:56 [ERROR] b' TCP : Unreachable peer'
2026-03-12 21:21:56 [ERROR] b' TCP : Unreachable peer'
2026-03-12 21:21:57 [ERROR] b' TCP : Unreachable peer'
2026-03-12 21:21:57 [ERROR] b' TCP : Unreachable peer'
2026-03-12 21:21:58 [ERROR] b' TCP : Unreachable peer'
2026-03-12 21:21:58 [ERROR] b' TCP : Unreachable peer'
2026-03-12 21:21:59 [ERROR] b' TCP : Unreachable peer'
2026-03-12 21:21:59 [ERROR] b' TCP : Unreachable peer'
2026-03-12 21:22:00 [ERROR] b' TCP : Unreachable peer'
2026-03-12 21:22:00 [ERROR] b' TCP : Unreachable peer'
2026-03-12 21:22:01 [ERROR] b' TCP : Unreachable peer'
2026-03-12 21:22:01 [ERROR] b' TCP : Unreachable peer'
2026-03-12 21:22:02 [ERROR] b' TCP : Unreachable peer'
2026-03-12 21:22:02 [ERROR] b' TCP : Unreachable peer'
2026-03-12 21:22:03 [ERROR] b' TCP : Unreachable peer'
2026-03-12 21:22:03 [ERROR] b' TCP : Unreachable peer'
2026-03-12 21:22:04 [ERROR] b' TCP : Unreachable peer'
2026-03-12 21:22:04 [ERROR] b' TCP : Unreachable peer'
2026-03-12 21:22:05 [ERROR] b' TCP : Unreachable peer'
2026-03-12 21:22:05 [ERROR] b' TCP : Unreachable peer'
2026-03-12 21:22:06 [ERROR] b' TCP : Unreachable peer'
2026-03-12 21:22:06 [ERROR] b' TCP : Unreachable peer'
2026-03-12 21:22:07 [ERROR] b' TCP : Unreachable peer'
2026-03-12 21:22:08 [ERROR] b' TCP : Unreachable peer'
2026-03-12 21:22:08 [ERROR] b' TCP : Unreachable peer'
2026-03-12 21:22:09 [ERROR] b' TCP : Unreachable peer'
2026-03-12 21:22:09 [ERROR] b' TCP : Unreachable peer'
2026-03-12 21:22:10 [ERROR] b' TCP : Unreachable peer'
2026-03-12 21:22:10 [ERROR] b' TCP : Unreachable peer'
2026-03-12 21:22:11 [ERROR] b' TCP : Unreachable peer'
2026-03-12 21:22:11 [ERROR] b' TCP : Unreachable peer'
2026-03-12 21:22:12 [ERROR] b' TCP : Unreachable peer'
2026-03-12 21:22:12 [ERROR] b' TCP : Unreachable peer'
2026-03-12 21:22:13 [ERROR] b' TCP : Unreachable peer'
2026-03-12 21:22:13 [ERROR] b' TCP : Unreachable peer'
2026-03-12 21:22:14 [ERROR] b' TCP : Unreachable peer'
2026-03-12 21:22:14 [ERROR] b' TCP : Unreachable peer'
2026-03-12 21:22:15 [ERROR] b' TCP : Unreachable peer'
2026-03-12 21:22:15 [ERROR] b' TCP : Unreachable peer'
2026-03-12 21:22:16 [ERROR] b' TCP : Unreachable peer'
2026-03-12 21:22:16 [ERROR] b' TCP : Unreachable peer'
2026-03-12 21:22:17 [ERROR] b' TCP : Unreachable peer'
2026-03-12 21:22:17 [ERROR] b' TCP : Unreachable peer'
2026-03-12 21:22:18 [ERROR] b' TCP : Unreachable peer'
2026-03-12 21:22:18 [ERROR] b' TCP : Unreachable peer'
2026-03-12 21:22:19 [ERROR] b' TCP : Unreachable peer'
2026-03-12 21:22:19 [ERROR] b' TCP : Unreachable peer'
2026-03-12 21:22:20 [ERROR] b' TCP : Unreachable peer'
2026-03-12 21:22:20 [ERROR] b' TCP : Unreachable peer'
2026-03-12 21:22:21 [ERROR] b' TCP : Unreachable peer'
2026-03-12 21:22:21 [ERROR] b' TCP : Unreachable peer'
2026-03-12 21:22:22 [ERROR] b' TCP : Unreachable peer'
2026-03-12 21:22:22 [ERROR] b' TCP : Unreachable peer'
2026-03-12 21:22:23 [ERROR] b' TCP : Unreachable peer'
2026-03-12 21:22:23 [ERROR] b' TCP : Unreachable peer'
2026-03-12 21:22:24 [ERROR] b' TCP : Unreachable peer'
2026-03-12 21:22:24 [ERROR] b' TCP : Unreachable peer'
2026-03-12 21:22:25 [ERROR] b' TCP : Unreachable peer'
2026-03-12 21:22:25 [ERROR] b' TCP : Unreachable peer'
2026-03-12 21:22:26 [ERROR] b' TCP : Unreachable peer'
2026-03-12 21:22:26 [ERROR] b' TCP : Unreachable peer'
2026-03-12 21:22:27 [ERROR] b' TCP : Unreachable peer'
2026-03-12 21:22:27 [ERROR] b' TCP : Unreachable peer'
2026-03-12 21:22:28 [ERROR] b' TCP : Unreachable peer'
2026-03-12 21:22:28 [ERROR] b' TCP : Unreachable peer'
2026-03-12 21:22:29 [ERROR] b' TCP : Unreachable peer'
2026-03-12 21:22:29 [ERROR] b' TCP : Unreachable peer'
2026-03-12 21:22:30 [ERROR] b' TCP : Unreachable peer'
2026-03-12 21:22:30 [ERROR] b' TCP : Unreachable peer'
2026-03-12 21:22:31 [ERROR] b' TCP : Unreachable peer'
2026-03-12 21:22:31 [ERROR] b' TCP : Unreachable peer'
2026-03-12 21:22:32 [ERROR] b' TCP : Unreachable peer'
2026-03-12 21:22:32 [ERROR] b' TCP : Unreachable peer'
2026-03-12 21:22:33 [ERROR] b' TCP : Unreachable peer'
2026-03-12 21:22:33 [ERROR] b' TCP : Unreachable peer'
2026-03-12 21:22:34 [ERROR] b' TCP : Unreachable peer'
2026-03-12 21:22:34 [ERROR] b' TCP : Unreachable peer'
2026-03-12 21:22:35 [ERROR] b' TCP : Unreachable peer'
2026-03-12 21:22:35 [ERROR] b' TCP : Unreachable peer'
2026-03-12 21:22:36 [ERROR] b' TCP : Unreachable peer'
2026-03-12 21:22:36 [ERROR] b' TCP : Unreachable peer'
2026-03-12 21:22:37 [ERROR] b' TCP : Unreachable peer'
2026-03-12 21:22:37 [ERROR] b' TCP : Unreachable peer'
2026-03-12 21:22:38 [ERROR] b' TCP : Unreachable peer'
2026-03-12 21:22:38 [ERROR] b' TCP : Unreachable peer'
2026-03-12 21:22:39 [ERROR] b' TCP : Unreachable peer'
2026-03-12 21:22:39 [ERROR] b' TCP : Unreachable peer'
2026-03-12 21:22:40 [ERROR] b' TCP : Unreachable peer'
2026-03-12 21:22:40 [ERROR] b' TCP : Unreachable peer'
2026-03-12 21:22:41 [ERROR] b' TCP : Unreachable peer'
2026-03-12 21:22:41 [ERROR] b' TCP : Unreachable peer'
2026-03-12 21:22:42 [ERROR] b' TCP : Unreachable peer'
2026-03-12 21:22:42 [ERROR] b' TCP : Unreachable peer'
2026-03-12 21:22:43 [ERROR] b' TCP : Unreachable peer'
2026-03-12 21:22:43 [ERROR] b' TCP : Unreachable peer'
2026-03-12 21:22:44 [ERROR] b' TCP : Unreachable peer'
2026-03-12 21:22:44 [ERROR] b' TCP : Unreachable peer'
2026-03-12 21:22:45 [ERROR] b' TCP : Unreachable peer'
2026-03-12 21:22:45 [ERROR] b' TCP : Unreachable peer'
2026-03-12 21:22:46 [ERROR] b' TCP : Unreachable peer'
2026-03-12 21:22:46 [ERROR] b' TCP : Unreachable peer'
2026-03-12 21:22:47 [ERROR] b' TCP : Unreachable peer'
2026-03-12 21:22:47 [ERROR] b' TCP : Unreachable peer'
2026-03-12 21:22:48 [ERROR] b' TCP : Unreachable peer'
2026-03-12 21:22:48 [ERROR] b' TCP : Unreachable peer'
2026-03-12 21:22:49 [ERROR] b' TCP : Unreachable peer'
2026-03-12 21:22:49 [ERROR] b' TCP : Unreachable peer'
2026-03-12 21:22:50 [ERROR] b' TCP : Unreachable peer'
2026-03-12 21:22:50 [ERROR] b' TCP : Unreachable peer'
2026-03-12 21:22:51 [ERROR] b' TCP : Unreachable peer'
2026-03-12 21:22:51 [ERROR] b' TCP : Unreachable peer'
2026-03-12 21:22:52 [ERROR] b' TCP : Unreachable peer'
2026-03-12 21:22:52 [ERROR] b' TCP : Unreachable peer'
2026-03-12 21:22:53 [ERROR] b' TCP : Unreachable peer'
2026-03-12 21:22:53 [ERROR] b' TCP : Unreachable peer'
2026-03-12 21:22:54 [ERROR] b' TCP : Unreachable peer'
2026-03-12 21:22:54 [ERROR] b' TCP : Unreachable peer'
2026-03-12 21:22:55 [ERROR] b' TCP : Unreachable peer'
2026-03-12 21:22:55 [ERROR] b' TCP : Unreachable peer'
2026-03-12 21:22:56 [ERROR] b' TCP : Unreachable peer'
2026-03-12 21:22:56 [ERROR] b' TCP : Unreachable peer'
2026-03-12 21:22:57 [ERROR] b' TCP : Unreachable peer'
2026-03-12 21:22:57 [ERROR] b' TCP : Unreachable peer'
2026-03-12 21:22:58 [ERROR] b' TCP : Unreachable peer'
2026-03-12 21:22:58 [ERROR] b' TCP : Unreachable peer'
2026-03-12 21:22:59 [ERROR] b' TCP : Unreachable peer'
2026-03-12 21:23:00 [ERROR] b' TCP : Unreachable peer'
2026-03-12 21:23:00 [ERROR] b' TCP : Unreachable peer'
2026-03-12 21:23:01 [ERROR] b' TCP : Unreachable peer'
2026-03-12 21:23:01 [ERROR] b' TCP : Unreachable peer'
2026-03-12 21:23:02 [ERROR] b' TCP : Unreachable peer'
2026-03-12 21:23:02 [ERROR] b' TCP : Unreachable peer'
2026-03-12 21:23:03 [ERROR] b' TCP : Unreachable peer'
2026-03-12 21:23:03 [ERROR] b' TCP : Unreachable peer'
2026-03-12 21:23:04 [ERROR] b' TCP : Unreachable peer'
2026-03-12 21:23:04 [ERROR] b' TCP : Unreachable peer'
2026-03-12 21:23:05 [ERROR] b' TCP : Unreachable peer'
2026-03-12 21:23:05 [ERROR] b' TCP : Unreachable peer'
2026-03-12 21:23:06 [ERROR] b' TCP : Unreachable peer'
2026-03-12 21:23:06 [ERROR] b' TCP : Unreachable peer'
2026-03-12 21:23:07 [ERROR] b' TCP : Unreachable peer'
2026-03-12 21:23:07 [ERROR] b' TCP : Unreachable peer'
2026-03-12 21:23:08 [ERROR] b' TCP : Unreachable peer'
2026-03-12 21:23:08 [ERROR] b' TCP : Unreachable peer'
2026-03-12 21:23:09 [ERROR] b' TCP : Unreachable peer'
2026-03-12 21:23:09 [ERROR] b' TCP : Unreachable peer'
2026-03-12 21:23:10 [ERROR] b' TCP : Unreachable peer'
2026-03-12 21:23:10 [ERROR] b' TCP : Unreachable peer'
2026-03-12 21:23:11 [ERROR] b' TCP : Unreachable peer'
2026-03-12 21:23:11 [ERROR] b' TCP : Unreachable peer'
2026-03-12 21:23:12 [ERROR] b' TCP : Unreachable peer'
2026-03-12 21:23:12 [ERROR] b' TCP : Unreachable peer'
2026-03-12 21:23:13 [ERROR] b' TCP : Unreachable peer'
2026-03-12 21:23:13 [ERROR] b' TCP : Unreachable peer'
2026-03-12 21:23:14 [ERROR] b' TCP : Unreachable peer'
2026-03-12 21:23:14 [ERROR] b' TCP : Unreachable peer'
2026-03-12 21:23:15 [ERROR] b' TCP : Unreachable peer'
2026-03-12 21:23:15 [ERROR] b' TCP : Unreachable peer'
2026-03-12 21:23:16 [ERROR] b' TCP : Unreachable peer'
2026-03-12 21:23:16 [ERROR] b' TCP : Unreachable peer'
2026-03-12 21:23:17 [ERROR] b' TCP : Unreachable peer'
2026-03-12 21:23:17 [ERROR] b' TCP : Unreachable peer'
2026-03-12 21:23:18 [ERROR] b' TCP : Unreachable peer'
2026-03-12 21:23:18 [ERROR] b' TCP : Unreachable peer'
2026-03-12 21:23:19 [ERROR] b' TCP : Unreachable peer'
2026-03-12 21:23:19 [ERROR] b' TCP : Unreachable peer'
2026-03-12 21:23:20 [ERROR] b' TCP : Unreachable peer'
2026-03-12 21:23:20 [ERROR] b' TCP : Unreachable peer'
2026-03-12 21:23:21 [ERROR] b' TCP : Unreachable peer'
2026-03-12 21:23:21 [ERROR] b' TCP : Unreachable peer'
2026-03-12 21:23:22 [ERROR] b' TCP : Unreachable peer'
2026-03-12 21:23:22 [ERROR] b' TCP : Unreachable peer'
2026-03-12 21:23:23 [ERROR] b' TCP : Unreachable peer'
2026-03-12 21:23:23 [ERROR] b' TCP : Unreachable peer'
2026-03-12 21:23:24 [ERROR] b' TCP : Unreachable peer'
2026-03-12 21:23:24 [ERROR] b' TCP : Unreachable peer'
2026-03-12 21:23:25 [ERROR] b' TCP : Unreachable peer'
2026-03-12 21:23:26 [ERROR] b' TCP : Unreachable peer'
2026-03-12 21:23:26 [ERROR] b' TCP : Unreachable peer'
2026-03-12 21:23:27 [ERROR] b' TCP : Unreachable peer'
2026-03-12 21:23:27 [ERROR] b' TCP : Unreachable peer'
2026-03-12 21:23:28 [ERROR] b' TCP : Unreachable peer'
2026-03-12 21:23:28 [ERROR] b' TCP : Unreachable peer'
2026-03-12 21:23:29 [ERROR] b' TCP : Unreachable peer'
2026-03-12 21:23:29 [ERROR] b' TCP : Unreachable peer'
2026-03-12 21:23:30 [ERROR] b' TCP : Unreachable peer'
2026-03-12 21:23:30 [ERROR] b' TCP : Unreachable peer'
2026-03-12 21:23:31 [ERROR] b' TCP : Unreachable peer'
2026-03-12 21:23:31 [ERROR] b' TCP : Unreachable peer'
2026-03-12 21:23:32 [ERROR] b' TCP : Unreachable peer'
2026-03-12 21:23:32 [ERROR] b' TCP : Unreachable peer'
2026-03-12 21:23:33 [ERROR] b' TCP : Unreachable peer'
2026-03-12 21:23:33 [ERROR] b' TCP : Unreachable peer'
2026-03-12 21:23:34 [ERROR] b' TCP : Unreachable peer'
2026-03-12 21:23:34 [ERROR] b' TCP : Unreachable peer'
2026-03-12 21:23:35 [ERROR] b' TCP : Unreachable peer'
2026-03-12 21:23:35 [ERROR] b' TCP : Unreachable peer'
2026-03-12 21:23:36 [ERROR] b' TCP : Unreachable peer'
2026-03-12 21:23:36 [ERROR] b' TCP : Unreachable peer'
2026-03-12 21:23:37 [ERROR] b' TCP : Unreachable peer'
2026-03-12 21:23:37 [ERROR] b' TCP : Unreachable peer'
2026-03-12 21:23:38 [ERROR] b' TCP : Unreachable peer'
2026-03-12 21:23:38 [ERROR] b' TCP : Unreachable peer'
2026-03-12 21:23:39 [ERROR] b' TCP : Unreachable peer'
2026-03-12 21:23:39 [ERROR] b' TCP : Unreachable peer'
2026-03-12 21:23:40 [ERROR] b' TCP : Unreachable peer'
2026-03-12 21:23:40 [ERROR] b' TCP : Unreachable peer'
2026-03-12 21:23:41 [ERROR] b' TCP : Unreachable peer'
2026-03-12 21:23:41 [ERROR] b' TCP : Unreachable peer'
2026-03-12 21:23:42 [ERROR] b' TCP : Unreachable peer'
2026-03-12 21:23:42 [ERROR] b' TCP : Unreachable peer'
2026-03-12 21:23:43 [ERROR] b' TCP : Unreachable peer'
2026-03-12 21:23:43 [ERROR] b' TCP : Unreachable peer'
2026-03-12 21:23:44 [ERROR] b' TCP : Unreachable peer'
2026-03-12 21:23:44 [ERROR] b' TCP : Unreachable peer'
2026-03-12 21:23:45 [ERROR] b' TCP : Unreachable peer'
2026-03-12 21:23:45 [ERROR] b' TCP : Unreachable peer'
2026-03-12 21:23:46 [ERROR] b' TCP : Unreachable peer'
2026-03-12 21:23:46 [ERROR] b' TCP : Unreachable peer'
2026-03-12 21:23:47 [ERROR] b' TCP : Unreachable peer'
2026-03-12 21:23:47 [ERROR] b' TCP : Unreachable peer'
2026-03-12 21:23:48 [ERROR] b' TCP : Unreachable peer'
2026-03-12 21:23:48 [ERROR] b' TCP : Unreachable peer'
2026-03-12 21:23:49 [ERROR] b' TCP : Unreachable peer'
2026-03-12 21:23:49 [ERROR] b' TCP : Unreachable peer'
2026-03-12 21:23:50 [ERROR] b' TCP : Unreachable peer'
2026-03-12 21:23:50 [ERROR] b' TCP : Unreachable peer'
2026-03-12 21:23:51 [ERROR] b' TCP : Unreachable peer'
2026-03-12 21:23:52 [ERROR] b' TCP : Unreachable peer'
2026-03-12 21:23:52 [ERROR] b' TCP : Unreachable peer'
2026-03-12 21:23:53 [ERROR] b' TCP : Unreachable peer'
2026-03-12 21:23:53 [ERROR] b' TCP : Unreachable peer'
2026-03-12 21:23:54 [ERROR] b' TCP : Unreachable peer'
2026-03-12 21:23:54 [ERROR] b' TCP : Unreachable peer'
2026-03-12 21:23:55 [ERROR] b' TCP : Unreachable peer'
2026-03-12 21:23:55 [ERROR] b' TCP : Unreachable peer'
2026-03-12 21:23:56 [ERROR] b' TCP : Unreachable peer'
2026-03-12 21:23:56 [ERROR] b' TCP : Unreachable peer'
2026-03-12 21:23:57 [ERROR] b' TCP : Unreachable peer'
2026-03-12 21:23:57 [ERROR] b' TCP : Unreachable peer'
2026-03-12 21:23:58 [ERROR] b' TCP : Unreachable peer'
2026-03-12 21:23:58 [ERROR] b' TCP : Unreachable peer'
2026-03-12 21:23:59 [ERROR] b' TCP : Unreachable peer'
2026-03-12 21:23:59 [ERROR] b' TCP : Unreachable peer'
2026-03-12 21:24:00 [ERROR] b' TCP : Unreachable peer'
2026-03-12 21:24:00 [ERROR] b' TCP : Unreachable peer'
2026-03-12 21:24:01 [ERROR] b' TCP : Unreachable peer'
2026-03-12 21:24:01 [ERROR] b' TCP : Unreachable peer'
2026-03-12 21:24:02 [ERROR] b' TCP : Unreachable peer'
2026-03-12 21:24:02 [ERROR] b' TCP : Unreachable peer'
2026-03-12 21:24:03 [ERROR] b' TCP : Unreachable peer'
2026-03-12 21:24:03 [ERROR] b' TCP : Unreachable peer'
2026-03-12 21:24:04 [ERROR] b' TCP : Unreachable peer'
2026-03-12 21:24:04 [ERROR] b' TCP : Unreachable peer'
2026-03-12 21:24:05 [ERROR] b' TCP : Unreachable peer'
2026-03-12 21:24:05 [ERROR] b' TCP : Unreachable peer'
2026-03-12 21:24:06 [ERROR] b' TCP : Unreachable peer'
2026-03-12 21:24:06 [ERROR] b' TCP : Unreachable peer'
2026-03-12 21:24:07 [ERROR] b' TCP : Unreachable peer'
2026-03-12 21:24:07 [ERROR] b' TCP : Unreachable peer'
2026-03-12 21:24:08 [ERROR] b' TCP : Unreachable peer'
2026-03-12 21:24:08 [ERROR] b' TCP : Unreachable peer'
2026-03-12 21:24:09 [ERROR] b' TCP : Unreachable peer'
2026-03-12 21:24:09 [ERROR] b' TCP : Unreachable peer'
2026-03-12 21:24:10 [ERROR] b' TCP : Unreachable peer'
2026-03-12 21:24:10 [ERROR] b' TCP : Unreachable peer'
2026-03-12 21:24:11 [ERROR] b' TCP : Unreachable peer'
2026-03-12 21:24:12 [ERROR] b' TCP : Unreachable peer'
2026-03-12 21:24:12 [ERROR] b' TCP : Unreachable peer'
2026-03-12 21:24:13 [ERROR] b' TCP : Unreachable peer'
2026-03-12 21:24:13 [ERROR] b' TCP : Unreachable peer'
2026-03-12 21:24:14 [ERROR] b' TCP : Unreachable peer'
2026-03-12 21:24:14 [ERROR] b' TCP : Unreachable peer'
2026-03-12 21:24:15 [ERROR] b' TCP : Unreachable peer'
2026-03-12 21:24:15 [ERROR] b' TCP : Unreachable peer'
2026-03-12 21:24:16 [ERROR] b' TCP : Unreachable peer'
2026-03-12 21:24:16 [ERROR] b' TCP : Unreachable peer'
2026-03-12 21:24:17 [ERROR] b' TCP : Unreachable peer'
2026-03-12 21:24:17 [ERROR] b' TCP : Unreachable peer'
2026-03-12 21:24:18 [ERROR] b' TCP : Unreachable peer'
2026-03-12 21:24:18 [ERROR] b' TCP : Unreachable peer'
2026-03-12 21:24:19 [ERROR] b' TCP : Unreachable peer'
2026-03-12 21:24:19 [ERROR] b' TCP : Unreachable peer'
2026-03-12 21:24:20 [ERROR] b' TCP : Unreachable peer'
2026-03-12 21:24:20 [ERROR] b' TCP : Unreachable peer'
2026-03-12 21:24:21 [ERROR] b' TCP : Unreachable peer'
2026-03-12 21:24:21 [ERROR] b' TCP : Unreachable peer'
2026-03-12 21:24:22 [ERROR] b' TCP : Unreachable peer'
2026-03-12 21:24:22 [ERROR] b' TCP : Unreachable peer'
2026-03-12 21:24:23 [ERROR] b' TCP : Unreachable peer'
2026-03-12 21:24:23 [ERROR] b' TCP : Unreachable peer'
2026-03-12 21:24:24 [ERROR] b' TCP : Unreachable peer'
2026-03-12 21:24:24 [ERROR] b' TCP : Unreachable peer'
2026-03-12 21:24:25 [ERROR] b' TCP : Unreachable peer'
2026-03-12 21:24:25 [ERROR] b' TCP : Unreachable peer'
2026-03-12 21:24:26 [ERROR] b' TCP : Unreachable peer'
2026-03-12 21:24:26 [ERROR] b' TCP : Unreachable peer'
2026-03-12 21:24:27 [ERROR] b' TCP : Unreachable peer'
2026-03-12 21:24:27 [ERROR] b' TCP : Unreachable peer'
2026-03-12 21:24:28 [ERROR] b' TCP : Unreachable peer'
2026-03-12 21:24:29 [ERROR] b' TCP : Unreachable peer'
2026-03-12 21:24:29 [ERROR] b' TCP : Unreachable peer'
2026-03-12 21:24:30 [ERROR] b' TCP : Unreachable peer'
2026-03-12 21:24:30 [ERROR] b' TCP : Unreachable peer'
2026-03-12 21:24:31 [ERROR] b' TCP : Unreachable peer'
2026-03-12 21:24:31 [ERROR] b' TCP : Unreachable peer'
2026-03-12 21:24:32 [ERROR] b' TCP : Unreachable peer'
2026-03-12 21:24:32 [ERROR] b' TCP : Unreachable peer'
2026-03-12 21:24:33 [ERROR] b' TCP : Unreachable peer'
2026-03-12 21:24:33 [ERROR] b' TCP : Unreachable peer'
2026-03-12 21:24:34 [ERROR] b' TCP : Unreachable peer'
2026-03-12 21:24:34 [ERROR] b' TCP : Unreachable peer'
2026-03-12 21:24:35 [ERROR] b' TCP : Unreachable peer'
2026-03-12 21:24:35 [ERROR] b' TCP : Unreachable peer'
2026-03-12 21:24:36 [ERROR] b' TCP : Unreachable peer'
2026-03-12 21:24:36 [ERROR] b' TCP : Unreachable peer'
2026-03-12 21:24:37 [ERROR] b' TCP : Unreachable peer'
2026-03-12 21:24:37 [ERROR] b' TCP : Unreachable peer'
2026-03-12 21:24:38 [ERROR] b' TCP : Unreachable peer'
2026-03-12 21:24:38 [ERROR] b' TCP : Unreachable peer'
2026-03-12 21:24:39 [ERROR] b' TCP : Unreachable peer'
2026-03-12 21:24:39 [ERROR] b' TCP : Unreachable peer'
2026-03-12 21:24:40 [ERROR] b' TCP : Unreachable peer'
2026-03-12 21:24:40 [ERROR] b' TCP : Unreachable peer'
2026-03-12 21:24:41 [ERROR] b' TCP : Unreachable peer'
2026-03-12 21:24:41 [ERROR] b' TCP : Unreachable peer'
2026-03-12 21:24:42 [ERROR] b' TCP : Unreachable peer'
2026-03-12 21:24:42 [ERROR] b' TCP : Unreachable peer'
2026-03-12 21:24:43 [ERROR] b' TCP : Unreachable peer'
2026-03-12 21:24:43 [ERROR] b' TCP : Unreachable peer'
2026-03-12 21:24:44 [ERROR] b' TCP : Unreachable peer'
2026-03-12 21:24:44 [ERROR] b' TCP : Unreachable peer'
2026-03-12 21:24:45 [ERROR] b' TCP : Unreachable peer'
2026-03-12 21:24:45 [ERROR] b' TCP : Unreachable peer'
2026-03-12 21:24:46 [ERROR] b' TCP : Unreachable peer'
2026-03-12 21:24:47 [ERROR] b' TCP : Unreachable peer'
2026-03-12 21:24:47 [ERROR] b' TCP : Unreachable peer'
2026-03-12 21:24:48 [ERROR] b' TCP : Unreachable peer'
2026-03-12 21:24:48 [ERROR] b' TCP : Unreachable peer'
2026-03-12 21:24:49 [ERROR] b' TCP : Unreachable peer'
2026-03-12 21:24:49 [ERROR] b' TCP : Unreachable peer'
2026-03-12 21:24:50 [ERROR] b' TCP : Unreachable peer'
2026-03-12 21:24:50 [ERROR] b' TCP : Unreachable peer'
2026-03-12 21:24:51 [ERROR] b' TCP : Unreachable peer'
2026-03-12 21:24:51 [ERROR] b' TCP : Unreachable peer'
2026-03-12 21:24:52 [ERROR] b' TCP : Unreachable peer'
2026-03-12 21:24:52 [ERROR] b' TCP : Unreachable peer'
2026-03-12 21:24:53 [ERROR] b' TCP : Unreachable peer'
2026-03-12 21:24:53 [ERROR] b' TCP : Unreachable peer'
2026-03-12 21:24:54 [ERROR] b' TCP : Unreachable peer'
2026-03-12 21:24:54 [ERROR] b' TCP : Unreachable peer'
2026-03-12 21:24:55 [ERROR] b' TCP : Unreachable peer'
2026-03-12 21:24:55 [ERROR] b' TCP : Unreachable peer'
2026-03-12 21:24:56 [ERROR] b' TCP : Unreachable peer'
2026-03-12 21:24:56 [ERROR] b' TCP : Unreachable peer'
2026-03-12 21:24:57 [ERROR] b' TCP : Unreachable peer'
2026-03-12 21:24:57 [ERROR] b' TCP : Unreachable peer'
2026-03-12 21:24:58 [ERROR] b' TCP : Unreachable peer'
2026-03-12 21:24:58 [ERROR] b' TCP : Unreachable peer'
2026-03-12 21:24:59 [ERROR] b' TCP : Unreachable peer'
2026-03-12 21:24:59 [ERROR] b' TCP : Unreachable peer'
2026-03-12 21:25:00 [ERROR] b' TCP : Unreachable peer'
2026-03-12 21:25:00 [ERROR] b' TCP : Unreachable peer'
2026-03-12 21:25:01 [ERROR] b' TCP : Unreachable peer'
2026-03-12 21:25:01 [ERROR] b' TCP : Unreachable peer'
2026-03-12 21:25:02 [ERROR] b' TCP : Unreachable peer'
2026-03-12 21:25:02 [ERROR] b' TCP : Unreachable peer'
2026-03-12 21:25:03 [ERROR] b' TCP : Unreachable peer'
2026-03-12 21:25:03 [ERROR] b' TCP : Unreachable peer'
2026-03-12 21:25:04 [ERROR] b' TCP : Unreachable peer'
2026-03-12 21:25:04 [ERROR] b' TCP : Unreachable peer'
2026-03-12 21:25:05 [ERROR] b' TCP : Unreachable peer'
2026-03-12 21:25:05 [ERROR] b' TCP : Unreachable peer'
2026-03-12 21:25:06 [ERROR] b' TCP : Unreachable peer'
2026-03-12 21:25:06 [ERROR] b' TCP : Unreachable peer'
2026-03-12 21:25:07 [ERROR] b' TCP : Unreachable peer'
2026-03-12 21:25:07 [ERROR] b' TCP : Unreachable peer'
2026-03-12 21:25:08 [ERROR] b' TCP : Unreachable peer'
2026-03-12 21:25:08 [ERROR] b' TCP : Unreachable peer'
2026-03-12 21:25:09 [ERROR] b' TCP : Unreachable peer'
2026-03-12 21:25:09 [ERROR] b' TCP : Unreachable peer'
2026-03-12 21:25:10 [ERROR] b' TCP : Unreachable peer'
2026-03-12 21:25:10 [ERROR] b' TCP : Unreachable peer'
2026-03-12 21:25:11 [ERROR] b' TCP : Unreachable peer'
2026-03-12 21:25:11 [ERROR] b' TCP : Unreachable peer'
2026-03-12 21:25:12 [ERROR] b' TCP : Unreachable peer'
2026-03-12 21:25:12 [ERROR] b' TCP : Unreachable peer'
2026-03-12 21:25:13 [ERROR] b' TCP : Unreachable peer'
2026-03-12 21:25:14 [ERROR] b' TCP : Unreachable peer'
2026-03-12 21:25:14 [ERROR] b' TCP : Unreachable peer'
2026-03-12 21:25:15 [ERROR] b' TCP : Unreachable peer'
2026-03-12 21:25:15 [ERROR] b' TCP : Unreachable peer'
2026-03-12 21:25:16 [ERROR] b' TCP : Unreachable peer'
2026-03-12 21:25:16 [ERROR] b' TCP : Unreachable peer'
2026-03-12 21:25:17 [ERROR] b' TCP : Unreachable peer'
2026-03-12 21:25:17 [ERROR] b' TCP : Unreachable peer'
2026-03-12 21:25:18 [ERROR] b' TCP : Unreachable peer'
2026-03-12 21:25:18 [ERROR] b' TCP : Unreachable peer'
2026-03-12 21:25:19 [ERROR] b' TCP : Unreachable peer'
2026-03-12 21:25:19 [ERROR] b' TCP : Unreachable peer'
2026-03-12 21:25:20 [ERROR] b' TCP : Unreachable peer'
2026-03-12 21:25:20 [ERROR] b' TCP : Unreachable peer'
2026-03-12 21:25:21 [ERROR] b' TCP : Unreachable peer'
2026-03-12 21:25:21 [ERROR] b' TCP : Unreachable peer'
2026-03-12 21:25:22 [ERROR] b' TCP : Unreachable peer'
2026-03-12 21:25:22 [ERROR] b' TCP : Unreachable peer'
2026-03-12 21:25:23 [ERROR] b' TCP : Unreachable peer'
2026-03-12 21:25:23 [ERROR] b' TCP : Unreachable peer'
2026-03-12 21:25:24 [ERROR] b' TCP : Unreachable peer'
2026-03-12 21:25:24 [ERROR] b' TCP : Unreachable peer'
2026-03-12 21:25:25 [ERROR] b' TCP : Unreachable peer'
2026-03-12 21:25:25 [ERROR] b' TCP : Unreachable peer'
2026-03-12 21:25:26 [ERROR] b' TCP : Unreachable peer'
2026-03-12 21:25:26 [ERROR] b' TCP : Unreachable peer'
2026-03-12 21:25:27 [ERROR] b' TCP : Unreachable peer'
2026-03-12 21:25:27 [ERROR] b' TCP : Unreachable peer'
2026-03-12 21:25:28 [ERROR] b' TCP : Unreachable peer'
2026-03-12 21:25:28 [ERROR] b' TCP : Unreachable peer'
2026-03-12 21:25:29 [ERROR] b' TCP : Unreachable peer'
2026-03-12 21:25:29 [ERROR] b' TCP : Unreachable peer'
2026-03-12 21:25:30 [ERROR] b' TCP : Unreachable peer'
2026-03-12 21:25:30 [ERROR] b' TCP : Unreachable peer'
2026-03-12 21:25:31 [ERROR] b' TCP : Unreachable peer'
2026-03-12 21:25:31 [ERROR] b' TCP : Unreachable peer'
2026-03-12 21:25:32 [ERROR] b' TCP : Unreachable peer'
2026-03-12 21:25:32 [ERROR] b' TCP : Unreachable peer'
2026-03-12 21:25:33 [ERROR] b' TCP : Unreachable peer'
2026-03-12 21:25:33 [ERROR] b' TCP : Unreachable peer'
2026-03-12 21:25:34 [ERROR] b' TCP : Unreachable peer'
2026-03-12 21:25:34 [ERROR] b' TCP : Unreachable peer'
2026-03-12 21:25:35 [ERROR] b' TCP : Unreachable peer'
2026-03-12 21:25:35 [ERROR] b' TCP : Unreachable peer'
2026-03-12 21:25:36 [ERROR] b' TCP : Unreachable peer'
2026-03-12 21:25:36 [ERROR] b' TCP : Unreachable peer'
2026-03-12 21:25:37 [ERROR] b' TCP : Unreachable peer'
2026-03-12 21:25:37 [ERROR] b' TCP : Unreachable peer'
2026-03-12 21:25:38 [ERROR] b' TCP : Unreachable peer'
2026-03-12 21:25:39 [ERROR] b' TCP : Unreachable peer'
2026-03-12 21:25:39 [ERROR] b' TCP : Unreachable peer'
2026-03-12 21:25:40 [ERROR] b' TCP : Unreachable peer'
2026-03-12 21:25:40 [ERROR] b' TCP : Unreachable peer'
2026-03-12 21:25:41 [ERROR] b' TCP : Unreachable peer'
2026-03-12 21:25:41 [ERROR] b' TCP : Unreachable peer'
2026-03-12 21:25:42 [ERROR] b' TCP : Unreachable peer'
2026-03-12 21:25:42 [ERROR] b' TCP : Unreachable peer'
2026-03-12 21:25:43 [ERROR] b' TCP : Unreachable peer'
2026-03-12 21:25:43 [ERROR] b' TCP : Unreachable peer'
2026-03-12 21:25:44 [ERROR] b' TCP : Unreachable peer'
2026-03-12 21:25:44 [ERROR] b' TCP : Unreachable peer'
2026-03-12 21:25:45 [ERROR] b' TCP : Unreachable peer'
2026-03-12 21:25:45 [ERROR] b' TCP : Unreachable peer'
2026-03-12 21:25:46 [ERROR] b' TCP : Unreachable peer'
2026-03-12 21:25:46 [ERROR] b' TCP : Unreachable peer'
2026-03-12 21:25:47 [ERROR] b' TCP : Unreachable peer'
2026-03-12 21:25:47 [ERROR] b' TCP : Unreachable peer'
2026-03-12 21:25:48 [ERROR] b' TCP : Unreachable peer'
2026-03-12 21:25:48 [ERROR] b' TCP : Unreachable peer'
2026-03-12 21:25:49 [ERROR] b' TCP : Unreachable peer'
2026-03-12 21:25:49 [ERROR] b' TCP : Unreachable peer'
2026-03-12 21:25:50 [ERROR] b' TCP : Unreachable peer'
2026-03-12 21:25:50 [ERROR] b' TCP : Unreachable peer'
2026-03-12 21:25:51 [ERROR] b' TCP : Unreachable peer'
2026-03-12 21:25:51 [ERROR] b' TCP : Unreachable peer'
2026-03-12 21:25:52 [ERROR] b' TCP : Unreachable peer'
2026-03-12 21:25:52 [ERROR] b' TCP : Unreachable peer'
2026-03-12 21:25:53 [ERROR] b' TCP : Unreachable peer'
2026-03-12 21:25:53 [ERROR] b' TCP : Unreachable peer'
2026-03-12 21:25:54 [ERROR] b' TCP : Unreachable peer'
2026-03-12 21:25:54 [ERROR] b' TCP : Unreachable peer'
2026-03-12 21:25:55 [ERROR] b' TCP : Unreachable peer'
2026-03-12 21:25:56 [ERROR] b' TCP : Unreachable peer'
2026-03-12 21:25:56 [ERROR] b' TCP : Unreachable peer'
2026-03-12 21:25:57 [ERROR] b' TCP : Unreachable peer'
2026-03-12 21:25:57 [ERROR] b' TCP : Unreachable peer'
2026-03-12 21:25:58 [ERROR] b' TCP : Unreachable peer'
2026-03-12 21:25:58 [ERROR] b' TCP : Unreachable peer'
2026-03-12 21:25:59 [ERROR] b' TCP : Unreachable peer'
2026-03-12 21:25:59 [ERROR] b' TCP : Unreachable peer'
2026-03-12 21:26:00 [ERROR] b' TCP : Unreachable peer'
2026-03-12 21:26:00 [ERROR] b' TCP : Unreachable peer'
2026-03-12 21:26:01 [ERROR] b' TCP : Unreachable peer'
2026-03-12 21:26:01 [ERROR] b' TCP : Unreachable peer'
2026-03-12 21:26:02 [ERROR] b' TCP : Unreachable peer'
2026-03-12 21:26:02 [ERROR] b' TCP : Unreachable peer'
2026-03-12 21:26:03 [ERROR] b' TCP : Unreachable peer'
2026-03-12 21:26:03 [ERROR] b' TCP : Unreachable peer'
2026-03-12 21:26:04 [ERROR] b' TCP : Unreachable peer'
2026-03-12 21:26:04 [ERROR] b' TCP : Unreachable peer'
2026-03-12 21:26:05 [ERROR] b' TCP : Unreachable peer'
2026-03-12 21:26:05 [ERROR] b' TCP : Unreachable peer'
2026-03-12 21:26:06 [ERROR] b' TCP : Unreachable peer'
2026-03-12 21:26:06 [ERROR] b' TCP : Unreachable peer'
2026-03-12 21:26:07 [ERROR] b' TCP : Unreachable peer'
2026-03-12 21:26:07 [ERROR] b' TCP : Unreachable peer'
2026-03-12 21:26:08 [ERROR] b' TCP : Unreachable peer'
2026-03-12 21:26:08 [ERROR] b' TCP : Unreachable peer'
2026-03-12 21:26:09 [ERROR] b' TCP : Unreachable peer'
2026-03-12 21:26:09 [ERROR] b' TCP : Unreachable peer'
2026-03-12 21:26:10 [ERROR] b' TCP : Unreachable peer'
2026-03-12 21:26:10 [ERROR] b' TCP : Unreachable peer'
2026-03-12 21:26:11 [ERROR] b' TCP : Unreachable peer'
2026-03-12 21:26:11 [ERROR] b' TCP : Unreachable peer'
2026-03-12 21:26:12 [ERROR] b' TCP : Unreachable peer'
2026-03-12 21:26:12 [ERROR] b' TCP : Unreachable peer'
2026-03-12 21:26:13 [ERROR] b' TCP : Unreachable peer'
2026-03-12 21:26:13 [ERROR] b' TCP : Unreachable peer'
2026-03-12 21:26:14 [ERROR] b' TCP : Unreachable peer'
2026-03-12 21:26:14 [ERROR] b' TCP : Unreachable peer'
2026-03-12 21:26:15 [ERROR] b' TCP : Unreachable peer'
2026-03-12 21:26:15 [ERROR] b' TCP : Unreachable peer'
2026-03-12 21:26:16 [ERROR] b' TCP : Unreachable peer'
2026-03-12 21:26:16 [ERROR] b' TCP : Unreachable peer'
2026-03-12 21:26:17 [ERROR] b' TCP : Unreachable peer'
2026-03-12 21:26:17 [ERROR] b' TCP : Unreachable peer'
2026-03-12 21:26:18 [ERROR] b' TCP : Unreachable peer'
2026-03-12 21:26:18 [ERROR] b' TCP : Unreachable peer'
2026-03-12 21:26:19 [ERROR] b' TCP : Unreachable peer'
2026-03-12 21:26:19 [ERROR] b' TCP : Unreachable peer'
2026-03-12 21:26:20 [ERROR] b' TCP : Unreachable peer'
2026-03-12 21:26:21 [ERROR] b' TCP : Unreachable peer'
2026-03-12 21:26:21 [ERROR] b' TCP : Unreachable peer'
2026-03-12 21:26:22 [ERROR] b' TCP : Unreachable peer'
2026-03-12 21:26:22 [ERROR] b' TCP : Unreachable peer'
2026-03-12 21:26:23 [ERROR] b' TCP : Unreachable peer'
2026-03-12 21:26:23 [ERROR] b' TCP : Unreachable peer'
2026-03-12 21:26:24 [ERROR] b' TCP : Unreachable peer'
2026-03-12 21:26:24 [ERROR] b' TCP : Unreachable peer'
2026-03-12 21:26:25 [ERROR] b' TCP : Unreachable peer'
2026-03-12 21:26:25 [ERROR] b' TCP : Unreachable peer'
2026-03-12 21:26:26 [ERROR] b' TCP : Unreachable peer'
2026-03-12 21:26:26 [ERROR] b' TCP : Unreachable peer'
2026-03-12 21:26:27 [ERROR] b' TCP : Unreachable peer'
2026-03-12 21:26:27 [ERROR] b' TCP : Unreachable peer'
2026-03-12 21:26:28 [ERROR] b' TCP : Unreachable peer'
2026-03-12 21:26:28 [ERROR] b' TCP : Unreachable peer'
2026-03-12 21:27:23 [ERROR] b' TCP : Unreachable peer'
2026-03-12 21:28:29 [ERROR] b' TCP : Unreachable peer'
2026-03-12 21:28:52 [ERROR] b' TCP : Unreachable peer'
2026-03-12 21:29:08 [ERROR] b' TCP : Unreachable peer'
2026-03-12 21:29:30 [ERROR] b' TCP : Unreachable peer'
2026-03-12 21:30:31 [ERROR] b' TCP : Unreachable peer'
2026-03-12 21:31:03 [ERROR] b' TCP : Unreachable peer'
2026-03-12 21:31:19 [ERROR] b' TCP : Unreachable peer'
2026-03-12 21:31:22 [ERROR] b' TCP : Unreachable peer'
2026-03-12 21:31:34 [ERROR] b' TCP : Unreachable peer'
2026-03-12 21:31:43 [ERROR] b' TCP : Unreachable peer'
2026-03-12 21:31:48 [ERROR] b' TCP : Unreachable peer'
2026-03-12 21:32:00 [ERROR] b' TCP : Unreachable peer'
2026-03-12 21:32:23 [ERROR] b' TCP : Unreachable peer'
2026-03-12 21:32:23 [ERROR] b' TCP : Unreachable peer'
2026-03-12 21:32:24 [ERROR] b' TCP : Unreachable peer'
2026-03-12 21:33:13 [ERROR] b' TCP : Unreachable peer'
2026-03-12 21:33:40 [ERROR] b' TCP : Unreachable peer'
2026-03-12 21:33:56 [ERROR] b' TCP : Unreachable peer'
2026-03-12 21:34:10 [ERROR] b' TCP : Unreachable peer'
2026-03-12 21:34:29 [ERROR] b' TCP : Unreachable peer'
2026-03-12 21:35:21 [ERROR] b' TCP : Unreachable peer'
2026-03-12 21:37:17 [ERROR] b' TCP : Unreachable peer'
2026-03-12 21:38:16 [ERROR] b' TCP : Unreachable peer'
2026-03-12 21:39:43 [ERROR] b' TCP : Unreachable peer'
2026-03-12 21:40:23 [ERROR] b' TCP : Unreachable peer'
2026-03-12 21:40:37 [ERROR] b' TCP : Unreachable peer'
2026-03-12 21:40:51 [ERROR] b' TCP : Unreachable peer'
2026-03-12 21:41:41 [ERROR] b' TCP : Unreachable peer'
2026-03-12 21:42:11 [ERROR] b' TCP : Unreachable peer'
2026-03-12 21:43:33 [ERROR] b' TCP : Unreachable peer'
2026-03-12 21:43:52 [ERROR] b' TCP : Unreachable peer'
2026-03-12 21:45:06 [ERROR] b' TCP : Unreachable peer'
2026-03-12 21:45:27 [ERROR] b' TCP : Unreachable peer'
2026-03-12 21:47:10 [ERROR] b' TCP : Unreachable peer'
2026-03-12 21:47:29 [ERROR] b' TCP : Unreachable peer'
2026-03-12 21:47:56 [ERROR] b' TCP : Unreachable peer'
2026-03-12 21:48:17 [ERROR] b' TCP : Unreachable peer'
2026-03-12 21:49:49 [ERROR] b' TCP : Unreachable peer'
2026-03-12 21:50:15 [ERROR] b' TCP : Unreachable peer'
2026-03-12 21:50:46 [ERROR] b' TCP : Unreachable peer'
2026-03-12 21:51:08 [ERROR] b' TCP : Unreachable peer'
2026-03-12 21:51:25 [ERROR] b' TCP : Unreachable peer'
2026-03-12 21:51:51 [ERROR] b' TCP : Unreachable peer'
2026-03-12 21:52:45 [ERROR] b' TCP : Unreachable peer'
2026-03-12 21:53:19 [ERROR] b' TCP : Unreachable peer'
2026-03-12 21:53:37 [ERROR] b' TCP : Unreachable peer'
2026-03-12 21:54:16 [ERROR] b' TCP : Unreachable peer'
2026-03-12 21:55:41 [ERROR] b' TCP : Unreachable peer'
2026-03-12 21:57:33 [ERROR] b' TCP : Unreachable peer'
2026-03-12 21:57:51 [ERROR] b' TCP : Unreachable peer'
2026-03-12 21:58:25 [ERROR] b' TCP : Unreachable peer'
2026-03-12 22:00:26 [ERROR] b' TCP : Unreachable peer'
2026-03-12 22:01:25 [ERROR] b' TCP : Unreachable peer'
2026-03-12 22:01:48 [ERROR] b' TCP : Unreachable peer'
2026-03-12 22:02:04 [ERROR] b' TCP : Unreachable peer'
2026-03-12 22:03:27 [ERROR] b' TCP : Unreachable peer'
2026-03-12 22:07:02 [ERROR] b' TCP : Unreachable peer'
2026-03-12 22:07:38 [ERROR] b' TCP : Unreachable peer'
2026-03-12 22:09:08 [ERROR] b' TCP : Unreachable peer'
2026-03-12 22:11:32 [ERROR] b' TCP : Unreachable peer'
2026-03-12 22:11:55 [ERROR] b' TCP : Unreachable peer'
2026-03-12 22:12:40 [ERROR] b' TCP : Unreachable peer'
2026-03-12 22:13:32 [ERROR] b' TCP : Unreachable peer'
2026-03-12 22:14:00 [ERROR] b' TCP : Unreachable peer'
2026-03-12 22:14:03 [ERROR] b' TCP : Unreachable peer'
2026-03-12 22:14:05 [ERROR] b' TCP : Unreachable peer'
2026-03-12 22:14:51 [ERROR] b' TCP : Unreachable peer'
2026-03-12 22:14:52 [ERROR] b' TCP : Unreachable peer'
2026-03-12 22:15:11 [ERROR] b' TCP : Unreachable peer'
2026-03-12 22:15:29 [ERROR] b' TCP : Unreachable peer'
2026-03-12 22:15:50 [ERROR] b' TCP : Unreachable peer'
2026-03-12 22:16:09 [ERROR] b' TCP : Unreachable peer'
2026-03-12 22:16:57 [ERROR] b' TCP : Unreachable peer'
2026-03-12 22:18:07 [ERROR] b' TCP : Unreachable peer'
2026-03-12 22:18:38 [ERROR] b' TCP : Unreachable peer'
2026-03-12 22:18:39 [ERROR] b' TCP : Unreachable peer'
2026-03-12 22:18:53 [ERROR] b' TCP : Unreachable peer'
2026-03-12 22:18:57 [ERROR] b' TCP : Unreachable peer'
2026-03-12 22:19:13 [ERROR] b' TCP : Unreachable peer'
2026-03-12 22:19:31 [ERROR] b' TCP : Unreachable peer'
2026-03-12 22:19:44 [ERROR] b' TCP : Unreachable peer'
2026-03-12 22:23:06 [ERROR] b' TCP : Unreachable peer'
2026-03-12 22:28:52 [ERROR] b' TCP : Unreachable peer'
2026-03-12 22:28:52 [ERROR] b' TCP : Unreachable peer'
2026-03-12 22:28:53 [ERROR] b' TCP : Unreachable peer'
2026-03-12 22:28:53 [ERROR] b' TCP : Unreachable peer'
2026-03-12 22:28:54 [ERROR] b' TCP : Unreachable peer'
2026-03-12 22:30:54 [ERROR] b' TCP : Unreachable peer'
2026-03-12 22:31:10 [ERROR] b' TCP : Unreachable peer'
2026-03-12 22:32:08 [ERROR] b' TCP : Unreachable peer'
2026-03-12 22:32:47 [ERROR] b' TCP : Unreachable peer'
2026-03-12 22:34:51 [ERROR] b' TCP : Unreachable peer'
2026-03-12 22:36:25 [ERROR] b' TCP : Unreachable peer'
2026-03-12 22:38:28 [ERROR] b' TCP : Unreachable peer'
2026-03-12 22:38:48 [ERROR] b' TCP : Unreachable peer'
2026-03-12 22:39:10 [ERROR] b' TCP : Unreachable peer'
2026-03-12 22:39:49 [ERROR] b' TCP : Unreachable peer'
2026-03-12 22:40:10 [ERROR] b' TCP : Unreachable peer'
2026-03-12 22:41:03 [ERROR] b' TCP : Unreachable peer'
2026-03-12 22:45:02 [ERROR] b' TCP : Unreachable peer'
2026-03-12 22:45:24 [ERROR] b' TCP : Unreachable peer'
2026-03-12 22:46:39 [ERROR] b' TCP : Unreachable peer'
2026-03-12 22:46:59 [ERROR] b' TCP : Unreachable peer'
2026-03-12 22:48:05 [ERROR] b' TCP : Unreachable peer'
2026-03-12 22:48:23 [ERROR] b' TCP : Unreachable peer'
2026-03-12 22:49:19 [ERROR] b' TCP : Unreachable peer'
2026-03-12 22:51:35 [ERROR] b' TCP : Unreachable peer'
2026-03-12 22:55:52 [ERROR] b' TCP : Unreachable peer'
2026-03-12 22:56:41 [ERROR] b' TCP : Unreachable peer'
2026-03-12 22:56:59 [ERROR] b' TCP : Unreachable peer'
2026-03-12 22:57:40 [ERROR] b' TCP : Unreachable peer'
2026-03-12 22:58:01 [ERROR] b' TCP : Unreachable peer'
2026-03-12 22:58:38 [ERROR] b' TCP : Unreachable peer'
2026-03-12 22:59:54 [ERROR] b' TCP : Unreachable peer'
2026-03-12 23:00:11 [ERROR] b' TCP : Unreachable peer'
2026-03-12 23:01:00 [ERROR] b' TCP : Unreachable peer'
2026-03-12 23:01:18 [ERROR] b' TCP : Unreachable peer'
2026-03-12 23:01:35 [ERROR] b' TCP : Unreachable peer'
2026-03-12 23:03:15 [ERROR] b' TCP : Unreachable peer'
2026-03-12 23:03:33 [ERROR] b' TCP : Unreachable peer'
2026-03-12 23:03:50 [ERROR] b' TCP : Unreachable peer'
2026-03-12 23:05:43 [ERROR] b' TCP : Unreachable peer'
2026-03-12 23:06:33 [ERROR] b' TCP : Unreachable peer'
2026-03-12 23:07:02 [ERROR] b' TCP : Unreachable peer'
2026-03-12 23:07:23 [ERROR] b' TCP : Unreachable peer'
2026-03-12 23:07:44 [ERROR] b' TCP : Unreachable peer'
2026-03-12 23:08:24 [ERROR] b' TCP : Unreachable peer'
2026-03-12 23:09:10 [ERROR] b' TCP : Unreachable peer'
2026-03-12 23:10:21 [ERROR] b' TCP : Unreachable peer'
2026-03-12 23:10:40 [ERROR] b' TCP : Unreachable peer'
2026-03-12 23:10:51 [ERROR] b' TCP : Unreachable peer'
2026-03-12 23:11:26 [ERROR] b' TCP : Unreachable peer'
2026-03-12 23:11:43 [ERROR] b' TCP : Unreachable peer'
2026-03-12 23:12:38 [ERROR] b' TCP : Unreachable peer'
2026-03-12 23:13:02 [ERROR] b' TCP : Unreachable peer'
2026-03-12 23:14:00 [ERROR] b' TCP : Unreachable peer'
2026-03-12 23:14:10 [ERROR] b' TCP : Unreachable peer'
2026-03-12 23:14:14 [ERROR] b' TCP : Unreachable peer'
2026-03-12 23:14:32 [ERROR] b' TCP : Unreachable peer'
2026-03-12 23:14:46 [ERROR] b' TCP : Unreachable peer'
2026-03-12 23:15:08 [ERROR] b' TCP : Unreachable peer'
2026-03-12 23:16:28 [ERROR] b' TCP : Unreachable peer'
2026-03-12 23:16:42 [ERROR] b' TCP : Unreachable peer'
2026-03-12 23:17:02 [ERROR] b' TCP : Unreachable peer'
2026-03-12 23:18:50 [ERROR] b' TCP : Unreachable peer'
2026-03-12 23:19:05 [ERROR] b' TCP : Unreachable peer'
2026-03-12 23:20:09 [ERROR] b' TCP : Unreachable peer'
2026-03-12 23:20:47 [ERROR] b' TCP : Unreachable peer'
2026-03-12 23:21:38 [ERROR] b' TCP : Unreachable peer'
2026-03-12 23:23:01 [ERROR] b' TCP : Unreachable peer'
2026-03-12 23:23:29 [ERROR] b' TCP : Unreachable peer'
2026-03-12 23:24:04 [ERROR] b' TCP : Unreachable peer'
2026-03-12 23:25:45 [ERROR] b' TCP : Unreachable peer'
2026-03-12 23:27:56 [ERROR] b' TCP : Unreachable peer'
2026-03-12 23:28:30 [ERROR] b' TCP : Unreachable peer'
2026-03-12 23:29:06 [ERROR] b' TCP : Unreachable peer'
2026-03-12 23:29:56 [ERROR] b' TCP : Unreachable peer'
2026-03-12 23:30:17 [ERROR] b' TCP : Unreachable peer'
2026-03-12 23:30:30 [ERROR] b' TCP : Unreachable peer'
2026-03-12 23:30:47 [ERROR] b' TCP : Unreachable peer'
2026-03-12 23:31:50 [ERROR] b' TCP : Unreachable peer'
2026-03-12 23:32:09 [ERROR] b' TCP : Unreachable peer'
2026-03-12 23:34:49 [ERROR] b' TCP : Unreachable peer'
2026-03-12 23:36:29 [ERROR] b' TCP : Unreachable peer'
2026-03-12 23:36:51 [ERROR] b' TCP : Unreachable peer'
2026-03-12 23:38:07 [ERROR] b' TCP : Unreachable peer'
2026-03-12 23:39:00 [ERROR] b' TCP : Unreachable peer'
2026-03-12 23:39:00 [ERROR] b' TCP : Unreachable peer'
2026-03-12 23:39:34 [ERROR] b' TCP : Unreachable peer'
2026-03-12 23:40:47 [ERROR] b' TCP : Unreachable peer'
2026-03-12 23:40:59 [ERROR] b' TCP : Unreachable peer'
2026-03-12 23:42:01 [ERROR] b' TCP : Unreachable peer'
2026-03-12 23:42:38 [ERROR] b' TCP : Unreachable peer'
2026-03-12 23:42:50 [ERROR] b' TCP : Unreachable peer'
2026-03-12 23:43:24 [ERROR] b' TCP : Unreachable peer'
2026-03-12 23:45:19 [ERROR] b' TCP : Unreachable peer'
2026-03-12 23:47:00 [ERROR] b' TCP : Unreachable peer'
2026-03-12 23:48:42 [ERROR] b' TCP : Unreachable peer'
2026-03-12 23:49:33 [ERROR] b' TCP : Unreachable peer'
2026-03-12 23:49:34 [ERROR] b' TCP : Unreachable peer'
2026-03-12 23:49:34 [ERROR] b' TCP : Unreachable peer'
2026-03-12 23:50:29 [ERROR] b' TCP : Unreachable peer'
2026-03-12 23:50:37 [ERROR] b' ISO : An error occurred during recv TCP : Connection timed out'
2026-03-12 23:53:16 [ERROR] b' TCP : Unreachable peer'
2026-03-12 23:56:32 [ERROR] b' TCP : Unreachable peer'
2026-03-12 23:57:15 [ERROR] b' TCP : Unreachable peer'
2026-03-12 23:57:19 [ERROR] b' TCP : Unreachable peer'
2026-03-12 23:58:01 [ERROR] b' TCP : Unreachable peer'
2026-03-12 23:58:34 [ERROR] b' TCP : Unreachable peer'
2026-03-12 23:58:49 [ERROR] b' TCP : Unreachable peer'
2026-03-12 23:59:19 [ERROR] b' TCP : Unreachable peer'
2026-03-12 23:59:20 [ERROR] b' TCP : Unreachable peer'
2026-03-12 23:59:22 [ERROR] b' TCP : Unreachable peer'
2026-03-12 23:59:31 [ERROR] b' TCP : Unreachable peer'
2026-03-12 23:59:45 [ERROR] b' TCP : Unreachable peer'
2026-03-13 00:00:17 [ERROR] b' TCP : Unreachable peer'
2026-03-13 00:00:19 [ERROR] b' TCP : Unreachable peer'
2026-03-13 00:00:31 [ERROR] b' TCP : Unreachable peer'
2026-03-13 00:00:45 [ERROR] b' TCP : Unreachable peer'
2026-03-13 00:00:46 [ERROR] b' TCP : Unreachable peer'
2026-03-13 00:00:56 [ERROR] b' TCP : Unreachable peer'
2026-03-13 00:00:56 [ERROR] b' TCP : Unreachable peer'
2026-03-13 00:00:57 [ERROR] b' TCP : Unreachable peer'
2026-03-13 00:00:57 [ERROR] b' TCP : Unreachable peer'
2026-03-13 00:01:51 [ERROR] b' TCP : Unreachable peer'
2026-03-13 00:02:38 [ERROR] b' TCP : Unreachable peer'
2026-03-13 00:02:40 [ERROR] b' TCP : Unreachable peer'
2026-03-13 00:02:58 [ERROR] b' TCP : Unreachable peer'
2026-03-13 00:02:59 [ERROR] b' TCP : Unreachable peer'
2026-03-13 00:03:09 [ERROR] b' TCP : Unreachable peer'
2026-03-13 00:03:09 [ERROR] b' TCP : Unreachable peer'
2026-03-13 00:03:10 [ERROR] b' TCP : Unreachable peer'
2026-03-13 00:03:10 [ERROR] b' TCP : Unreachable peer'
2026-03-13 00:03:11 [ERROR] b' TCP : Unreachable peer'
2026-03-13 00:03:11 [ERROR] b' TCP : Unreachable peer'
2026-03-13 00:03:12 [ERROR] b' TCP : Unreachable peer'
2026-03-13 00:03:12 [ERROR] b' TCP : Unreachable peer'
2026-03-13 00:03:13 [ERROR] b' TCP : Unreachable peer'
2026-03-13 00:03:13 [ERROR] b' TCP : Unreachable peer'
2026-03-13 00:03:14 [ERROR] b' TCP : Unreachable peer'
2026-03-13 00:03:14 [ERROR] b' TCP : Unreachable peer'
2026-03-13 00:03:15 [ERROR] b' TCP : Unreachable peer'
2026-03-13 00:03:16 [ERROR] b' TCP : Unreachable peer'
2026-03-13 00:03:16 [ERROR] b' TCP : Unreachable peer'
2026-03-13 00:03:17 [ERROR] b' TCP : Unreachable peer'
2026-03-13 00:03:24 [ERROR] b' TCP : Unreachable peer'
2026-03-13 00:03:25 [ERROR] b' TCP : Unreachable peer'
2026-03-13 00:03:26 [ERROR] b' TCP : Unreachable peer'
2026-03-13 00:03:26 [ERROR] b' TCP : Unreachable peer'
2026-03-13 00:03:27 [ERROR] b' TCP : Unreachable peer'
2026-03-13 00:03:28 [ERROR] b' TCP : Unreachable peer'
2026-03-13 00:03:29 [ERROR] b' TCP : Unreachable peer'
2026-03-13 00:03:29 [ERROR] b' TCP : Unreachable peer'
2026-03-13 00:03:30 [ERROR] b' TCP : Unreachable peer'
2026-03-13 00:03:31 [ERROR] b' TCP : Unreachable peer'
2026-03-13 00:03:34 [ERROR] b' ISO : An error occurred during recv TCP : Connection timed out'
2026-03-13 00:03:34 [ERROR] b' TCP : Unreachable peer'
2026-03-13 00:03:35 [ERROR] b' TCP : Unreachable peer'
2026-03-13 00:03:35 [ERROR] b' TCP : Unreachable peer'
2026-03-13 00:03:36 [ERROR] b' TCP : Unreachable peer'
2026-03-13 00:03:36 [ERROR] b' TCP : Unreachable peer'
2026-03-13 00:03:37 [ERROR] b' TCP : Unreachable peer'
2026-03-13 00:03:37 [ERROR] b' TCP : Unreachable peer'
2026-03-13 00:03:38 [ERROR] b' TCP : Unreachable peer'
2026-03-13 00:03:38 [ERROR] b' TCP : Unreachable peer'
2026-03-13 00:03:39 [ERROR] b' TCP : Unreachable peer'
2026-03-13 00:03:39 [ERROR] b' TCP : Unreachable peer'
2026-03-13 00:03:40 [ERROR] b' TCP : Unreachable peer'
2026-03-13 00:03:40 [ERROR] b' TCP : Unreachable peer'
2026-03-13 00:03:41 [ERROR] b' TCP : Unreachable peer'
2026-03-13 00:03:41 [ERROR] b' TCP : Unreachable peer'
2026-03-13 00:03:42 [ERROR] b' TCP : Unreachable peer'
2026-03-13 00:03:42 [ERROR] b' TCP : Unreachable peer'
2026-03-13 00:03:43 [ERROR] b' TCP : Unreachable peer'
2026-03-13 00:03:43 [ERROR] b' TCP : Unreachable peer'
2026-03-13 00:03:44 [ERROR] b' TCP : Unreachable peer'
2026-03-13 00:03:44 [ERROR] b' TCP : Unreachable peer'
2026-03-13 00:03:45 [ERROR] b' TCP : Unreachable peer'
2026-03-13 00:03:45 [ERROR] b' TCP : Unreachable peer'
2026-03-13 00:03:46 [ERROR] b' TCP : Unreachable peer'
2026-03-13 00:03:46 [ERROR] b' TCP : Unreachable peer'
2026-03-13 00:03:47 [ERROR] b' TCP : Unreachable peer'
2026-03-13 00:03:47 [ERROR] b' TCP : Unreachable peer'
2026-03-13 00:03:48 [ERROR] b' TCP : Unreachable peer'
2026-03-13 00:03:48 [ERROR] b' TCP : Unreachable peer'
2026-03-13 00:03:49 [ERROR] b' TCP : Unreachable peer'
2026-03-13 00:03:49 [ERROR] b' TCP : Unreachable peer'
2026-03-13 00:03:50 [ERROR] b' TCP : Unreachable peer'
2026-03-13 00:03:50 [ERROR] b' TCP : Unreachable peer'
2026-03-13 00:03:51 [ERROR] b' TCP : Unreachable peer'
2026-03-13 00:03:51 [ERROR] b' TCP : Unreachable peer'
2026-03-13 00:03:52 [ERROR] b' TCP : Unreachable peer'
2026-03-13 00:03:52 [ERROR] b' TCP : Unreachable peer'
2026-03-13 00:03:53 [ERROR] b' TCP : Unreachable peer'
2026-03-13 00:03:53 [ERROR] b' TCP : Unreachable peer'
2026-03-13 00:03:54 [ERROR] b' TCP : Unreachable peer'
2026-03-13 00:03:54 [ERROR] b' TCP : Unreachable peer'
2026-03-13 00:03:55 [ERROR] b' TCP : Unreachable peer'
2026-03-13 00:03:55 [ERROR] b' TCP : Unreachable peer'
2026-03-13 00:03:56 [ERROR] b' TCP : Unreachable peer'
2026-03-13 00:03:56 [ERROR] b' TCP : Unreachable peer'
2026-03-13 00:03:57 [ERROR] b' TCP : Unreachable peer'
2026-03-13 00:03:57 [ERROR] b' TCP : Unreachable peer'
2026-03-13 00:03:58 [ERROR] b' TCP : Unreachable peer'
2026-03-13 00:03:58 [ERROR] b' TCP : Unreachable peer'
2026-03-13 00:03:59 [ERROR] b' TCP : Unreachable peer'
2026-03-13 00:03:59 [ERROR] b' TCP : Unreachable peer'
2026-03-13 00:04:00 [ERROR] b' TCP : Unreachable peer'
2026-03-13 00:04:00 [ERROR] b' TCP : Unreachable peer'
2026-03-13 00:04:01 [ERROR] b' TCP : Unreachable peer'
2026-03-13 00:04:01 [ERROR] b' TCP : Unreachable peer'
2026-03-13 00:04:02 [ERROR] b' TCP : Unreachable peer'
2026-03-13 00:04:02 [ERROR] b' TCP : Unreachable peer'
2026-03-13 00:04:03 [ERROR] b' TCP : Unreachable peer'
2026-03-13 00:04:03 [ERROR] b' TCP : Unreachable peer'
2026-03-13 00:04:04 [ERROR] b' TCP : Unreachable peer'
2026-03-13 00:04:04 [ERROR] b' TCP : Unreachable peer'
2026-03-13 00:04:05 [ERROR] b' TCP : Unreachable peer'
2026-03-13 00:04:05 [ERROR] b' TCP : Unreachable peer'
2026-03-13 00:04:06 [ERROR] b' TCP : Unreachable peer'
2026-03-13 00:04:06 [ERROR] b' TCP : Unreachable peer'
2026-03-13 00:04:07 [ERROR] b' TCP : Unreachable peer'
2026-03-13 00:04:07 [ERROR] b' TCP : Unreachable peer'
2026-03-13 00:04:08 [ERROR] b' TCP : Unreachable peer'
2026-03-13 00:04:08 [ERROR] b' TCP : Unreachable peer'
2026-03-13 00:04:09 [ERROR] b' TCP : Unreachable peer'
2026-03-13 00:04:09 [ERROR] b' TCP : Unreachable peer'
2026-03-13 00:04:10 [ERROR] b' TCP : Unreachable peer'
2026-03-13 00:04:11 [ERROR] b' TCP : Unreachable peer'
2026-03-13 00:04:11 [ERROR] b' TCP : Unreachable peer'
2026-03-13 00:04:12 [ERROR] b' TCP : Unreachable peer'
2026-03-13 00:04:12 [ERROR] b' TCP : Unreachable peer'
2026-03-13 00:04:13 [ERROR] b' TCP : Unreachable peer'
2026-03-13 00:04:13 [ERROR] b' TCP : Unreachable peer'
2026-03-13 00:04:14 [ERROR] b' TCP : Unreachable peer'
2026-03-13 00:04:14 [ERROR] b' TCP : Unreachable peer'
2026-03-13 00:04:15 [ERROR] b' TCP : Unreachable peer'
2026-03-13 00:04:15 [ERROR] b' TCP : Unreachable peer'
2026-03-13 00:04:16 [ERROR] b' TCP : Unreachable peer'
2026-03-13 00:04:16 [ERROR] b' TCP : Unreachable peer'
2026-03-13 00:04:17 [ERROR] b' TCP : Unreachable peer'
2026-03-13 00:04:17 [ERROR] b' TCP : Unreachable peer'
2026-03-13 00:04:18 [ERROR] b' TCP : Unreachable peer'
2026-03-13 00:04:18 [ERROR] b' TCP : Unreachable peer'
2026-03-13 00:04:19 [ERROR] b' TCP : Unreachable peer'
2026-03-13 00:04:19 [ERROR] b' TCP : Unreachable peer'
2026-03-13 00:04:20 [ERROR] b' TCP : Unreachable peer'
2026-03-13 00:04:20 [ERROR] b' TCP : Unreachable peer'
2026-03-13 00:04:21 [ERROR] b' TCP : Unreachable peer'
2026-03-13 00:04:21 [ERROR] b' TCP : Unreachable peer'
2026-03-13 00:04:22 [ERROR] b' TCP : Unreachable peer'
2026-03-13 00:04:22 [ERROR] b' TCP : Unreachable peer'
2026-03-13 00:04:23 [ERROR] b' TCP : Unreachable peer'
2026-03-13 00:04:23 [ERROR] b' TCP : Unreachable peer'
2026-03-13 00:04:24 [ERROR] b' TCP : Unreachable peer'
2026-03-13 00:04:24 [ERROR] b' TCP : Unreachable peer'
2026-03-13 00:04:25 [ERROR] b' TCP : Unreachable peer'
2026-03-13 00:04:25 [ERROR] b' TCP : Unreachable peer'
2026-03-13 00:04:26 [ERROR] b' TCP : Unreachable peer'
2026-03-13 00:04:26 [ERROR] b' TCP : Unreachable peer'
2026-03-13 00:04:27 [ERROR] b' TCP : Unreachable peer'
2026-03-13 00:04:27 [ERROR] b' TCP : Unreachable peer'
2026-03-13 00:04:28 [ERROR] b' TCP : Unreachable peer'
2026-03-13 00:04:28 [ERROR] b' TCP : Unreachable peer'
2026-03-13 00:04:29 [ERROR] b' TCP : Unreachable peer'
2026-03-13 00:04:29 [ERROR] b' TCP : Unreachable peer'
2026-03-13 00:04:30 [ERROR] b' TCP : Unreachable peer'
2026-03-13 00:04:30 [ERROR] b' TCP : Unreachable peer'
2026-03-13 00:04:31 [ERROR] b' TCP : Unreachable peer'
2026-03-13 00:04:31 [ERROR] b' TCP : Unreachable peer'
2026-03-13 00:04:32 [ERROR] b' TCP : Unreachable peer'
2026-03-13 00:04:32 [ERROR] b' TCP : Unreachable peer'
2026-03-13 00:04:33 [ERROR] b' TCP : Unreachable peer'
2026-03-13 00:04:33 [ERROR] b' TCP : Unreachable peer'
2026-03-13 00:04:34 [ERROR] b' TCP : Unreachable peer'
2026-03-13 00:04:35 [ERROR] b' TCP : Unreachable peer'
2026-03-13 00:04:35 [ERROR] b' TCP : Unreachable peer'
2026-03-13 00:04:36 [ERROR] b' TCP : Unreachable peer'
2026-03-13 00:04:36 [ERROR] b' TCP : Unreachable peer'
2026-03-13 00:04:37 [ERROR] b' TCP : Unreachable peer'
2026-03-13 00:04:37 [ERROR] b' TCP : Unreachable peer'
2026-03-13 00:04:38 [ERROR] b' TCP : Unreachable peer'
2026-03-13 00:04:38 [ERROR] b' TCP : Unreachable peer'
2026-03-13 00:04:39 [ERROR] b' TCP : Unreachable peer'
2026-03-13 00:04:39 [ERROR] b' TCP : Unreachable peer'
2026-03-13 00:04:40 [ERROR] b' TCP : Unreachable peer'
2026-03-13 00:04:40 [ERROR] b' TCP : Unreachable peer'
2026-03-13 00:04:41 [ERROR] b' TCP : Unreachable peer'
2026-03-13 00:04:41 [ERROR] b' TCP : Unreachable peer'
2026-03-13 00:04:42 [ERROR] b' TCP : Unreachable peer'
2026-03-13 00:04:42 [ERROR] b' TCP : Unreachable peer'
2026-03-13 00:04:43 [ERROR] b' TCP : Unreachable peer'
2026-03-13 00:04:43 [ERROR] b' TCP : Unreachable peer'
2026-03-13 00:04:44 [ERROR] b' TCP : Unreachable peer'
2026-03-13 00:04:44 [ERROR] b' TCP : Unreachable peer'
2026-03-13 00:04:45 [ERROR] b' TCP : Unreachable peer'
2026-03-13 00:04:45 [ERROR] b' TCP : Unreachable peer'
2026-03-13 00:04:46 [ERROR] b' TCP : Unreachable peer'
2026-03-13 00:04:46 [ERROR] b' TCP : Unreachable peer'
2026-03-13 00:04:47 [ERROR] b' TCP : Unreachable peer'
2026-03-13 00:04:47 [ERROR] b' TCP : Unreachable peer'
2026-03-13 00:04:48 [ERROR] b' TCP : Unreachable peer'
2026-03-13 00:04:48 [ERROR] b' TCP : Unreachable peer'
2026-03-13 00:04:49 [ERROR] b' TCP : Unreachable peer'
2026-03-13 00:04:49 [ERROR] b' TCP : Unreachable peer'
2026-03-13 00:04:50 [ERROR] b' TCP : Unreachable peer'
2026-03-13 00:04:50 [ERROR] b' TCP : Unreachable peer'
2026-03-13 00:04:51 [ERROR] b' TCP : Unreachable peer'
2026-03-13 00:04:51 [ERROR] b' TCP : Unreachable peer'
2026-03-13 00:04:52 [ERROR] b' TCP : Unreachable peer'
2026-03-13 00:04:52 [ERROR] b' TCP : Unreachable peer'
2026-03-13 00:04:53 [ERROR] b' TCP : Unreachable peer'
2026-03-13 00:04:53 [ERROR] b' TCP : Unreachable peer'
2026-03-13 00:04:54 [ERROR] b' TCP : Unreachable peer'
2026-03-13 00:04:54 [ERROR] b' TCP : Unreachable peer'
2026-03-13 00:04:55 [ERROR] b' TCP : Unreachable peer'
2026-03-13 00:04:55 [ERROR] b' TCP : Unreachable peer'
2026-03-13 00:04:56 [ERROR] b' TCP : Unreachable peer'
2026-03-13 00:04:56 [ERROR] b' TCP : Unreachable peer'
2026-03-13 00:04:57 [ERROR] b' TCP : Unreachable peer'
2026-03-13 00:04:57 [ERROR] b' TCP : Unreachable peer'
2026-03-13 00:04:58 [ERROR] b' TCP : Unreachable peer'
2026-03-13 00:04:58 [ERROR] b' TCP : Unreachable peer'
2026-03-13 00:04:59 [ERROR] b' TCP : Unreachable peer'
2026-03-13 00:04:59 [ERROR] b' TCP : Unreachable peer'
2026-03-13 00:05:00 [ERROR] b' TCP : Unreachable peer'
2026-03-13 00:05:00 [ERROR] b' TCP : Unreachable peer'
2026-03-13 00:05:01 [ERROR] b' TCP : Unreachable peer'
2026-03-13 00:05:01 [ERROR] b' TCP : Unreachable peer'
2026-03-13 00:05:02 [ERROR] b' TCP : Unreachable peer'
2026-03-13 00:05:02 [ERROR] b' TCP : Unreachable peer'
2026-03-13 00:05:03 [ERROR] b' TCP : Unreachable peer'
2026-03-13 00:05:03 [ERROR] b' TCP : Unreachable peer'
2026-03-13 00:05:04 [ERROR] b' TCP : Unreachable peer'
2026-03-13 00:05:04 [ERROR] b' TCP : Unreachable peer'
2026-03-13 00:05:05 [ERROR] b' TCP : Unreachable peer'
2026-03-13 00:05:05 [ERROR] b' TCP : Unreachable peer'
2026-03-13 00:05:06 [ERROR] b' TCP : Unreachable peer'
2026-03-13 00:05:06 [ERROR] b' TCP : Unreachable peer'
2026-03-13 00:05:07 [ERROR] b' TCP : Unreachable peer'
2026-03-13 00:05:07 [ERROR] b' TCP : Unreachable peer'
2026-03-13 00:05:08 [ERROR] b' TCP : Unreachable peer'
2026-03-13 00:05:09 [ERROR] b' TCP : Unreachable peer'
2026-03-13 00:05:09 [ERROR] b' TCP : Unreachable peer'
2026-03-13 00:05:10 [ERROR] b' TCP : Unreachable peer'
2026-03-13 00:05:10 [ERROR] b' TCP : Unreachable peer'
2026-03-13 00:05:11 [ERROR] b' TCP : Unreachable peer'
2026-03-13 00:05:11 [ERROR] b' TCP : Unreachable peer'
2026-03-13 00:05:12 [ERROR] b' TCP : Unreachable peer'
2026-03-13 00:05:12 [ERROR] b' TCP : Unreachable peer'
2026-03-13 00:05:13 [ERROR] b' TCP : Unreachable peer'
2026-03-13 00:05:13 [ERROR] b' TCP : Unreachable peer'
2026-03-13 00:05:14 [ERROR] b' TCP : Unreachable peer'
2026-03-13 00:05:14 [ERROR] b' TCP : Unreachable peer'
2026-03-13 00:05:15 [ERROR] b' TCP : Unreachable peer'
2026-03-13 00:05:15 [ERROR] b' TCP : Unreachable peer'
2026-03-13 00:05:16 [ERROR] b' TCP : Unreachable peer'
2026-03-13 00:05:16 [ERROR] b' TCP : Unreachable peer'
2026-03-13 00:05:17 [ERROR] b' TCP : Unreachable peer'
2026-03-13 00:05:17 [ERROR] b' TCP : Unreachable peer'
2026-03-13 00:05:18 [ERROR] b' TCP : Unreachable peer'
2026-03-13 00:05:18 [ERROR] b' TCP : Unreachable peer'
2026-03-13 00:05:19 [ERROR] b' TCP : Unreachable peer'
2026-03-13 00:05:19 [ERROR] b' TCP : Unreachable peer'
2026-03-13 00:05:20 [ERROR] b' TCP : Unreachable peer'
2026-03-13 00:05:20 [ERROR] b' TCP : Unreachable peer'
2026-03-13 00:05:21 [ERROR] b' TCP : Unreachable peer'
2026-03-13 00:05:21 [ERROR] b' TCP : Unreachable peer'
2026-03-13 00:05:22 [ERROR] b' TCP : Unreachable peer'
2026-03-13 00:05:22 [ERROR] b' TCP : Unreachable peer'
2026-03-13 00:05:23 [ERROR] b' TCP : Unreachable peer'
2026-03-13 00:05:23 [ERROR] b' TCP : Unreachable peer'
2026-03-13 00:05:24 [ERROR] b' TCP : Unreachable peer'
2026-03-13 00:05:24 [ERROR] b' TCP : Unreachable peer'
2026-03-13 00:05:25 [ERROR] b' TCP : Unreachable peer'
2026-03-13 00:05:25 [ERROR] b' TCP : Unreachable peer'
2026-03-13 00:05:26 [ERROR] b' TCP : Unreachable peer'
2026-03-13 00:05:26 [ERROR] b' TCP : Unreachable peer'
2026-03-13 00:05:27 [ERROR] b' TCP : Unreachable peer'
2026-03-13 00:05:27 [ERROR] b' TCP : Unreachable peer'
2026-03-13 00:05:28 [ERROR] b' TCP : Unreachable peer'
2026-03-13 00:05:28 [ERROR] b' TCP : Unreachable peer'
2026-03-13 00:05:29 [ERROR] b' TCP : Unreachable peer'
2026-03-13 00:05:29 [ERROR] b' TCP : Unreachable peer'
2026-03-13 00:05:30 [ERROR] b' TCP : Unreachable peer'
2026-03-13 00:05:30 [ERROR] b' TCP : Unreachable peer'
2026-03-13 00:05:31 [ERROR] b' TCP : Unreachable peer'
2026-03-13 00:05:31 [ERROR] b' TCP : Unreachable peer'
2026-03-13 00:05:32 [ERROR] b' TCP : Unreachable peer'
2026-03-13 00:05:32 [ERROR] b' TCP : Unreachable peer'
2026-03-13 00:05:33 [ERROR] b' TCP : Unreachable peer'
2026-03-13 00:05:33 [ERROR] b' TCP : Unreachable peer'
2026-03-13 00:05:34 [ERROR] b' TCP : Unreachable peer'
2026-03-13 00:05:34 [ERROR] b' TCP : Unreachable peer'
2026-03-13 00:05:35 [ERROR] b' TCP : Unreachable peer'
2026-03-13 00:05:35 [ERROR] b' TCP : Unreachable peer'
2026-03-13 00:05:36 [ERROR] b' TCP : Unreachable peer'
2026-03-13 00:05:36 [ERROR] b' TCP : Unreachable peer'
2026-03-13 00:05:37 [ERROR] b' TCP : Unreachable peer'
2026-03-13 00:05:37 [ERROR] b' TCP : Unreachable peer'
2026-03-13 00:05:38 [ERROR] b' TCP : Unreachable peer'
2026-03-13 00:05:39 [ERROR] b' TCP : Unreachable peer'
2026-03-13 00:05:39 [ERROR] b' TCP : Unreachable peer'
2026-03-13 00:05:40 [ERROR] b' TCP : Unreachable peer'
2026-03-13 00:05:40 [ERROR] b' TCP : Unreachable peer'
2026-03-13 00:05:41 [ERROR] b' TCP : Unreachable peer'
2026-03-13 00:05:41 [ERROR] b' TCP : Unreachable peer'
2026-03-13 00:05:42 [ERROR] b' TCP : Unreachable peer'
2026-03-13 00:05:42 [ERROR] b' TCP : Unreachable peer'
2026-03-13 00:05:43 [ERROR] b' TCP : Unreachable peer'
2026-03-13 00:05:43 [ERROR] b' TCP : Unreachable peer'
2026-03-13 00:05:44 [ERROR] b' TCP : Unreachable peer'
2026-03-13 00:05:44 [ERROR] b' TCP : Unreachable peer'
2026-03-13 00:05:45 [ERROR] b' TCP : Unreachable peer'
2026-03-13 00:05:45 [ERROR] b' TCP : Unreachable peer'
2026-03-13 00:05:46 [ERROR] b' TCP : Unreachable peer'
2026-03-13 00:05:46 [ERROR] b' TCP : Unreachable peer'
2026-03-13 00:05:47 [ERROR] b' TCP : Unreachable peer'
2026-03-13 00:05:47 [ERROR] b' TCP : Unreachable peer'
2026-03-13 00:05:48 [ERROR] b' TCP : Unreachable peer'
2026-03-13 00:05:48 [ERROR] b' TCP : Unreachable peer'
2026-03-13 00:05:49 [ERROR] b' TCP : Unreachable peer'
2026-03-13 00:05:49 [ERROR] b' TCP : Unreachable peer'
2026-03-13 00:05:50 [ERROR] b' TCP : Unreachable peer'
2026-03-13 00:05:50 [ERROR] b' TCP : Unreachable peer'
2026-03-13 00:05:51 [ERROR] b' TCP : Unreachable peer'
2026-03-13 00:05:52 [ERROR] b' TCP : Unreachable peer'
2026-03-13 00:05:52 [ERROR] b' TCP : Unreachable peer'
2026-03-13 00:05:53 [ERROR] b' TCP : Unreachable peer'
2026-03-13 00:05:53 [ERROR] b' TCP : Unreachable peer'
2026-03-13 00:05:54 [ERROR] b' TCP : Unreachable peer'
2026-03-13 00:05:54 [ERROR] b' TCP : Unreachable peer'
2026-03-13 00:05:55 [ERROR] b' TCP : Unreachable peer'
2026-03-13 00:05:55 [ERROR] b' TCP : Unreachable peer'
2026-03-13 00:05:56 [ERROR] b' TCP : Unreachable peer'
2026-03-13 00:05:56 [ERROR] b' TCP : Unreachable peer'
2026-03-13 00:05:57 [ERROR] b' TCP : Unreachable peer'
2026-03-13 00:05:57 [ERROR] b' TCP : Unreachable peer'
2026-03-13 00:05:58 [ERROR] b' TCP : Unreachable peer'
2026-03-13 00:05:58 [ERROR] b' TCP : Unreachable peer'
2026-03-13 00:05:59 [ERROR] b' TCP : Unreachable peer'
2026-03-13 00:05:59 [ERROR] b' TCP : Unreachable peer'
2026-03-13 00:06:00 [ERROR] b' TCP : Unreachable peer'
2026-03-13 00:06:00 [ERROR] b' TCP : Unreachable peer'
2026-03-13 00:06:01 [ERROR] b' TCP : Unreachable peer'
2026-03-13 00:06:01 [ERROR] b' TCP : Unreachable peer'
2026-03-13 00:06:02 [ERROR] b' TCP : Unreachable peer'
2026-03-13 00:06:02 [ERROR] b' TCP : Unreachable peer'
2026-03-13 00:06:03 [ERROR] b' TCP : Unreachable peer'
2026-03-13 00:06:03 [ERROR] b' TCP : Unreachable peer'
2026-03-13 00:06:04 [ERROR] b' TCP : Unreachable peer'
2026-03-13 00:06:04 [ERROR] b' TCP : Unreachable peer'
2026-03-13 00:06:05 [ERROR] b' TCP : Unreachable peer'
2026-03-13 00:06:05 [ERROR] b' TCP : Unreachable peer'
2026-03-13 00:06:06 [ERROR] b' TCP : Unreachable peer'
2026-03-13 00:06:06 [ERROR] b' TCP : Unreachable peer'
2026-03-13 00:06:07 [ERROR] b' TCP : Unreachable peer'
2026-03-13 00:06:07 [ERROR] b' TCP : Unreachable peer'
2026-03-13 00:06:08 [ERROR] b' TCP : Unreachable peer'
2026-03-13 00:06:09 [ERROR] b' TCP : Unreachable peer'
2026-03-13 00:06:09 [ERROR] b' TCP : Unreachable peer'
2026-03-13 00:06:10 [ERROR] b' TCP : Unreachable peer'
2026-03-13 00:06:10 [ERROR] b' TCP : Unreachable peer'
2026-03-13 00:06:11 [ERROR] b' TCP : Unreachable peer'
2026-03-13 00:06:11 [ERROR] b' TCP : Unreachable peer'
2026-03-13 00:06:12 [ERROR] b' TCP : Unreachable peer'
2026-03-13 00:06:12 [ERROR] b' TCP : Unreachable peer'
2026-03-13 00:06:13 [ERROR] b' TCP : Unreachable peer'
2026-03-13 00:06:13 [ERROR] b' TCP : Unreachable peer'
2026-03-13 00:06:14 [ERROR] b' TCP : Unreachable peer'
2026-03-13 00:06:14 [ERROR] b' TCP : Unreachable peer'
2026-03-13 00:06:15 [ERROR] b' TCP : Unreachable peer'
2026-03-13 00:06:15 [ERROR] b' TCP : Unreachable peer'
2026-03-13 00:06:16 [ERROR] b' TCP : Unreachable peer'
2026-03-13 00:06:16 [ERROR] b' TCP : Unreachable peer'
2026-03-13 00:06:17 [ERROR] b' TCP : Unreachable peer'
2026-03-13 00:06:17 [ERROR] b' TCP : Unreachable peer'
2026-03-13 00:06:18 [ERROR] b' TCP : Unreachable peer'
2026-03-13 00:06:18 [ERROR] b' TCP : Unreachable peer'
2026-03-13 00:06:19 [ERROR] b' TCP : Unreachable peer'
2026-03-13 00:06:19 [ERROR] b' TCP : Unreachable peer'
2026-03-13 00:06:20 [ERROR] b' TCP : Unreachable peer'
2026-03-13 00:06:20 [ERROR] b' TCP : Unreachable peer'
2026-03-13 00:06:21 [ERROR] b' TCP : Unreachable peer'
2026-03-13 00:06:21 [ERROR] b' TCP : Unreachable peer'
2026-03-13 00:06:22 [ERROR] b' TCP : Unreachable peer'
2026-03-13 00:06:22 [ERROR] b' TCP : Unreachable peer'
2026-03-13 00:06:23 [ERROR] b' TCP : Unreachable peer'
2026-03-13 00:06:23 [ERROR] b' TCP : Unreachable peer'
2026-03-13 00:06:24 [ERROR] b' TCP : Unreachable peer'
2026-03-13 00:06:24 [ERROR] b' TCP : Unreachable peer'
2026-03-13 00:06:25 [ERROR] b' TCP : Unreachable peer'
2026-03-13 00:06:25 [ERROR] b' TCP : Unreachable peer'
2026-03-13 00:06:26 [ERROR] b' TCP : Unreachable peer'
2026-03-13 00:06:26 [ERROR] b' TCP : Unreachable peer'
2026-03-13 00:06:27 [ERROR] b' TCP : Unreachable peer'
2026-03-13 00:06:27 [ERROR] b' TCP : Unreachable peer'
2026-03-13 00:06:28 [ERROR] b' TCP : Unreachable peer'
2026-03-13 00:06:28 [ERROR] b' TCP : Unreachable peer'
2026-03-13 00:06:29 [ERROR] b' TCP : Unreachable peer'
2026-03-13 00:06:29 [ERROR] b' TCP : Unreachable peer'
2026-03-13 00:06:30 [ERROR] b' TCP : Unreachable peer'
2026-03-13 00:06:31 [ERROR] b' TCP : Unreachable peer'
2026-03-13 00:06:31 [ERROR] b' TCP : Unreachable peer'
2026-03-13 00:06:32 [ERROR] b' TCP : Unreachable peer'
2026-03-13 00:06:32 [ERROR] b' TCP : Unreachable peer'
2026-03-13 00:06:33 [ERROR] b' TCP : Unreachable peer'
2026-03-13 00:06:33 [ERROR] b' TCP : Unreachable peer'
2026-03-13 00:06:34 [ERROR] b' TCP : Unreachable peer'
2026-03-13 00:06:34 [ERROR] b' TCP : Unreachable peer'
2026-03-13 00:06:35 [ERROR] b' TCP : Unreachable peer'
2026-03-13 00:06:35 [ERROR] b' TCP : Unreachable peer'
2026-03-13 00:06:36 [ERROR] b' TCP : Unreachable peer'
2026-03-13 00:06:36 [ERROR] b' TCP : Unreachable peer'
2026-03-13 00:06:37 [ERROR] b' TCP : Unreachable peer'
2026-03-13 00:06:37 [ERROR] b' TCP : Unreachable peer'
2026-03-13 00:06:38 [ERROR] b' TCP : Unreachable peer'
2026-03-13 00:06:38 [ERROR] b' TCP : Unreachable peer'
2026-03-13 00:06:39 [ERROR] b' TCP : Unreachable peer'
2026-03-13 00:06:39 [ERROR] b' TCP : Unreachable peer'
2026-03-13 00:06:40 [ERROR] b' TCP : Unreachable peer'
2026-03-13 00:06:40 [ERROR] b' TCP : Unreachable peer'
2026-03-13 00:06:41 [ERROR] b' TCP : Unreachable peer'
2026-03-13 00:06:41 [ERROR] b' TCP : Unreachable peer'
2026-03-13 00:06:42 [ERROR] b' TCP : Unreachable peer'
2026-03-13 00:06:42 [ERROR] b' TCP : Unreachable peer'
2026-03-13 00:06:43 [ERROR] b' TCP : Unreachable peer'
2026-03-13 00:06:43 [ERROR] b' TCP : Unreachable peer'
2026-03-13 00:06:44 [ERROR] b' TCP : Unreachable peer'
2026-03-13 00:06:44 [ERROR] b' TCP : Unreachable peer'
2026-03-13 00:06:45 [ERROR] b' TCP : Unreachable peer'
2026-03-13 00:06:45 [ERROR] b' TCP : Unreachable peer'
2026-03-13 00:06:46 [ERROR] b' TCP : Unreachable peer'
2026-03-13 00:06:46 [ERROR] b' TCP : Unreachable peer'
2026-03-13 00:06:47 [ERROR] b' TCP : Unreachable peer'
2026-03-13 00:06:47 [ERROR] b' TCP : Unreachable peer'
2026-03-13 00:06:48 [ERROR] b' TCP : Unreachable peer'
2026-03-13 00:06:48 [ERROR] b' TCP : Unreachable peer'
2026-03-13 00:06:49 [ERROR] b' TCP : Unreachable peer'
2026-03-13 00:06:49 [ERROR] b' TCP : Unreachable peer'
2026-03-13 00:06:50 [ERROR] b' TCP : Unreachable peer'
2026-03-13 00:06:50 [ERROR] b' TCP : Unreachable peer'
2026-03-13 00:06:51 [ERROR] b' TCP : Unreachable peer'
2026-03-13 00:06:51 [ERROR] b' TCP : Unreachable peer'
2026-03-13 00:06:52 [ERROR] b' TCP : Unreachable peer'
2026-03-13 00:06:52 [ERROR] b' TCP : Unreachable peer'
2026-03-13 00:06:53 [ERROR] b' TCP : Unreachable peer'
2026-03-13 00:06:53 [ERROR] b' TCP : Unreachable peer'
2026-03-13 00:06:54 [ERROR] b' TCP : Unreachable peer'
2026-03-13 00:06:54 [ERROR] b' TCP : Unreachable peer'
2026-03-13 00:06:55 [ERROR] b' TCP : Unreachable peer'
2026-03-13 00:06:55 [ERROR] b' TCP : Unreachable peer'
2026-03-13 00:06:56 [ERROR] b' TCP : Unreachable peer'
2026-03-13 00:06:57 [ERROR] b' TCP : Unreachable peer'
2026-03-13 00:06:57 [ERROR] b' TCP : Unreachable peer'
2026-03-13 00:06:58 [ERROR] b' TCP : Unreachable peer'
2026-03-13 00:06:58 [ERROR] b' TCP : Unreachable peer'
2026-03-13 00:06:59 [ERROR] b' TCP : Unreachable peer'
2026-03-13 00:06:59 [ERROR] b' TCP : Unreachable peer'
2026-03-13 00:07:00 [ERROR] b' TCP : Unreachable peer'
2026-03-13 00:07:34 [ERROR] b' TCP : Unreachable peer'
2026-03-13 00:07:51 [ERROR] b' TCP : Unreachable peer'
2026-03-13 00:08:07 [ERROR] b' TCP : Unreachable peer'
2026-03-13 00:08:21 [ERROR] b' TCP : Unreachable peer'
2026-03-13 00:08:38 [ERROR] b' TCP : Unreachable peer'
2026-03-13 00:08:55 [ERROR] b' TCP : Unreachable peer'
2026-03-13 00:10:01 [ERROR] b' TCP : Unreachable peer'
2026-03-13 00:10:02 [ERROR] b' TCP : Unreachable peer'
2026-03-13 00:10:16 [ERROR] b' TCP : Unreachable peer'
2026-03-13 00:10:41 [ERROR] b' TCP : Unreachable peer'
2026-03-13 00:11:41 [ERROR] b' TCP : Unreachable peer'
2026-03-13 00:12:14 [ERROR] b' TCP : Unreachable peer'
2026-03-13 00:12:49 [ERROR] b' TCP : Unreachable peer'
2026-03-13 00:13:10 [ERROR] b' TCP : Unreachable peer'
2026-03-13 00:14:38 [ERROR] b' TCP : Unreachable peer'
2026-03-13 00:14:56 [ERROR] b' TCP : Unreachable peer'
2026-03-13 00:15:15 [ERROR] b' TCP : Unreachable peer'
2026-03-13 00:16:24 [ERROR] b' TCP : Unreachable peer'
2026-03-13 00:16:25 [ERROR] b' TCP : Unreachable peer'
2026-03-13 00:16:39 [ERROR] b' TCP : Unreachable peer'
2026-03-13 00:17:07 [ERROR] b' TCP : Unreachable peer'
2026-03-13 00:17:26 [ERROR] b' TCP : Unreachable peer'
2026-03-13 00:19:09 [ERROR] b' TCP : Unreachable peer'
2026-03-13 00:20:46 [ERROR] b' TCP : Unreachable peer'
2026-03-13 00:21:05 [ERROR] b' TCP : Unreachable peer'
2026-03-13 00:21:22 [ERROR] b' TCP : Unreachable peer'
2026-03-13 00:23:19 [ERROR] b' TCP : Unreachable peer'
2026-03-13 00:25:48 [ERROR] b' TCP : Unreachable peer'
2026-03-13 00:26:44 [ERROR] b' TCP : Unreachable peer'
2026-03-13 00:27:02 [ERROR] b' TCP : Unreachable peer'
2026-03-13 00:28:32 [ERROR] b' TCP : Unreachable peer'
2026-03-13 00:29:48 [ERROR] b' TCP : Unreachable peer'
2026-03-13 00:31:13 [ERROR] b' TCP : Unreachable peer'
2026-03-13 00:32:33 [ERROR] b' TCP : Unreachable peer'
2026-03-13 00:33:02 [ERROR] b' ISO : An error occurred during recv TCP : Connection timed out'
2026-03-13 00:33:03 [ERROR] b' TCP : Unreachable peer'
2026-03-13 00:35:46 [ERROR] b' TCP : Unreachable peer'
2026-03-13 00:37:41 [ERROR] b' TCP : Unreachable peer'
2026-03-13 00:38:57 [ERROR] b' TCP : Unreachable peer'
2026-03-13 00:41:54 [ERROR] b' TCP : Unreachable peer'
2026-03-13 00:43:08 [ERROR] b' TCP : Unreachable peer'
2026-03-13 00:43:28 [ERROR] b' TCP : Unreachable peer'
2026-03-13 00:43:44 [ERROR] b' TCP : Unreachable peer'
2026-03-13 00:44:01 [ERROR] b' TCP : Unreachable peer'
2026-03-13 00:44:58 [ERROR] b' TCP : Unreachable peer'
2026-03-13 00:46:31 [ERROR] b' TCP : Unreachable peer'
2026-03-13 00:47:04 [ERROR] b' TCP : Unreachable peer'
2026-03-13 00:47:43 [ERROR] b' TCP : Unreachable peer'
2026-03-13 00:49:14 [ERROR] b' TCP : Unreachable peer'
2026-03-13 00:50:11 [ERROR] b' TCP : Unreachable peer'
2026-03-13 00:50:32 [ERROR] b' TCP : Unreachable peer'
2026-03-13 00:50:49 [ERROR] b' TCP : Unreachable peer'
2026-03-13 00:51:18 [ERROR] b' TCP : Unreachable peer'
2026-03-13 00:51:18 [ERROR] b' TCP : Unreachable peer'
2026-03-13 00:51:31 [ERROR] b' TCP : Unreachable peer'
2026-03-13 00:51:32 [ERROR] b' TCP : Unreachable peer'
2026-03-13 00:51:46 [ERROR] b' TCP : Unreachable peer'
2026-03-13 00:52:03 [ERROR] b' TCP : Unreachable peer'
2026-03-13 00:52:18 [ERROR] b' TCP : Unreachable peer'
2026-03-13 00:52:36 [ERROR] b' TCP : Unreachable peer'
2026-03-13 00:53:19 [ERROR] b' TCP : Unreachable peer'
2026-03-13 00:53:34 [ERROR] b' TCP : Unreachable peer'
2026-03-13 00:53:54 [ERROR] b' TCP : Unreachable peer'
2026-03-13 00:53:57 [ERROR] b' TCP : Unreachable peer'
2026-03-13 00:54:45 [ERROR] b' TCP : Unreachable peer'
2026-03-13 00:55:07 [ERROR] b' TCP : Unreachable peer'
2026-03-13 00:55:19 [ERROR] b' TCP : Unreachable peer'
2026-03-13 00:55:23 [ERROR] b' TCP : Unreachable peer'
2026-03-13 00:55:39 [ERROR] b' TCP : Unreachable peer'
2026-03-13 00:55:55 [ERROR] b' TCP : Unreachable peer'
2026-03-13 00:56:33 [ERROR] b' TCP : Unreachable peer'
2026-03-13 00:56:53 [ERROR] b' TCP : Unreachable peer'
2026-03-13 00:57:39 [ERROR] b' TCP : Unreachable peer'
2026-03-13 00:58:14 [ERROR] b' TCP : Unreachable peer'
2026-03-13 01:05:43 [ERROR] b' TCP : Unreachable peer'
2026-03-13 01:06:31 [ERROR] b' TCP : Unreachable peer'
2026-03-13 01:06:32 [ERROR] b' TCP : Unreachable peer'
2026-03-13 01:06:32 [ERROR] b' TCP : Unreachable peer'
2026-03-13 01:06:38 [ERROR] b' TCP : Unreachable peer'
2026-03-13 01:07:23 [ERROR] b' TCP : Unreachable peer'
2026-03-13 01:07:42 [ERROR] b' TCP : Unreachable peer'
2026-03-13 01:08:18 [ERROR] b' TCP : Unreachable peer'
2026-03-13 01:09:02 [ERROR] b' TCP : Unreachable peer'
2026-03-13 01:09:45 [ERROR] b' TCP : Unreachable peer'
2026-03-13 01:10:00 [ERROR] b' TCP : Unreachable peer'
2026-03-13 01:10:19 [ERROR] b' TCP : Unreachable peer'
2026-03-13 01:10:30 [ERROR] b' TCP : Unreachable peer'
2026-03-13 01:10:31 [ERROR] b' TCP : Unreachable peer'
2026-03-13 01:10:47 [ERROR] b' TCP : Unreachable peer'
2026-03-13 01:11:04 [ERROR] b' TCP : Unreachable peer'
2026-03-13 01:12:35 [ERROR] b' TCP : Unreachable peer'
2026-03-13 01:12:35 [ERROR] b' TCP : Unreachable peer'
2026-03-13 01:12:36 [ERROR] b' TCP : Unreachable peer'
2026-03-13 01:12:36 [ERROR] b' TCP : Unreachable peer'
2026-03-13 01:12:37 [ERROR] b' TCP : Unreachable peer'
2026-03-13 01:13:21 [ERROR] b' TCP : Unreachable peer'
2026-03-13 01:13:36 [ERROR] b' TCP : Unreachable peer'
2026-03-13 01:14:25 [ERROR] b' TCP : Unreachable peer'
2026-03-13 01:18:12 [ERROR] b' TCP : Unreachable peer'
2026-03-13 01:20:37 [ERROR] b' TCP : Unreachable peer'
2026-03-13 01:21:00 [ERROR] b' TCP : Unreachable peer'
2026-03-13 01:23:00 [ERROR] b' TCP : Unreachable peer'
2026-03-13 01:24:04 [ERROR] b' TCP : Unreachable peer'
2026-03-13 01:27:26 [ERROR] b' TCP : Unreachable peer'
2026-03-13 01:28:46 [ERROR] b' TCP : Unreachable peer'
2026-03-13 01:32:12 [ERROR] b' TCP : Unreachable peer'
2026-03-13 01:33:14 [ERROR] b' TCP : Unreachable peer'
2026-03-13 01:34:47 [ERROR] b' TCP : Unreachable peer'
2026-03-13 01:36:23 [ERROR] b' TCP : Unreachable peer'
2026-03-13 01:40:34 [ERROR] b' TCP : Unreachable peer'
2026-03-13 01:41:39 [ERROR] b' TCP : Unreachable peer'
2026-03-13 01:43:59 [ERROR] b' TCP : Unreachable peer'
2026-03-13 01:47:00 [ERROR] b' TCP : Unreachable peer'
2026-03-13 01:47:18 [ERROR] b' TCP : Unreachable peer'
2026-03-13 01:47:30 [ERROR] b' TCP : Unreachable peer'
2026-03-13 01:47:41 [ERROR] b' TCP : Unreachable peer'
2026-03-13 01:48:35 [ERROR] b' TCP : Unreachable peer'
2026-03-13 01:49:40 [ERROR] b' TCP : Unreachable peer'
2026-03-13 01:50:13 [ERROR] b' TCP : Unreachable peer'
2026-03-13 01:52:18 [ERROR] b' TCP : Unreachable peer'
2026-03-13 01:56:38 [ERROR] b' TCP : Unreachable peer'
2026-03-13 01:58:59 [ERROR] b' TCP : Unreachable peer'
2026-03-13 01:59:13 [ERROR] b' TCP : Unreachable peer'
2026-03-13 02:01:19 [ERROR] b' TCP : Unreachable peer'
2026-03-13 02:03:55 [ERROR] b' TCP : Unreachable peer'
2026-03-13 02:04:32 [ERROR] b' TCP : Unreachable peer'
2026-03-13 02:04:48 [ERROR] b' TCP : Unreachable peer'
2026-03-13 02:05:02 [ERROR] b' TCP : Unreachable peer'
2026-03-13 02:05:42 [ERROR] b' TCP : Unreachable peer'
2026-03-13 02:06:44 [ERROR] b' TCP : Unreachable peer'
2026-03-13 02:06:58 [ERROR] b' TCP : Unreachable peer'
2026-03-13 02:07:16 [ERROR] b' TCP : Unreachable peer'
2026-03-13 02:08:13 [ERROR] b' TCP : Unreachable peer'
2026-03-13 02:08:26 [ERROR] b' TCP : Unreachable peer'
2026-03-13 02:10:37 [ERROR] b' TCP : Unreachable peer'
2026-03-13 02:11:31 [ERROR] b' TCP : Unreachable peer'
2026-03-13 02:11:50 [ERROR] b' TCP : Unreachable peer'
2026-03-13 02:12:53 [ERROR] b' TCP : Unreachable peer'
2026-03-13 02:14:06 [ERROR] b' TCP : Unreachable peer'
2026-03-13 02:14:41 [ERROR] b' TCP : Unreachable peer'
2026-03-13 02:15:02 [ERROR] b' TCP : Unreachable peer'
2026-03-13 02:15:20 [ERROR] b' TCP : Unreachable peer'
2026-03-13 02:17:30 [ERROR] b' TCP : Unreachable peer'
2026-03-13 02:17:51 [ERROR] b' TCP : Unreachable peer'
2026-03-13 02:18:08 [ERROR] b' TCP : Unreachable peer'
2026-03-13 02:18:39 [ERROR] b' TCP : Unreachable peer'
2026-03-13 02:18:39 [ERROR] b' TCP : Unreachable peer'
2026-03-13 02:18:40 [ERROR] b' TCP : Unreachable peer'
2026-03-13 02:18:43 [ERROR] b' TCP : Unreachable peer'
2026-03-13 02:19:05 [ERROR] b' TCP : Unreachable peer'
2026-03-13 02:19:45 [ERROR] b' TCP : Unreachable peer'
2026-03-13 02:19:57 [ERROR] b' TCP : Unreachable peer'
2026-03-13 02:20:39 [ERROR] b' TCP : Unreachable peer'
2026-03-13 02:20:53 [ERROR] b' TCP : Unreachable peer'
2026-03-13 02:21:15 [ERROR] b' TCP : Unreachable peer'
2026-03-13 02:22:09 [ERROR] b' TCP : Unreachable peer'
2026-03-13 02:22:28 [ERROR] b' TCP : Unreachable peer'
2026-03-13 02:23:28 [ERROR] b' TCP : Unreachable peer'
2026-03-13 02:24:36 [ERROR] b' TCP : Unreachable peer'
2026-03-13 02:25:04 [ERROR] b' TCP : Unreachable peer'
2026-03-13 02:25:41 [ERROR] b' TCP : Unreachable peer'
2026-03-13 02:27:17 [ERROR] b' TCP : Unreachable peer'
2026-03-13 02:28:19 [ERROR] b' TCP : Unreachable peer'
2026-03-13 02:28:38 [ERROR] b' TCP : Unreachable peer'
2026-03-13 02:28:47 [ERROR] b' TCP : Unreachable peer'
2026-03-13 02:29:06 [ERROR] b' TCP : Unreachable peer'
2026-03-13 02:29:45 [ERROR] b' TCP : Unreachable peer'
2026-03-13 02:31:07 [ERROR] b' TCP : Unreachable peer'
2026-03-13 02:32:55 [ERROR] b' TCP : Unreachable peer'
2026-03-13 02:33:36 [ERROR] b' TCP : Unreachable peer'
2026-03-13 02:34:31 [ERROR] b' TCP : Unreachable peer'
2026-03-13 02:35:32 [ERROR] b' TCP : Unreachable peer'
2026-03-13 02:38:07 [ERROR] b' TCP : Unreachable peer'
2026-03-13 02:38:21 [ERROR] b' TCP : Unreachable peer'
2026-03-13 02:41:24 [ERROR] b' TCP : Unreachable peer'
2026-03-13 02:42:56 [ERROR] b' TCP : Unreachable peer'
2026-03-13 02:43:01 [ERROR] b' TCP : Unreachable peer'
2026-03-13 02:43:24 [ERROR] b' TCP : Unreachable peer'
2026-03-13 02:43:45 [ERROR] b' TCP : Unreachable peer'
2026-03-13 02:44:18 [ERROR] b' TCP : Unreachable peer'
2026-03-13 02:45:31 [ERROR] b' TCP : Unreachable peer'
2026-03-13 02:45:31 [ERROR] b' TCP : Unreachable peer'
2026-03-13 02:45:32 [ERROR] b' TCP : Unreachable peer'
2026-03-13 02:45:35 [ERROR] b' TCP : Unreachable peer'
2026-03-13 02:46:10 [ERROR] b' TCP : Unreachable peer'
2026-03-13 02:47:37 [ERROR] b' TCP : Unreachable peer'
2026-03-13 02:48:24 [ERROR] b' TCP : Unreachable peer'
2026-03-13 02:48:42 [ERROR] b' TCP : Unreachable peer'
2026-03-13 02:48:51 [ERROR] b' TCP : Unreachable peer'
2026-03-13 02:50:04 [ERROR] b' TCP : Unreachable peer'
2026-03-13 02:50:33 [ERROR] b' TCP : Unreachable peer'
2026-03-13 02:50:51 [ERROR] b' TCP : Unreachable peer'
2026-03-13 02:51:14 [ERROR] b' TCP : Unreachable peer'
2026-03-13 02:54:53 [ERROR] b' TCP : Unreachable peer'
2026-03-13 02:55:52 [ERROR] b' TCP : Unreachable peer'
2026-03-13 02:59:04 [ERROR] b' TCP : Unreachable peer'
2026-03-13 03:01:32 [ERROR] b' TCP : Unreachable peer'
2026-03-13 03:01:54 [ERROR] b' TCP : Unreachable peer'
2026-03-13 03:02:55 [ERROR] b' TCP : Unreachable peer'
2026-03-13 03:03:29 [ERROR] b' TCP : Unreachable peer'
2026-03-13 03:03:47 [ERROR] b' TCP : Unreachable peer'
2026-03-13 03:03:53 [ERROR] b' TCP : Unreachable peer'
2026-03-13 03:04:24 [ERROR] b' TCP : Unreachable peer'
2026-03-13 03:05:46 [ERROR] b' TCP : Unreachable peer'
2026-03-13 03:06:03 [ERROR] b' TCP : Unreachable peer'
2026-03-13 03:06:40 [ERROR] b' TCP : Unreachable peer'
2026-03-13 03:06:41 [ERROR] b' TCP : Unreachable peer'
2026-03-13 03:06:41 [ERROR] b' TCP : Unreachable peer'
2026-03-13 03:06:42 [ERROR] b' TCP : Unreachable peer'
2026-03-13 03:06:42 [ERROR] b' TCP : Unreachable peer'
2026-03-13 03:06:43 [ERROR] b' TCP : Unreachable peer'
2026-03-13 03:06:43 [ERROR] b' TCP : Unreachable peer'
2026-03-13 03:06:44 [ERROR] b' TCP : Unreachable peer'
2026-03-13 03:06:44 [ERROR] b' TCP : Unreachable peer'
2026-03-13 03:06:45 [ERROR] b' TCP : Unreachable peer'
2026-03-13 03:06:45 [ERROR] b' TCP : Unreachable peer'
2026-03-13 03:06:46 [ERROR] b' TCP : Unreachable peer'
2026-03-13 03:06:46 [ERROR] b' TCP : Unreachable peer'
2026-03-13 03:06:47 [ERROR] b' TCP : Unreachable peer'
2026-03-13 03:06:47 [ERROR] b' TCP : Unreachable peer'
2026-03-13 03:06:48 [ERROR] b' TCP : Unreachable peer'
2026-03-13 03:06:48 [ERROR] b' TCP : Unreachable peer'
2026-03-13 03:06:49 [ERROR] b' TCP : Unreachable peer'
2026-03-13 03:06:49 [ERROR] b' TCP : Unreachable peer'
2026-03-13 03:06:50 [ERROR] b' TCP : Unreachable peer'
2026-03-13 03:06:50 [ERROR] b' TCP : Unreachable peer'
2026-03-13 03:06:51 [ERROR] b' TCP : Unreachable peer'
2026-03-13 03:06:51 [ERROR] b' TCP : Unreachable peer'
2026-03-13 03:06:52 [ERROR] b' TCP : Unreachable peer'
2026-03-13 03:06:52 [ERROR] b' TCP : Unreachable peer'
2026-03-13 03:06:53 [ERROR] b' TCP : Unreachable peer'
2026-03-13 03:06:53 [ERROR] b' TCP : Unreachable peer'
2026-03-13 03:06:54 [ERROR] b' TCP : Unreachable peer'
2026-03-13 03:06:54 [ERROR] b' TCP : Unreachable peer'
2026-03-13 03:06:55 [ERROR] b' TCP : Unreachable peer'
2026-03-13 03:06:55 [ERROR] b' TCP : Unreachable peer'
2026-03-13 03:06:56 [ERROR] b' TCP : Unreachable peer'
2026-03-13 03:06:56 [ERROR] b' TCP : Unreachable peer'
2026-03-13 03:06:57 [ERROR] b' TCP : Unreachable peer'
2026-03-13 03:06:58 [ERROR] b' TCP : Unreachable peer'
2026-03-13 03:06:58 [ERROR] b' TCP : Unreachable peer'
2026-03-13 03:06:59 [ERROR] b' TCP : Unreachable peer'
2026-03-13 03:06:59 [ERROR] b' TCP : Unreachable peer'
2026-03-13 03:07:00 [ERROR] b' TCP : Unreachable peer'
2026-03-13 03:07:00 [ERROR] b' TCP : Unreachable peer'
2026-03-13 03:07:01 [ERROR] b' TCP : Unreachable peer'
2026-03-13 03:07:01 [ERROR] b' TCP : Unreachable peer'
2026-03-13 03:07:02 [ERROR] b' TCP : Unreachable peer'
2026-03-13 03:07:02 [ERROR] b' TCP : Unreachable peer'
2026-03-13 03:07:03 [ERROR] b' TCP : Unreachable peer'
2026-03-13 03:07:03 [ERROR] b' TCP : Unreachable peer'
2026-03-13 03:07:04 [ERROR] b' TCP : Unreachable peer'
2026-03-13 03:07:04 [ERROR] b' TCP : Unreachable peer'
2026-03-13 03:07:05 [ERROR] b' TCP : Unreachable peer'
2026-03-13 03:07:05 [ERROR] b' TCP : Unreachable peer'
2026-03-13 03:07:06 [ERROR] b' TCP : Unreachable peer'
2026-03-13 03:07:06 [ERROR] b' TCP : Unreachable peer'
2026-03-13 03:07:07 [ERROR] b' TCP : Unreachable peer'
2026-03-13 03:07:07 [ERROR] b' TCP : Unreachable peer'
2026-03-13 03:07:08 [ERROR] b' TCP : Unreachable peer'
2026-03-13 03:07:08 [ERROR] b' TCP : Unreachable peer'
2026-03-13 03:07:09 [ERROR] b' TCP : Unreachable peer'
2026-03-13 03:07:09 [ERROR] b' TCP : Unreachable peer'
2026-03-13 03:07:10 [ERROR] b' TCP : Unreachable peer'
2026-03-13 03:07:10 [ERROR] b' TCP : Unreachable peer'
2026-03-13 03:07:11 [ERROR] b' TCP : Unreachable peer'
2026-03-13 03:07:11 [ERROR] b' TCP : Unreachable peer'
2026-03-13 03:07:12 [ERROR] b' TCP : Unreachable peer'
2026-03-13 03:07:12 [ERROR] b' TCP : Unreachable peer'
2026-03-13 03:07:13 [ERROR] b' TCP : Unreachable peer'
2026-03-13 03:07:13 [ERROR] b' TCP : Unreachable peer'
2026-03-13 03:07:14 [ERROR] b' TCP : Unreachable peer'
2026-03-13 03:07:14 [ERROR] b' TCP : Unreachable peer'
2026-03-13 03:07:15 [ERROR] b' TCP : Unreachable peer'
2026-03-13 03:07:15 [ERROR] b' TCP : Unreachable peer'
2026-03-13 03:07:16 [ERROR] b' TCP : Unreachable peer'
2026-03-13 03:07:16 [ERROR] b' TCP : Unreachable peer'
2026-03-13 03:07:17 [ERROR] b' TCP : Unreachable peer'
2026-03-13 03:07:18 [ERROR] b' TCP : Unreachable peer'
2026-03-13 03:07:18 [ERROR] b' TCP : Unreachable peer'
2026-03-13 03:07:19 [ERROR] b' TCP : Unreachable peer'
2026-03-13 03:07:19 [ERROR] b' TCP : Unreachable peer'
2026-03-13 03:07:20 [ERROR] b' TCP : Unreachable peer'
2026-03-13 03:07:20 [ERROR] b' TCP : Unreachable peer'
2026-03-13 03:07:21 [ERROR] b' TCP : Unreachable peer'
2026-03-13 03:07:21 [ERROR] b' TCP : Unreachable peer'
2026-03-13 03:07:22 [ERROR] b' TCP : Unreachable peer'
2026-03-13 03:07:22 [ERROR] b' TCP : Unreachable peer'
2026-03-13 03:07:23 [ERROR] b' TCP : Unreachable peer'
2026-03-13 03:07:23 [ERROR] b' TCP : Unreachable peer'
2026-03-13 03:07:24 [ERROR] b' TCP : Unreachable peer'
2026-03-13 03:07:24 [ERROR] b' TCP : Unreachable peer'
2026-03-13 03:07:25 [ERROR] b' TCP : Unreachable peer'
2026-03-13 03:07:25 [ERROR] b' TCP : Unreachable peer'
2026-03-13 03:07:26 [ERROR] b' TCP : Unreachable peer'
2026-03-13 03:07:26 [ERROR] b' TCP : Unreachable peer'
2026-03-13 03:07:27 [ERROR] b' TCP : Unreachable peer'
2026-03-13 03:07:27 [ERROR] b' TCP : Unreachable peer'
2026-03-13 03:07:28 [ERROR] b' TCP : Unreachable peer'
2026-03-13 03:07:28 [ERROR] b' TCP : Unreachable peer'
2026-03-13 03:07:29 [ERROR] b' TCP : Unreachable peer'
2026-03-13 03:07:29 [ERROR] b' TCP : Unreachable peer'
2026-03-13 03:07:30 [ERROR] b' TCP : Unreachable peer'
2026-03-13 03:07:30 [ERROR] b' TCP : Unreachable peer'
2026-03-13 03:07:31 [ERROR] b' TCP : Unreachable peer'
2026-03-13 03:07:31 [ERROR] b' TCP : Unreachable peer'
2026-03-13 03:07:32 [ERROR] b' TCP : Unreachable peer'
2026-03-13 03:07:32 [ERROR] b' TCP : Unreachable peer'
2026-03-13 03:07:33 [ERROR] b' TCP : Unreachable peer'
2026-03-13 03:07:33 [ERROR] b' TCP : Unreachable peer'
2026-03-13 03:07:34 [ERROR] b' TCP : Unreachable peer'
2026-03-13 03:07:34 [ERROR] b' TCP : Unreachable peer'
2026-03-13 03:07:35 [ERROR] b' TCP : Unreachable peer'
2026-03-13 03:07:35 [ERROR] b' TCP : Unreachable peer'
2026-03-13 03:07:36 [ERROR] b' TCP : Unreachable peer'
2026-03-13 03:07:36 [ERROR] b' TCP : Unreachable peer'
2026-03-13 03:07:37 [ERROR] b' TCP : Unreachable peer'
2026-03-13 03:07:37 [ERROR] b' TCP : Unreachable peer'
2026-03-13 03:07:38 [ERROR] b' TCP : Unreachable peer'
2026-03-13 03:07:38 [ERROR] b' TCP : Unreachable peer'
2026-03-13 03:07:39 [ERROR] b' TCP : Unreachable peer'
2026-03-13 03:07:39 [ERROR] b' TCP : Unreachable peer'
2026-03-13 03:07:40 [ERROR] b' TCP : Unreachable peer'
2026-03-13 03:07:40 [ERROR] b' TCP : Unreachable peer'
2026-03-13 03:07:41 [ERROR] b' TCP : Unreachable peer'
2026-03-13 03:07:41 [ERROR] b' TCP : Unreachable peer'
2026-03-13 03:07:42 [ERROR] b' TCP : Unreachable peer'
2026-03-13 03:07:43 [ERROR] b' TCP : Unreachable peer'
2026-03-13 03:07:43 [ERROR] b' TCP : Unreachable peer'
2026-03-13 03:07:44 [ERROR] b' TCP : Unreachable peer'
2026-03-13 03:07:44 [ERROR] b' TCP : Unreachable peer'
2026-03-13 03:07:45 [ERROR] b' TCP : Unreachable peer'
2026-03-13 03:07:45 [ERROR] b' TCP : Unreachable peer'
2026-03-13 03:07:46 [ERROR] b' TCP : Unreachable peer'
2026-03-13 03:07:46 [ERROR] b' TCP : Unreachable peer'
2026-03-13 03:07:47 [ERROR] b' TCP : Unreachable peer'
2026-03-13 03:07:47 [ERROR] b' TCP : Unreachable peer'
2026-03-13 03:07:48 [ERROR] b' TCP : Unreachable peer'
2026-03-13 03:07:48 [ERROR] b' TCP : Unreachable peer'
2026-03-13 03:07:49 [ERROR] b' TCP : Unreachable peer'
2026-03-13 03:07:49 [ERROR] b' TCP : Unreachable peer'
2026-03-13 03:07:50 [ERROR] b' TCP : Unreachable peer'
2026-03-13 03:07:50 [ERROR] b' TCP : Unreachable peer'
2026-03-13 03:07:51 [ERROR] b' TCP : Unreachable peer'
2026-03-13 03:07:51 [ERROR] b' TCP : Unreachable peer'
2026-03-13 03:07:52 [ERROR] b' TCP : Unreachable peer'
2026-03-13 03:07:52 [ERROR] b' TCP : Unreachable peer'
2026-03-13 03:07:53 [ERROR] b' TCP : Unreachable peer'
2026-03-13 03:07:53 [ERROR] b' TCP : Unreachable peer'
2026-03-13 03:07:54 [ERROR] b' TCP : Unreachable peer'
2026-03-13 03:07:54 [ERROR] b' TCP : Unreachable peer'
2026-03-13 03:07:55 [ERROR] b' TCP : Unreachable peer'
2026-03-13 03:07:55 [ERROR] b' TCP : Unreachable peer'
2026-03-13 03:07:56 [ERROR] b' TCP : Unreachable peer'
2026-03-13 03:07:56 [ERROR] b' TCP : Unreachable peer'
2026-03-13 03:07:57 [ERROR] b' TCP : Unreachable peer'
2026-03-13 03:07:57 [ERROR] b' TCP : Unreachable peer'
2026-03-13 03:07:58 [ERROR] b' TCP : Unreachable peer'
2026-03-13 03:07:58 [ERROR] b' TCP : Unreachable peer'
2026-03-13 03:07:59 [ERROR] b' TCP : Unreachable peer'
2026-03-13 03:07:59 [ERROR] b' TCP : Unreachable peer'
2026-03-13 03:08:00 [ERROR] b' TCP : Unreachable peer'
2026-03-13 03:08:00 [ERROR] b' TCP : Unreachable peer'
2026-03-13 03:08:01 [ERROR] b' TCP : Unreachable peer'
2026-03-13 03:08:01 [ERROR] b' TCP : Unreachable peer'
2026-03-13 03:08:02 [ERROR] b' TCP : Unreachable peer'
2026-03-13 03:08:02 [ERROR] b' TCP : Unreachable peer'
2026-03-13 03:08:03 [ERROR] b' TCP : Unreachable peer'
2026-03-13 03:08:03 [ERROR] b' TCP : Unreachable peer'
2026-03-13 03:08:04 [ERROR] b' TCP : Unreachable peer'
2026-03-13 03:08:04 [ERROR] b' TCP : Unreachable peer'
2026-03-13 03:08:05 [ERROR] b' TCP : Unreachable peer'
2026-03-13 03:08:05 [ERROR] b' TCP : Unreachable peer'
2026-03-13 03:08:06 [ERROR] b' TCP : Unreachable peer'
2026-03-13 03:08:06 [ERROR] b' TCP : Unreachable peer'
2026-03-13 03:08:07 [ERROR] b' TCP : Unreachable peer'
2026-03-13 03:08:07 [ERROR] b' TCP : Unreachable peer'
2026-03-13 03:08:08 [ERROR] b' TCP : Unreachable peer'
2026-03-13 03:08:08 [ERROR] b' TCP : Unreachable peer'
2026-03-13 03:08:09 [ERROR] b' TCP : Unreachable peer'
2026-03-13 03:08:09 [ERROR] b' TCP : Unreachable peer'
2026-03-13 03:08:10 [ERROR] b' TCP : Unreachable peer'
2026-03-13 03:08:10 [ERROR] b' TCP : Unreachable peer'
2026-03-13 03:08:11 [ERROR] b' TCP : Unreachable peer'
2026-03-13 03:08:11 [ERROR] b' TCP : Unreachable peer'
2026-03-13 03:08:12 [ERROR] b' TCP : Unreachable peer'
2026-03-13 03:08:13 [ERROR] b' TCP : Unreachable peer'
2026-03-13 03:08:13 [ERROR] b' TCP : Unreachable peer'
2026-03-13 03:08:14 [ERROR] b' TCP : Unreachable peer'
2026-03-13 03:08:14 [ERROR] b' TCP : Unreachable peer'
2026-03-13 03:08:15 [ERROR] b' TCP : Unreachable peer'
2026-03-13 03:08:15 [ERROR] b' TCP : Unreachable peer'
2026-03-13 03:08:16 [ERROR] b' TCP : Unreachable peer'
2026-03-13 03:08:16 [ERROR] b' TCP : Unreachable peer'
2026-03-13 03:08:17 [ERROR] b' TCP : Unreachable peer'
2026-03-13 03:08:17 [ERROR] b' TCP : Unreachable peer'
2026-03-13 03:08:18 [ERROR] b' TCP : Unreachable peer'
2026-03-13 03:08:18 [ERROR] b' TCP : Unreachable peer'
2026-03-13 03:08:19 [ERROR] b' TCP : Unreachable peer'
2026-03-13 03:08:19 [ERROR] b' TCP : Unreachable peer'
2026-03-13 03:08:20 [ERROR] b' TCP : Unreachable peer'
2026-03-13 03:08:20 [ERROR] b' TCP : Unreachable peer'
2026-03-13 03:08:21 [ERROR] b' TCP : Unreachable peer'
2026-03-13 03:08:21 [ERROR] b' TCP : Unreachable peer'
2026-03-13 03:08:22 [ERROR] b' TCP : Unreachable peer'
2026-03-13 03:08:22 [ERROR] b' TCP : Unreachable peer'
2026-03-13 03:08:23 [ERROR] b' TCP : Unreachable peer'
2026-03-13 03:08:23 [ERROR] b' TCP : Unreachable peer'
2026-03-13 03:08:24 [ERROR] b' TCP : Unreachable peer'
2026-03-13 03:08:24 [ERROR] b' TCP : Unreachable peer'
2026-03-13 03:08:25 [ERROR] b' TCP : Unreachable peer'
2026-03-13 03:08:25 [ERROR] b' TCP : Unreachable peer'
2026-03-13 03:08:26 [ERROR] b' TCP : Unreachable peer'
2026-03-13 03:08:26 [ERROR] b' TCP : Unreachable peer'
2026-03-13 03:08:27 [ERROR] b' TCP : Unreachable peer'
2026-03-13 03:08:27 [ERROR] b' TCP : Unreachable peer'
2026-03-13 03:08:28 [ERROR] b' TCP : Unreachable peer'
2026-03-13 03:08:28 [ERROR] b' TCP : Unreachable peer'
2026-03-13 03:08:29 [ERROR] b' TCP : Unreachable peer'
2026-03-13 03:08:29 [ERROR] b' TCP : Unreachable peer'
2026-03-13 03:08:30 [ERROR] b' TCP : Unreachable peer'
2026-03-13 03:08:30 [ERROR] b' TCP : Unreachable peer'
2026-03-13 03:08:31 [ERROR] b' TCP : Unreachable peer'
2026-03-13 03:08:31 [ERROR] b' TCP : Unreachable peer'
2026-03-13 03:08:32 [ERROR] b' TCP : Unreachable peer'
2026-03-13 03:08:32 [ERROR] b' TCP : Unreachable peer'
2026-03-13 03:08:33 [ERROR] b' TCP : Unreachable peer'
2026-03-13 03:08:33 [ERROR] b' TCP : Unreachable peer'
2026-03-13 03:08:34 [ERROR] b' TCP : Unreachable peer'
2026-03-13 03:08:34 [ERROR] b' TCP : Unreachable peer'
2026-03-13 03:08:35 [ERROR] b' TCP : Unreachable peer'
2026-03-13 03:08:35 [ERROR] b' TCP : Unreachable peer'
2026-03-13 03:08:36 [ERROR] b' TCP : Unreachable peer'
2026-03-13 03:08:36 [ERROR] b' TCP : Unreachable peer'
2026-03-13 03:08:37 [ERROR] b' TCP : Unreachable peer'
2026-03-13 03:08:37 [ERROR] b' TCP : Unreachable peer'
2026-03-13 03:08:38 [ERROR] b' TCP : Unreachable peer'
2026-03-13 03:08:38 [ERROR] b' TCP : Unreachable peer'
2026-03-13 03:08:39 [ERROR] b' TCP : Unreachable peer'
2026-03-13 03:08:39 [ERROR] b' TCP : Unreachable peer'
2026-03-13 03:08:40 [ERROR] b' TCP : Unreachable peer'
2026-03-13 03:08:40 [ERROR] b' TCP : Unreachable peer'
2026-03-13 03:08:41 [ERROR] b' TCP : Unreachable peer'
2026-03-13 03:08:41 [ERROR] b' TCP : Unreachable peer'
2026-03-13 03:08:42 [ERROR] b' TCP : Unreachable peer'
2026-03-13 03:08:42 [ERROR] b' TCP : Unreachable peer'
2026-03-13 03:08:43 [ERROR] b' TCP : Unreachable peer'
2026-03-13 03:08:43 [ERROR] b' TCP : Unreachable peer'
2026-03-13 03:08:44 [ERROR] b' TCP : Unreachable peer'
2026-03-13 03:08:44 [ERROR] b' TCP : Unreachable peer'
2026-03-13 03:08:45 [ERROR] b' TCP : Unreachable peer'
2026-03-13 03:08:45 [ERROR] b' TCP : Unreachable peer'
2026-03-13 03:08:46 [ERROR] b' TCP : Unreachable peer'
2026-03-13 03:08:46 [ERROR] b' TCP : Unreachable peer'
2026-03-13 03:08:47 [ERROR] b' TCP : Unreachable peer'
2026-03-13 03:08:47 [ERROR] b' TCP : Unreachable peer'
2026-03-13 03:08:48 [ERROR] b' TCP : Unreachable peer'
2026-03-13 03:08:48 [ERROR] b' TCP : Unreachable peer'
2026-03-13 03:08:49 [ERROR] b' TCP : Unreachable peer'
2026-03-13 03:08:49 [ERROR] b' TCP : Unreachable peer'
2026-03-13 03:08:50 [ERROR] b' TCP : Unreachable peer'
2026-03-13 03:08:50 [ERROR] b' TCP : Unreachable peer'
2026-03-13 03:08:51 [ERROR] b' TCP : Unreachable peer'
2026-03-13 03:08:51 [ERROR] b' TCP : Unreachable peer'
2026-03-13 03:08:52 [ERROR] b' TCP : Unreachable peer'
2026-03-13 03:08:52 [ERROR] b' TCP : Unreachable peer'
2026-03-13 03:08:53 [ERROR] b' TCP : Unreachable peer'
2026-03-13 03:08:53 [ERROR] b' TCP : Unreachable peer'
2026-03-13 03:08:54 [ERROR] b' TCP : Unreachable peer'
2026-03-13 03:08:54 [ERROR] b' TCP : Unreachable peer'
2026-03-13 03:08:55 [ERROR] b' TCP : Unreachable peer'
2026-03-13 03:08:55 [ERROR] b' TCP : Unreachable peer'
2026-03-13 03:08:56 [ERROR] b' TCP : Unreachable peer'
2026-03-13 03:08:57 [ERROR] b' TCP : Unreachable peer'
2026-03-13 03:08:57 [ERROR] b' TCP : Unreachable peer'
2026-03-13 03:08:58 [ERROR] b' TCP : Unreachable peer'
2026-03-13 03:08:58 [ERROR] b' TCP : Unreachable peer'
2026-03-13 03:08:59 [ERROR] b' TCP : Unreachable peer'
2026-03-13 03:08:59 [ERROR] b' TCP : Unreachable peer'
2026-03-13 03:09:00 [ERROR] b' TCP : Unreachable peer'
2026-03-13 03:09:00 [ERROR] b' TCP : Unreachable peer'
2026-03-13 03:09:01 [ERROR] b' TCP : Unreachable peer'
2026-03-13 03:09:01 [ERROR] b' TCP : Unreachable peer'
2026-03-13 03:09:02 [ERROR] b' TCP : Unreachable peer'
2026-03-13 03:09:02 [ERROR] b' TCP : Unreachable peer'
2026-03-13 03:09:03 [ERROR] b' TCP : Unreachable peer'
2026-03-13 03:09:03 [ERROR] b' TCP : Unreachable peer'
2026-03-13 03:09:04 [ERROR] b' TCP : Unreachable peer'
2026-03-13 03:09:04 [ERROR] b' TCP : Unreachable peer'
2026-03-13 03:09:05 [ERROR] b' TCP : Unreachable peer'
2026-03-13 03:09:05 [ERROR] b' TCP : Unreachable peer'
2026-03-13 03:09:06 [ERROR] b' TCP : Unreachable peer'
2026-03-13 03:09:06 [ERROR] b' TCP : Unreachable peer'
2026-03-13 03:09:07 [ERROR] b' TCP : Unreachable peer'
2026-03-13 03:09:07 [ERROR] b' TCP : Unreachable peer'
2026-03-13 03:09:08 [ERROR] b' TCP : Unreachable peer'
2026-03-13 03:09:08 [ERROR] b' TCP : Unreachable peer'
2026-03-13 03:09:09 [ERROR] b' TCP : Unreachable peer'
2026-03-13 03:09:09 [ERROR] b' TCP : Unreachable peer'
2026-03-13 03:09:10 [ERROR] b' TCP : Unreachable peer'
2026-03-13 03:09:10 [ERROR] b' TCP : Unreachable peer'
2026-03-13 03:09:11 [ERROR] b' TCP : Unreachable peer'
2026-03-13 03:09:11 [ERROR] b' TCP : Unreachable peer'
2026-03-13 03:09:12 [ERROR] b' TCP : Unreachable peer'
2026-03-13 03:09:12 [ERROR] b' TCP : Unreachable peer'
2026-03-13 03:09:13 [ERROR] b' TCP : Unreachable peer'
2026-03-13 03:09:13 [ERROR] b' TCP : Unreachable peer'
2026-03-13 03:09:14 [ERROR] b' TCP : Unreachable peer'
2026-03-13 03:09:14 [ERROR] b' TCP : Unreachable peer'
2026-03-13 03:09:15 [ERROR] b' TCP : Unreachable peer'
2026-03-13 03:09:15 [ERROR] b' TCP : Unreachable peer'
2026-03-13 03:09:16 [ERROR] b' TCP : Unreachable peer'
2026-03-13 03:09:16 [ERROR] b' TCP : Unreachable peer'
2026-03-13 03:09:17 [ERROR] b' TCP : Unreachable peer'
2026-03-13 03:09:17 [ERROR] b' TCP : Unreachable peer'
2026-03-13 03:09:18 [ERROR] b' TCP : Unreachable peer'
2026-03-13 03:09:18 [ERROR] b' TCP : Unreachable peer'
2026-03-13 03:09:19 [ERROR] b' TCP : Unreachable peer'
2026-03-13 03:09:19 [ERROR] b' TCP : Unreachable peer'
2026-03-13 03:09:20 [ERROR] b' TCP : Unreachable peer'
2026-03-13 03:09:21 [ERROR] b' TCP : Unreachable peer'
2026-03-13 03:09:21 [ERROR] b' TCP : Unreachable peer'
2026-03-13 03:09:22 [ERROR] b' TCP : Unreachable peer'
2026-03-13 03:09:22 [ERROR] b' TCP : Unreachable peer'
2026-03-13 03:09:23 [ERROR] b' TCP : Unreachable peer'
2026-03-13 03:09:23 [ERROR] b' TCP : Unreachable peer'
2026-03-13 03:09:24 [ERROR] b' TCP : Unreachable peer'
2026-03-13 03:09:24 [ERROR] b' TCP : Unreachable peer'
2026-03-13 03:09:25 [ERROR] b' TCP : Unreachable peer'
2026-03-13 03:09:25 [ERROR] b' TCP : Unreachable peer'
2026-03-13 03:09:26 [ERROR] b' TCP : Unreachable peer'
2026-03-13 03:09:26 [ERROR] b' TCP : Unreachable peer'
2026-03-13 03:09:27 [ERROR] b' TCP : Unreachable peer'
2026-03-13 03:09:27 [ERROR] b' TCP : Unreachable peer'
2026-03-13 03:09:28 [ERROR] b' TCP : Unreachable peer'
2026-03-13 03:09:28 [ERROR] b' TCP : Unreachable peer'
2026-03-13 03:09:29 [ERROR] b' TCP : Unreachable peer'
2026-03-13 03:09:29 [ERROR] b' TCP : Unreachable peer'
2026-03-13 03:09:30 [ERROR] b' TCP : Unreachable peer'
2026-03-13 03:09:30 [ERROR] b' TCP : Unreachable peer'
2026-03-13 03:09:31 [ERROR] b' TCP : Unreachable peer'
2026-03-13 03:09:31 [ERROR] b' TCP : Unreachable peer'
2026-03-13 03:09:32 [ERROR] b' TCP : Unreachable peer'
2026-03-13 03:09:32 [ERROR] b' TCP : Unreachable peer'
2026-03-13 03:09:33 [ERROR] b' TCP : Unreachable peer'
2026-03-13 03:09:33 [ERROR] b' TCP : Unreachable peer'
2026-03-13 03:09:34 [ERROR] b' TCP : Unreachable peer'
2026-03-13 03:09:34 [ERROR] b' TCP : Unreachable peer'
2026-03-13 03:09:35 [ERROR] b' TCP : Unreachable peer'
2026-03-13 03:09:35 [ERROR] b' TCP : Unreachable peer'
2026-03-13 03:09:36 [ERROR] b' TCP : Unreachable peer'
2026-03-13 03:09:36 [ERROR] b' TCP : Unreachable peer'
2026-03-13 03:09:37 [ERROR] b' TCP : Unreachable peer'
2026-03-13 03:09:37 [ERROR] b' TCP : Unreachable peer'
2026-03-13 03:09:38 [ERROR] b' TCP : Unreachable peer'
2026-03-13 03:09:38 [ERROR] b' TCP : Unreachable peer'
2026-03-13 03:09:39 [ERROR] b' TCP : Unreachable peer'
2026-03-13 03:09:39 [ERROR] b' TCP : Unreachable peer'
2026-03-13 03:09:40 [ERROR] b' TCP : Unreachable peer'
2026-03-13 03:09:40 [ERROR] b' TCP : Unreachable peer'
2026-03-13 03:09:41 [ERROR] b' TCP : Unreachable peer'
2026-03-13 03:09:41 [ERROR] b' TCP : Unreachable peer'
2026-03-13 03:09:42 [ERROR] b' TCP : Unreachable peer'
2026-03-13 03:09:42 [ERROR] b' TCP : Unreachable peer'
2026-03-13 03:09:43 [ERROR] b' TCP : Unreachable peer'
2026-03-13 03:09:44 [ERROR] b' TCP : Unreachable peer'
2026-03-13 03:09:44 [ERROR] b' TCP : Unreachable peer'
2026-03-13 03:09:45 [ERROR] b' TCP : Unreachable peer'
2026-03-13 03:09:45 [ERROR] b' TCP : Unreachable peer'
2026-03-13 03:09:46 [ERROR] b' TCP : Unreachable peer'
2026-03-13 03:09:46 [ERROR] b' TCP : Unreachable peer'
2026-03-13 03:09:47 [ERROR] b' TCP : Unreachable peer'
2026-03-13 03:09:47 [ERROR] b' TCP : Unreachable peer'
2026-03-13 03:09:48 [ERROR] b' TCP : Unreachable peer'
2026-03-13 03:09:48 [ERROR] b' TCP : Unreachable peer'
2026-03-13 03:09:49 [ERROR] b' TCP : Unreachable peer'
2026-03-13 03:09:49 [ERROR] b' TCP : Unreachable peer'
2026-03-13 03:09:50 [ERROR] b' TCP : Unreachable peer'
2026-03-13 03:09:50 [ERROR] b' TCP : Unreachable peer'
2026-03-13 03:09:51 [ERROR] b' TCP : Unreachable peer'
2026-03-13 03:09:51 [ERROR] b' TCP : Unreachable peer'
2026-03-13 03:09:52 [ERROR] b' TCP : Unreachable peer'
2026-03-13 03:09:52 [ERROR] b' TCP : Unreachable peer'
2026-03-13 03:09:53 [ERROR] b' TCP : Unreachable peer'
2026-03-13 03:09:53 [ERROR] b' TCP : Unreachable peer'
2026-03-13 03:09:54 [ERROR] b' TCP : Unreachable peer'
2026-03-13 03:09:54 [ERROR] b' TCP : Unreachable peer'
2026-03-13 03:09:55 [ERROR] b' TCP : Unreachable peer'
2026-03-13 03:09:55 [ERROR] b' TCP : Unreachable peer'
2026-03-13 03:09:56 [ERROR] b' TCP : Unreachable peer'
2026-03-13 03:09:56 [ERROR] b' TCP : Unreachable peer'
2026-03-13 03:10:18 [ERROR] b' TCP : Unreachable peer'
2026-03-13 03:10:37 [ERROR] b' TCP : Unreachable peer'
2026-03-13 03:10:51 [ERROR] b' TCP : Unreachable peer'
2026-03-13 03:11:10 [ERROR] b' TCP : Unreachable peer'
2026-03-13 03:11:27 [ERROR] b' TCP : Unreachable peer'
2026-03-13 03:12:23 [ERROR] b' TCP : Unreachable peer'
2026-03-13 03:13:21 [ERROR] b' TCP : Unreachable peer'
2026-03-13 03:14:39 [ERROR] b' TCP : Unreachable peer'
2026-03-13 03:14:51 [ERROR] b' TCP : Unreachable peer'
2026-03-13 03:16:13 [ERROR] b' TCP : Unreachable peer'
2026-03-13 03:16:43 [ERROR] b' TCP : Unreachable peer'
2026-03-13 03:17:18 [ERROR] b' TCP : Unreachable peer'
2026-03-13 03:18:07 [ERROR] b' TCP : Unreachable peer'
2026-03-13 03:18:21 [ERROR] b' TCP : Unreachable peer'
2026-03-13 03:18:41 [ERROR] b' TCP : Unreachable peer'
2026-03-13 03:19:01 [ERROR] b' TCP : Unreachable peer'
2026-03-13 03:19:16 [ERROR] b' TCP : Unreachable peer'
2026-03-13 03:19:36 [ERROR] b' TCP : Unreachable peer'
2026-03-13 03:21:13 [ERROR] b' TCP : Unreachable peer'
2026-03-13 03:21:28 [ERROR] b' TCP : Unreachable peer'
2026-03-13 03:21:47 [ERROR] b' TCP : Unreachable peer'
2026-03-13 03:22:54 [ERROR] b' TCP : Unreachable peer'
2026-03-13 03:22:58 [ERROR] b' TCP : Unreachable peer'
2026-03-13 03:23:24 [ERROR] b' TCP : Unreachable peer'
2026-03-13 03:23:27 [ERROR] b' TCP : Unreachable peer'
2026-03-13 03:24:26 [ERROR] b' TCP : Unreachable peer'
2026-03-13 03:24:45 [ERROR] b' TCP : Unreachable peer'
2026-03-13 03:24:48 [ERROR] b' TCP : Unreachable peer'
2026-03-13 03:25:01 [ERROR] b' TCP : Unreachable peer'
2026-03-13 03:25:36 [ERROR] b' TCP : Unreachable peer'
2026-03-13 03:26:28 [ERROR] b' TCP : Unreachable peer'
2026-03-13 03:27:20 [ERROR] b' TCP : Unreachable peer'
2026-03-13 03:31:36 [ERROR] b' TCP : Unreachable peer'
2026-03-13 03:31:44 [ERROR] b' TCP : Unreachable peer'
2026-03-13 03:34:48 [ERROR] b' TCP : Unreachable peer'
2026-03-13 03:35:08 [ERROR] b' TCP : Unreachable peer'
2026-03-13 03:36:05 [ERROR] b' TCP : Unreachable peer'
2026-03-13 03:36:55 [ERROR] b' TCP : Unreachable peer'
2026-03-13 03:37:36 [ERROR] b' TCP : Unreachable peer'
2026-03-13 03:37:53 [ERROR] b' TCP : Unreachable peer'
2026-03-13 03:38:11 [ERROR] b' TCP : Unreachable peer'
2026-03-13 03:38:37 [ERROR] b' TCP : Unreachable peer'
2026-03-13 03:40:00 [ERROR] b' TCP : Unreachable peer'
2026-03-13 03:40:48 [ERROR] b' TCP : Unreachable peer'
2026-03-13 03:41:48 [ERROR] b' TCP : Unreachable peer'
2026-03-13 03:42:12 [ERROR] b' TCP : Unreachable peer'
2026-03-13 03:42:32 [ERROR] b' TCP : Unreachable peer'
2026-03-13 03:43:03 [ERROR] b' TCP : Unreachable peer'
2026-03-13 03:45:29 [ERROR] b' TCP : Unreachable peer'
2026-03-13 03:45:49 [ERROR] b' TCP : Unreachable peer'
2026-03-13 03:46:17 [ERROR] b' TCP : Unreachable peer'
2026-03-13 03:47:49 [ERROR] b' TCP : Unreachable peer'
2026-03-13 03:50:28 [ERROR] b' TCP : Unreachable peer'
2026-03-13 03:50:48 [ERROR] b' TCP : Unreachable peer'
2026-03-13 03:52:56 [ERROR] b' TCP : Unreachable peer'
2026-03-13 03:53:42 [ERROR] b' TCP : Unreachable peer'
2026-03-13 03:53:58 [ERROR] b' TCP : Unreachable peer'
2026-03-13 03:55:26 [ERROR] b' TCP : Unreachable peer'
2026-03-13 03:56:25 [ERROR] b' TCP : Unreachable peer'
2026-03-13 03:57:41 [ERROR] b' TCP : Unreachable peer'
2026-03-13 03:58:01 [ERROR] b' TCP : Unreachable peer'
2026-03-13 03:59:45 [ERROR] b' TCP : Unreachable peer'
2026-03-13 04:00:05 [ERROR] b' TCP : Unreachable peer'
2026-03-13 04:02:28 [ERROR] b' TCP : Unreachable peer'
2026-03-13 04:02:42 [ERROR] b' TCP : Unreachable peer'
2026-03-13 04:04:10 [ERROR] b' TCP : Unreachable peer'
2026-03-13 04:04:42 [ERROR] b' TCP : Unreachable peer'
2026-03-13 04:04:56 [ERROR] b' TCP : Unreachable peer'
2026-03-13 04:04:57 [ERROR] b' TCP : Unreachable peer'
2026-03-13 04:04:58 [ERROR] b' TCP : Unreachable peer'
2026-03-13 04:06:24 [ERROR] b' TCP : Unreachable peer'
2026-03-13 04:07:27 [ERROR] b' TCP : Unreachable peer'
2026-03-13 04:07:48 [ERROR] b' TCP : Unreachable peer'
2026-03-13 04:08:18 [ERROR] b' TCP : Unreachable peer'
2026-03-13 04:12:37 [ERROR] b' TCP : Unreachable peer'
2026-03-13 04:13:51 [ERROR] b' TCP : Unreachable peer'
2026-03-13 04:14:31 [ERROR] b' TCP : Unreachable peer'
2026-03-13 04:14:48 [ERROR] b' TCP : Unreachable peer'
2026-03-13 04:15:46 [ERROR] b' TCP : Unreachable peer'
2026-03-13 04:16:33 [ERROR] b' TCP : Unreachable peer'
2026-03-13 04:18:03 [ERROR] b' TCP : Unreachable peer'
2026-03-13 04:18:06 [ERROR] b' TCP : Unreachable peer'
2026-03-13 04:18:30 [ERROR] b' TCP : Unreachable peer'
2026-03-13 04:18:31 [ERROR] b' TCP : Unreachable peer'
2026-03-13 04:18:43 [ERROR] b' TCP : Unreachable peer'
2026-03-13 04:18:44 [ERROR] b' TCP : Unreachable peer'
2026-03-13 04:18:44 [ERROR] b' TCP : Unreachable peer'
2026-03-13 04:20:03 [ERROR] b' TCP : Unreachable peer'
2026-03-13 04:20:04 [ERROR] b' TCP : Unreachable peer'
2026-03-13 04:20:24 [ERROR] b' TCP : Unreachable peer'
2026-03-13 04:22:00 [ERROR] b' TCP : Unreachable peer'
2026-03-13 04:23:03 [ERROR] b' TCP : Unreachable peer'
2026-03-13 04:27:38 [ERROR] b' TCP : Unreachable peer'
2026-03-13 04:30:26 [ERROR] b' TCP : Unreachable peer'
2026-03-13 04:34:43 [ERROR] b' ISO : An error occurred during recv TCP : Connection timed out'
2026-03-13 04:35:00 [ERROR] b' TCP : Unreachable peer'
2026-03-13 04:37:13 [ERROR] b' TCP : Unreachable peer'
2026-03-13 04:37:34 [ERROR] b' TCP : Unreachable peer'
2026-03-13 04:40:14 [ERROR] b' TCP : Unreachable peer'
2026-03-13 04:41:41 [ERROR] b' TCP : Unreachable peer'
2026-03-13 04:43:42 [ERROR] b' TCP : Unreachable peer'
2026-03-13 04:44:18 [ERROR] b' TCP : Unreachable peer'
2026-03-13 04:44:24 [ERROR] b' TCP : Unreachable peer'
2026-03-13 04:45:48 [ERROR] b' TCP : Unreachable peer'
2026-03-13 04:46:05 [ERROR] b' TCP : Unreachable peer'
2026-03-13 04:47:03 [ERROR] b' TCP : Unreachable peer'
2026-03-13 04:47:13 [ERROR] b' TCP : Unreachable peer'
2026-03-13 04:47:34 [ERROR] b' TCP : Unreachable peer'
2026-03-13 04:47:52 [ERROR] b' TCP : Unreachable peer'
2026-03-13 04:48:55 [ERROR] b' TCP : Unreachable peer'
2026-03-13 04:49:50 [ERROR] b' TCP : Unreachable peer'
2026-03-13 04:50:08 [ERROR] b' TCP : Unreachable peer'
2026-03-13 04:50:25 [ERROR] b' TCP : Unreachable peer'
2026-03-13 04:52:40 [ERROR] b' TCP : Unreachable peer'
2026-03-13 04:53:40 [ERROR] b' TCP : Unreachable peer'
2026-03-13 04:53:43 [ERROR] b' TCP : Unreachable peer'
2026-03-13 04:54:01 [ERROR] b' TCP : Unreachable peer'
2026-03-13 04:54:18 [ERROR] b' TCP : Unreachable peer'
2026-03-13 04:54:40 [ERROR] b' TCP : Unreachable peer'
2026-03-13 04:54:43 [ERROR] b' TCP : Unreachable peer'
2026-03-13 04:54:53 [ERROR] b' TCP : Unreachable peer'
2026-03-13 04:55:56 [ERROR] b' TCP : Unreachable peer'
2026-03-13 04:55:59 [ERROR] b' TCP : Unreachable peer'
2026-03-13 04:56:08 [ERROR] b' TCP : Unreachable peer'
2026-03-13 04:56:09 [ERROR] b' TCP : Unreachable peer'
2026-03-13 04:56:30 [ERROR] b' TCP : Unreachable peer'
2026-03-13 04:57:05 [ERROR] b' TCP : Unreachable peer'
2026-03-13 04:57:23 [ERROR] b' TCP : Unreachable peer'
2026-03-13 04:57:25 [ERROR] b' TCP : Unreachable peer'
2026-03-13 04:57:57 [ERROR] b' TCP : Unreachable peer'
2026-03-13 04:58:52 [ERROR] b' TCP : Unreachable peer'
2026-03-13 05:01:28 [ERROR] b' TCP : Unreachable peer'
2026-03-13 05:03:20 [ERROR] b' TCP : Unreachable peer'
2026-03-13 05:04:43 [ERROR] b' TCP : Unreachable peer'
2026-03-13 05:05:55 [ERROR] b' TCP : Unreachable peer'
2026-03-13 05:07:25 [ERROR] b' TCP : Unreachable peer'
2026-03-13 05:08:32 [ERROR] b' TCP : Unreachable peer'
2026-03-13 05:08:45 [ERROR] b' TCP : Unreachable peer'
2026-03-13 05:09:35 [ERROR] b' TCP : Unreachable peer'
2026-03-13 05:10:03 [ERROR] b' TCP : Unreachable peer'
2026-03-13 05:10:21 [ERROR] b' TCP : Unreachable peer'
2026-03-13 05:10:42 [ERROR] b' TCP : Unreachable peer'
2026-03-13 05:11:01 [ERROR] b' TCP : Unreachable peer'
2026-03-13 05:11:20 [ERROR] b' TCP : Unreachable peer'
2026-03-13 05:11:52 [ERROR] b' TCP : Unreachable peer'
2026-03-13 05:13:23 [ERROR] b' TCP : Unreachable peer'
2026-03-13 05:13:40 [ERROR] b' TCP : Unreachable peer'
2026-03-13 05:14:01 [ERROR] b' TCP : Unreachable peer'
2026-03-13 05:14:23 [ERROR] b' TCP : Unreachable peer'
2026-03-13 05:14:45 [ERROR] b' TCP : Unreachable peer'
2026-03-13 05:15:13 [ERROR] b' TCP : Unreachable peer'
2026-03-13 05:16:30 [ERROR] b' TCP : Unreachable peer'
2026-03-13 05:16:53 [ERROR] b' TCP : Unreachable peer'
2026-03-13 05:17:08 [ERROR] b' TCP : Unreachable peer'
2026-03-13 05:17:09 [ERROR] b' TCP : Unreachable peer'
2026-03-13 05:17:09 [ERROR] b' TCP : Unreachable peer'
2026-03-13 05:17:10 [ERROR] b' TCP : Unreachable peer'
2026-03-13 05:17:30 [ERROR] b' TCP : Unreachable peer'
2026-03-13 05:17:48 [ERROR] b' TCP : Unreachable peer'
2026-03-13 05:18:52 [ERROR] b' TCP : Unreachable peer'
2026-03-13 05:21:00 [ERROR] b' TCP : Unreachable peer'
2026-03-13 05:23:37 [ERROR] b' TCP : Unreachable peer'
2026-03-13 05:24:29 [ERROR] b' TCP : Unreachable peer'
2026-03-13 05:24:45 [ERROR] b' TCP : Unreachable peer'
2026-03-13 05:25:34 [ERROR] b' TCP : Unreachable peer'
2026-03-13 05:26:15 [ERROR] b' TCP : Unreachable peer'
2026-03-13 05:26:30 [ERROR] b' TCP : Unreachable peer'
2026-03-13 05:26:49 [ERROR] b' TCP : Unreachable peer'
2026-03-13 05:27:43 [ERROR] b' TCP : Unreachable peer'
2026-03-13 05:28:00 [ERROR] b' TCP : Unreachable peer'
2026-03-13 05:28:35 [ERROR] b' TCP : Unreachable peer'
2026-03-13 05:29:18 [ERROR] b' TCP : Unreachable peer'
2026-03-13 05:30:06 [ERROR] b' TCP : Unreachable peer'
2026-03-13 05:30:38 [ERROR] b' TCP : Unreachable peer'
2026-03-13 05:31:41 [ERROR] b' TCP : Unreachable peer'
2026-03-13 05:31:59 [ERROR] b' TCP : Unreachable peer'
2026-03-13 05:32:33 [ERROR] b' TCP : Unreachable peer'
2026-03-13 05:34:07 [ERROR] b' TCP : Unreachable peer'
2026-03-13 05:34:25 [ERROR] b' TCP : Unreachable peer'
2026-03-13 05:34:25 [ERROR] b' TCP : Unreachable peer'
2026-03-13 05:34:26 [ERROR] b' TCP : Unreachable peer'
2026-03-13 05:34:26 [ERROR] b' TCP : Unreachable peer'
2026-03-13 05:34:39 [ERROR] b' TCP : Unreachable peer'
2026-03-13 05:34:41 [ERROR] b' TCP : Unreachable peer'
2026-03-13 05:34:56 [ERROR] b' TCP : Unreachable peer'
2026-03-13 05:34:57 [ERROR] b' TCP : Unreachable peer'
2026-03-13 05:35:03 [ERROR] b' TCP : Unreachable peer'
2026-03-13 05:35:16 [ERROR] b' TCP : Unreachable peer'
2026-03-13 05:35:17 [ERROR] b' TCP : Unreachable peer'
2026-03-13 05:35:55 [ERROR] b' TCP : Unreachable peer'
2026-03-13 05:36:12 [ERROR] b' TCP : Unreachable peer'
2026-03-13 05:36:30 [ERROR] b' TCP : Unreachable peer'
2026-03-13 05:36:31 [ERROR] b' TCP : Unreachable peer'
2026-03-13 05:36:32 [ERROR] b' TCP : Unreachable peer'
2026-03-13 05:36:33 [ERROR] b' TCP : Unreachable peer'
2026-03-13 05:36:46 [ERROR] b' TCP : Unreachable peer'
2026-03-13 05:36:46 [ERROR] b' TCP : Unreachable peer'
2026-03-13 05:36:49 [ERROR] b' TCP : Unreachable peer'
2026-03-13 05:37:04 [ERROR] b' TCP : Unreachable peer'
2026-03-13 05:37:16 [ERROR] b' TCP : Unreachable peer'
2026-03-13 05:37:17 [ERROR] b' TCP : Unreachable peer'
2026-03-13 05:37:36 [ERROR] b' TCP : Unreachable peer'
2026-03-13 05:37:51 [ERROR] b' TCP : Unreachable peer'
2026-03-13 05:38:16 [ERROR] b' TCP : Unreachable peer'
2026-03-13 05:38:17 [ERROR] b' TCP : Unreachable peer'
2026-03-13 05:38:20 [ERROR] b' TCP : Unreachable peer'
2026-03-13 05:38:36 [ERROR] b' TCP : Unreachable peer'
2026-03-13 05:39:21 [ERROR] b' TCP : Unreachable peer'
2026-03-13 05:39:51 [ERROR] b' TCP : Unreachable peer'
2026-03-13 05:41:07 [ERROR] b' TCP : Unreachable peer'
2026-03-13 05:44:08 [ERROR] b' TCP : Unreachable peer'
2026-03-13 05:45:09 [ERROR] b' TCP : Unreachable peer'
2026-03-13 05:45:12 [ERROR] b' TCP : Unreachable peer'
2026-03-13 05:45:46 [ERROR] b' TCP : Unreachable peer'
2026-03-13 05:46:49 [ERROR] b' TCP : Unreachable peer'
2026-03-13 05:47:02 [ERROR] b' TCP : Unreachable peer'
2026-03-13 05:47:20 [ERROR] b' TCP : Unreachable peer'
2026-03-13 05:47:44 [ERROR] b' TCP : Unreachable peer'
2026-03-13 05:47:45 [ERROR] b' TCP : Unreachable peer'
2026-03-13 05:48:18 [ERROR] b' TCP : Unreachable peer'
2026-03-13 05:48:47 [ERROR] b' TCP : Unreachable peer'
2026-03-13 05:49:56 [ERROR] b' TCP : Unreachable peer'
2026-03-13 05:50:01 [ERROR] b' TCP : Unreachable peer'
2026-03-13 05:50:21 [ERROR] b' TCP : Unreachable peer'
2026-03-13 05:50:40 [ERROR] b' TCP : Unreachable peer'
2026-03-13 05:50:59 [ERROR] b' TCP : Unreachable peer'
2026-03-13 05:51:38 [ERROR] b' TCP : Unreachable peer'
2026-03-13 05:51:59 [ERROR] b' TCP : Unreachable peer'
2026-03-13 05:52:58 [ERROR] b' TCP : Unreachable peer'
2026-03-13 05:54:12 [ERROR] b' TCP : Unreachable peer'
2026-03-13 05:56:28 [ERROR] b' TCP : Unreachable peer'
2026-03-13 05:58:30 [ERROR] b' TCP : Unreachable peer'
2026-03-13 05:58:45 [ERROR] b' TCP : Unreachable peer'
2026-03-13 05:58:48 [ERROR] b' TCP : Unreachable peer'
2026-03-13 05:59:02 [ERROR] b' TCP : Unreachable peer'
2026-03-13 05:59:17 [ERROR] b' TCP : Unreachable peer'
2026-03-13 05:59:20 [ERROR] b' TCP : Unreachable peer'
2026-03-13 05:59:37 [ERROR] b' TCP : Unreachable peer'
2026-03-13 05:59:50 [ERROR] b' TCP : Unreachable peer'
2026-03-13 05:59:58 [ERROR] b' TCP : Unreachable peer'
2026-03-13 05:59:59 [ERROR] b' TCP : Unreachable peer'
2026-03-13 06:00:00 [ERROR] b' TCP : Unreachable peer'
2026-03-13 06:00:35 [ERROR] b' TCP : Unreachable peer'
2026-03-13 06:00:46 [ERROR] b' TCP : Unreachable peer'
2026-03-13 06:01:05 [ERROR] b' TCP : Unreachable peer'
2026-03-13 06:01:05 [ERROR] b' TCP : Unreachable peer'
2026-03-13 06:01:19 [ERROR] b' TCP : Unreachable peer'
2026-03-13 06:01:41 [ERROR] b' TCP : Unreachable peer'
2026-03-13 06:01:42 [ERROR] b' TCP : Unreachable peer'
2026-03-13 06:02:03 [ERROR] b' TCP : Unreachable peer'
2026-03-13 06:02:16 [ERROR] b' TCP : Unreachable peer'
2026-03-13 06:02:32 [ERROR] b' TCP : Unreachable peer'
2026-03-13 06:02:48 [ERROR] b' TCP : Unreachable peer'
2026-03-13 06:02:49 [ERROR] b' TCP : Unreachable peer'
2026-03-13 06:03:03 [ERROR] b' TCP : Unreachable peer'
2026-03-13 06:03:04 [ERROR] b' TCP : Unreachable peer'
2026-03-13 06:03:19 [ERROR] b' TCP : Unreachable peer'
2026-03-13 06:05:23 [ERROR] b' TCP : Unreachable peer'
2026-03-13 06:05:44 [ERROR] b' TCP : Unreachable peer'
2026-03-13 06:06:12 [ERROR] b' TCP : Unreachable peer'
2026-03-13 06:06:31 [ERROR] b' TCP : Unreachable peer'
2026-03-13 06:06:33 [ERROR] b' TCP : Unreachable peer'
2026-03-13 06:06:54 [ERROR] b' TCP : Unreachable peer'
2026-03-13 06:07:42 [ERROR] b' TCP : Unreachable peer'
2026-03-13 06:08:00 [ERROR] b' TCP : Unreachable peer'
2026-03-13 06:08:17 [ERROR] b' TCP : Unreachable peer'
2026-03-13 06:08:38 [ERROR] b' TCP : Unreachable peer'
2026-03-13 06:09:01 [ERROR] b' TCP : Unreachable peer'
2026-03-13 06:09:06 [ERROR] b' TCP : Unreachable peer'
2026-03-13 06:09:31 [ERROR] b' TCP : Unreachable peer'
2026-03-13 06:10:06 [ERROR] b' TCP : Unreachable peer'
2026-03-13 06:10:18 [ERROR] b' TCP : Unreachable peer'
2026-03-13 06:10:48 [ERROR] b' TCP : Unreachable peer'
2026-03-13 06:11:33 [ERROR] b' TCP : Unreachable peer'
2026-03-13 06:12:03 [ERROR] b' TCP : Unreachable peer'
2026-03-13 06:12:07 [ERROR] b' TCP : Unreachable peer'
2026-03-13 06:12:46 [ERROR] b' TCP : Unreachable peer'
2026-03-13 06:12:59 [ERROR] b' TCP : Unreachable peer'
2026-03-13 06:14:12 [ERROR] b' TCP : Unreachable peer'
2026-03-13 06:14:42 [ERROR] b' TCP : Unreachable peer'
2026-03-13 06:15:04 [ERROR] b' TCP : Unreachable peer'
2026-03-13 06:15:21 [ERROR] b' TCP : Unreachable peer'
2026-03-13 06:15:56 [ERROR] b' TCP : Unreachable peer'
2026-03-13 06:16:33 [ERROR] b' TCP : Unreachable peer'
2026-03-13 06:17:28 [ERROR] b' TCP : Unreachable peer'
2026-03-13 06:17:35 [ERROR] b' TCP : Unreachable peer'
2026-03-13 06:18:01 [ERROR] b' TCP : Unreachable peer'
2026-03-13 06:18:15 [ERROR] b' TCP : Unreachable peer'
2026-03-13 06:18:50 [ERROR] b' TCP : Unreachable peer'
2026-03-13 06:19:05 [ERROR] b' TCP : Unreachable peer'
2026-03-13 06:20:41 [ERROR] b' TCP : Unreachable peer'
2026-03-13 06:22:05 [ERROR] b' TCP : Unreachable peer'
2026-03-13 06:22:06 [ERROR] b' TCP : Unreachable peer'
2026-03-13 06:24:13 [ERROR] b' TCP : Unreachable peer'
2026-03-13 06:24:22 [ERROR] b' TCP : Unreachable peer'
2026-03-13 06:25:45 [ERROR] b' TCP : Unreachable peer'
2026-03-13 06:26:12 [ERROR] b' TCP : Unreachable peer'
2026-03-13 06:26:24 [ERROR] b' TCP : Unreachable peer'
2026-03-13 06:27:12 [ERROR] b' TCP : Unreachable peer'
2026-03-13 06:28:12 [ERROR] b' TCP : Unreachable peer'
2026-03-13 06:28:38 [ERROR] b' TCP : Unreachable peer'
2026-03-13 06:29:01 [ERROR] b' TCP : Unreachable peer'
2026-03-13 06:29:16 [ERROR] b' TCP : Unreachable peer'
2026-03-13 06:29:21 [ERROR] b' TCP : Unreachable peer'
2026-03-13 06:30:34 [ERROR] b' TCP : Unreachable peer'
2026-03-13 06:31:06 [ERROR] b' TCP : Unreachable peer'
2026-03-13 06:31:19 [ERROR] b' TCP : Unreachable peer'
2026-03-13 06:31:29 [ERROR] b' TCP : Unreachable peer'
2026-03-13 06:31:30 [ERROR] b' TCP : Unreachable peer'
2026-03-13 06:31:42 [ERROR] b' TCP : Unreachable peer'
2026-03-13 06:32:27 [ERROR] b' TCP : Unreachable peer'
2026-03-13 06:33:01 [ERROR] b' TCP : Unreachable peer'
2026-03-13 06:33:02 [ERROR] b' TCP : Unreachable peer'
2026-03-13 06:33:14 [ERROR] b' TCP : Unreachable peer'
2026-03-13 06:33:16 [ERROR] b' TCP : Unreachable peer'
2026-03-13 06:33:41 [ERROR] b' TCP : Unreachable peer'
2026-03-13 06:33:54 [ERROR] b' TCP : Unreachable peer'
2026-03-13 06:34:07 [ERROR] b' TCP : Unreachable peer'
2026-03-13 06:34:16 [ERROR] b' TCP : Unreachable peer'
2026-03-13 06:34:19 [ERROR] b' TCP : Unreachable peer'
2026-03-13 06:34:46 [ERROR] b' TCP : Unreachable peer'
2026-03-13 06:35:11 [ERROR] b' TCP : Unreachable peer'
2026-03-13 06:35:22 [ERROR] b' TCP : Unreachable peer'
2026-03-13 06:35:36 [ERROR] b' TCP : Unreachable peer'
2026-03-13 06:35:48 [ERROR] b' TCP : Unreachable peer'
2026-03-13 06:36:01 [ERROR] b' TCP : Unreachable peer'
2026-03-13 06:36:23 [ERROR] b' TCP : Unreachable peer'
2026-03-13 06:36:33 [ERROR] b' TCP : Unreachable peer'
2026-03-13 06:36:36 [ERROR] b' TCP : Unreachable peer'
2026-03-13 06:36:59 [ERROR] b' TCP : Unreachable peer'
2026-03-13 06:37:25 [ERROR] b' TCP : Unreachable peer'
2026-03-13 06:38:36 [ERROR] b' TCP : Unreachable peer'
2026-03-13 06:38:52 [ERROR] b' TCP : Unreachable peer'
2026-03-13 06:39:06 [ERROR] b' TCP : Unreachable peer'
2026-03-13 06:40:45 [ERROR] b' TCP : Unreachable peer'
2026-03-13 06:40:56 [ERROR] b' TCP : Unreachable peer'
2026-03-13 06:41:30 [ERROR] b' TCP : Unreachable peer'
2026-03-13 06:42:03 [ERROR] b' TCP : Unreachable peer'
2026-03-13 06:42:51 [ERROR] b' TCP : Unreachable peer'
2026-03-13 06:43:15 [ERROR] b' TCP : Unreachable peer'
2026-03-13 06:43:25 [ERROR] b' TCP : Unreachable peer'
2026-03-13 06:43:45 [ERROR] b' TCP : Unreachable peer'
2026-03-13 06:44:28 [ERROR] b' TCP : Unreachable peer'
2026-03-13 06:45:12 [ERROR] b' TCP : Unreachable peer'
2026-03-13 06:45:13 [ERROR] b' TCP : Unreachable peer'
2026-03-13 06:45:47 [ERROR] b' TCP : Unreachable peer'
2026-03-13 06:45:59 [ERROR] b' TCP : Unreachable peer'
2026-03-13 06:47:58 [ERROR] b' TCP : Unreachable peer'
2026-03-13 06:48:18 [ERROR] b' TCP : Unreachable peer'
2026-03-13 06:49:27 [ERROR] b' TCP : Unreachable peer'
2026-03-13 06:49:52 [ERROR] b' TCP : Unreachable peer'
2026-03-13 06:50:03 [ERROR] b' TCP : Unreachable peer'
2026-03-13 06:50:15 [ERROR] b' TCP : Unreachable peer'
2026-03-13 06:51:20 [ERROR] b' TCP : Unreachable peer'
2026-03-13 06:51:35 [ERROR] b' TCP : Unreachable peer'
2026-03-13 06:52:52 [ERROR] b' TCP : Unreachable peer'
2026-03-13 06:53:43 [ERROR] b' TCP : Unreachable peer'
2026-03-13 06:57:20 [ERROR] b' TCP : Unreachable peer'
2026-03-13 06:58:16 [ERROR] b' TCP : Unreachable peer'
2026-03-13 06:58:26 [ERROR] b' TCP : Unreachable peer'
2026-03-13 06:59:30 [ERROR] b' TCP : Unreachable peer'
2026-03-13 06:59:39 [ERROR] b' TCP : Unreachable peer'
2026-03-13 07:00:24 [ERROR] b' TCP : Unreachable peer'
2026-03-13 07:00:25 [ERROR] b' TCP : Unreachable peer'
2026-03-13 07:00:25 [ERROR] b' TCP : Unreachable peer'
2026-03-13 07:00:26 [ERROR] b' TCP : Unreachable peer'
2026-03-13 07:00:26 [ERROR] b' TCP : Unreachable peer'
2026-03-13 07:00:27 [ERROR] b' TCP : Unreachable peer'
2026-03-13 07:00:27 [ERROR] b' TCP : Unreachable peer'
2026-03-13 07:00:28 [ERROR] b' TCP : Unreachable peer'
2026-03-13 07:00:28 [ERROR] b' TCP : Unreachable peer'
2026-03-13 07:00:29 [ERROR] b' TCP : Unreachable peer'
2026-03-13 07:00:29 [ERROR] b' TCP : Unreachable peer'
2026-03-13 07:00:30 [ERROR] b' TCP : Unreachable peer'
2026-03-13 07:00:30 [ERROR] b' TCP : Unreachable peer'
2026-03-13 07:00:31 [ERROR] b' TCP : Unreachable peer'
2026-03-13 07:00:31 [ERROR] b' TCP : Unreachable peer'
2026-03-13 07:00:32 [ERROR] b' TCP : Unreachable peer'
2026-03-13 07:00:32 [ERROR] b' TCP : Unreachable peer'
2026-03-13 07:00:33 [ERROR] b' TCP : Unreachable peer'
2026-03-13 07:00:38 [ERROR] b' TCP : Unreachable peer'
2026-03-13 07:00:38 [ERROR] b' TCP : Unreachable peer'
2026-03-13 07:00:39 [ERROR] b' TCP : Unreachable peer'
2026-03-13 07:00:43 [ERROR] b' TCP : Unreachable peer'
2026-03-13 07:00:44 [ERROR] b' TCP : Unreachable peer'
2026-03-13 07:00:44 [ERROR] b' TCP : Unreachable peer'
2026-03-13 07:00:46 [ERROR] b' TCP : Unreachable peer'
2026-03-13 07:00:46 [ERROR] b' TCP : Unreachable peer'
2026-03-13 07:00:47 [ERROR] b' TCP : Unreachable peer'
2026-03-13 07:00:47 [ERROR] b' TCP : Unreachable peer'
2026-03-13 07:00:48 [ERROR] b' TCP : Unreachable peer'
2026-03-13 07:00:49 [ERROR] b' TCP : Unreachable peer'
2026-03-13 07:00:50 [ERROR] b' TCP : Unreachable peer'
2026-03-13 07:00:50 [ERROR] b' TCP : Unreachable peer'
2026-03-13 07:00:51 [ERROR] b' TCP : Unreachable peer'
2026-03-13 07:00:53 [ERROR] b' TCP : Unreachable peer'
2026-03-13 07:00:54 [ERROR] b' TCP : Unreachable peer'
2026-03-13 07:00:54 [ERROR] b' TCP : Unreachable peer'
2026-03-13 07:00:55 [ERROR] b' TCP : Unreachable peer'
2026-03-13 07:01:03 [ERROR] b' TCP : Unreachable peer'
2026-03-13 07:01:04 [ERROR] b' TCP : Unreachable peer'
2026-03-13 07:01:04 [ERROR] b' TCP : Unreachable peer'
2026-03-13 07:01:05 [ERROR] b' TCP : Unreachable peer'
2026-03-13 07:01:05 [ERROR] b' TCP : Unreachable peer'
2026-03-13 07:01:06 [ERROR] b' TCP : Unreachable peer'
2026-03-13 07:01:06 [ERROR] b' TCP : Unreachable peer'
2026-03-13 07:01:07 [ERROR] b' TCP : Unreachable peer'
2026-03-13 07:01:07 [ERROR] b' TCP : Unreachable peer'
2026-03-13 07:01:08 [ERROR] b' TCP : Unreachable peer'
2026-03-13 07:01:17 [ERROR] b' TCP : Unreachable peer'
2026-03-13 07:01:41 [ERROR] b' TCP : Unreachable peer'
2026-03-13 07:02:51 [ERROR] b' TCP : Unreachable peer'
2026-03-13 07:03:16 [ERROR] b' TCP : Unreachable peer'
2026-03-13 07:04:26 [ERROR] b' TCP : Unreachable peer'
2026-03-13 07:04:39 [ERROR] b' TCP : Unreachable peer'
2026-03-13 07:05:45 [ERROR] b' TCP : Unreachable peer'
2026-03-13 07:08:21 [ERROR] b' TCP : Unreachable peer'
2026-03-13 07:08:44 [ERROR] b' TCP : Unreachable peer'
2026-03-13 07:09:31 [ERROR] b' TCP : Unreachable peer'
2026-03-13 07:10:08 [ERROR] b' TCP : Unreachable peer'
2026-03-13 07:10:17 [ERROR] b' TCP : Unreachable peer'
2026-03-13 07:10:30 [ERROR] b' TCP : Unreachable peer'
2026-03-13 07:10:51 [ERROR] b' TCP : Unreachable peer'
2026-03-13 07:11:27 [ERROR] b' TCP : Unreachable peer'
2026-03-13 07:11:36 [ERROR] b' TCP : Unreachable peer'
2026-03-13 07:13:10 [ERROR] b' TCP : Unreachable peer'
2026-03-13 07:13:41 [ERROR] b' TCP : Unreachable peer'
2026-03-13 07:14:01 [ERROR] b' TCP : Unreachable peer'
2026-03-13 07:14:24 [ERROR] b' TCP : Unreachable peer'
2026-03-13 07:14:36 [ERROR] b' TCP : Unreachable peer'
2026-03-13 07:14:46 [ERROR] b' TCP : Unreachable peer'
2026-03-13 07:15:08 [ERROR] b' TCP : Unreachable peer'
2026-03-13 07:15:45 [ERROR] b' TCP : Unreachable peer'
2026-03-13 07:17:31 [ERROR] b' TCP : Unreachable peer'
2026-03-13 07:17:53 [ERROR] b' TCP : Unreachable peer'
2026-03-13 07:18:45 [ERROR] b' TCP : Unreachable peer'
2026-03-13 07:19:15 [ERROR] b' TCP : Unreachable peer'
2026-03-13 07:20:04 [ERROR] b' TCP : Unreachable peer'
2026-03-13 07:21:05 [ERROR] b' TCP : Unreachable peer'
2026-03-13 07:21:16 [ERROR] b' TCP : Unreachable peer'
2026-03-13 07:22:05 [ERROR] b' TCP : Unreachable peer'
2026-03-13 07:23:34 [ERROR] b' TCP : Unreachable peer'
2026-03-13 07:25:01 [ERROR] b' TCP : Unreachable peer'
2026-03-13 07:25:21 [ERROR] b' TCP : Unreachable peer'
2026-03-13 07:26:54 [ERROR] b' TCP : Unreachable peer'
2026-03-13 07:28:16 [ERROR] b' TCP : Unreachable peer'
2026-03-13 07:29:50 [ERROR] b' TCP : Unreachable peer'
2026-03-13 07:30:57 [ERROR] b' TCP : Unreachable peer'
2026-03-13 07:31:56 [ERROR] b' TCP : Unreachable peer'
2026-03-13 07:32:10 [ERROR] b' TCP : Unreachable peer'
2026-03-13 07:34:01 [ERROR] b' TCP : Unreachable peer'
2026-03-13 07:34:34 [ERROR] b' TCP : Unreachable peer'
2026-03-13 07:34:44 [ERROR] b' TCP : Unreachable peer'
2026-03-13 07:34:45 [ERROR] b' TCP : Unreachable peer'
2026-03-13 07:34:53 [ERROR] b' TCP : Unreachable peer'
2026-03-13 07:35:45 [ERROR] b' TCP : Unreachable peer'
2026-03-13 07:37:10 [ERROR] b' TCP : Unreachable peer'
2026-03-13 07:37:30 [ERROR] b' TCP : Unreachable peer'
2026-03-13 07:39:49 [ERROR] b' TCP : Unreachable peer'
2026-03-13 07:40:01 [ERROR] b' TCP : Unreachable peer'
2026-03-13 07:40:30 [ERROR] b' TCP : Unreachable peer'
2026-03-13 07:40:32 [ERROR] b' TCP : Unreachable peer'
2026-03-13 07:40:45 [ERROR] b' TCP : Unreachable peer'
2026-03-13 07:43:15 [ERROR] b' TCP : Unreachable peer'
2026-03-13 07:43:27 [ERROR] b' TCP : Unreachable peer'
2026-03-13 07:43:44 [ERROR] b' TCP : Unreachable peer'
2026-03-13 07:45:02 [ERROR] b' ISO : An error occurred during recv TCP : Connection timed out'
2026-03-13 07:45:48 [ERROR] b' TCP : Unreachable peer'
2026-03-13 07:46:01 [ERROR] b' TCP : Unreachable peer'
2026-03-13 07:47:05 [ERROR] b' TCP : Unreachable peer'
2026-03-13 07:47:43 [ERROR] b' TCP : Unreachable peer'
2026-03-13 07:48:38 [ERROR] b' TCP : Unreachable peer'
2026-03-13 07:50:05 [ERROR] b' TCP : Unreachable peer'
2026-03-13 07:50:33 [ERROR] b' TCP : Unreachable peer'
2026-03-13 07:51:45 [ERROR] b' TCP : Unreachable peer'
2026-03-13 07:53:07 [ERROR] b' TCP : Unreachable peer'
2026-03-13 07:53:34 [ERROR] b' TCP : Unreachable peer'
2026-03-13 07:54:35 [ERROR] b' TCP : Unreachable peer'
2026-03-13 07:57:00 [ERROR] b' TCP : Unreachable peer'
2026-03-13 07:59:03 [ERROR] b' TCP : Unreachable peer'
2026-03-13 07:59:15 [ERROR] b' TCP : Unreachable peer'
2026-03-13 07:59:53 [ERROR] b' TCP : Unreachable peer'
2026-03-13 08:00:07 [ERROR] b' TCP : Unreachable peer'
2026-03-13 08:03:48 [ERROR] b' TCP : Unreachable peer'
2026-03-13 08:06:38 [ERROR] b' TCP : Unreachable peer'
2026-03-13 08:06:46 [ERROR] b' TCP : Unreachable peer'
2026-03-13 08:06:49 [ERROR] b' TCP : Unreachable peer'
2026-03-13 08:07:15 [ERROR] b' TCP : Unreachable peer'
2026-03-13 08:08:41 [ERROR] b' TCP : Unreachable peer'
2026-03-13 08:10:20 [ERROR] b' TCP : Unreachable peer'
2026-03-13 08:11:05 [ERROR] b' TCP : Unreachable peer'
2026-03-13 08:12:01 [ERROR] b' TCP : Unreachable peer'
2026-03-13 08:12:23 [ERROR] b' TCP : Unreachable peer'
2026-03-13 08:12:52 [ERROR] b' TCP : Unreachable peer'
2026-03-13 08:13:35 [ERROR] b' TCP : Unreachable peer'
2026-03-13 08:13:58 [ERROR] b' TCP : Unreachable peer'
2026-03-13 08:15:27 [ERROR] b' TCP : Unreachable peer'
2026-03-13 08:17:00 [ERROR] b' TCP : Unreachable peer'
2026-03-13 08:17:09 [ERROR] b' ISO : An error occurred during recv TCP : Connection timed out'
2026-03-13 08:17:32 [ERROR] b' TCP : Unreachable peer'
2026-03-13 08:17:43 [ERROR] b' TCP : Unreachable peer'
2026-03-13 08:18:39 [ERROR] b' TCP : Unreachable peer'
2026-03-13 08:19:37 [ERROR] b' TCP : Unreachable peer'
2026-03-13 08:19:55 [ERROR] b' TCP : Unreachable peer'
2026-03-13 08:20:20 [ERROR] b' TCP : Unreachable peer'
2026-03-13 08:20:34 [ERROR] b' TCP : Unreachable peer'
2026-03-13 08:20:49 [ERROR] b' TCP : Unreachable peer'
2026-03-13 08:21:15 [ERROR] b' TCP : Unreachable peer'
2026-03-13 08:22:28 [ERROR] b' TCP : Unreachable peer'
2026-03-13 08:24:15 [ERROR] b' TCP : Unreachable peer'
2026-03-13 08:25:28 [ERROR] b' TCP : Unreachable peer'
2026-03-13 08:26:55 [ERROR] b' TCP : Unreachable peer'
2026-03-13 08:26:55 [ERROR] b' TCP : Unreachable peer'
2026-03-13 08:27:25 [ERROR] b' TCP : Unreachable peer'
2026-03-13 08:28:32 [ERROR] b' TCP : Unreachable peer'
2026-03-13 08:28:33 [ERROR] b' TCP : Unreachable peer'
2026-03-13 08:28:49 [ERROR] b' TCP : Unreachable peer'
2026-03-13 08:29:52 [ERROR] b' TCP : Unreachable peer'
2026-03-13 08:30:02 [ERROR] b' TCP : Unreachable peer'
2026-03-13 08:30:19 [ERROR] b' TCP : Unreachable peer'
2026-03-13 08:30:42 [ERROR] b' TCP : Unreachable peer'
2026-03-13 08:32:32 [ERROR] b' TCP : Unreachable peer'
2026-03-13 08:34:12 [ERROR] b' TCP : Unreachable peer'
2026-03-13 08:34:44 [ERROR] b' TCP : Unreachable peer'
2026-03-13 08:35:03 [ERROR] b' TCP : Unreachable peer'
2026-03-13 08:35:13 [ERROR] b' TCP : Unreachable peer'
2026-03-13 08:35:26 [ERROR] b' TCP : Unreachable peer'
2026-03-13 08:35:43 [ERROR] b' ISO : An error occurred during recv TCP : Connection timed out'
2026-03-13 08:35:49 [ERROR] b' TCP : Unreachable peer'
2026-03-13 08:36:11 [ERROR] b' ISO : An error occurred during recv TCP : Connection timed out'
2026-03-13 08:36:17 [ERROR] b' TCP : Unreachable peer'
2026-03-13 08:36:45 [ERROR] b' TCP : Unreachable peer'
2026-03-13 08:36:53 [ERROR] b' ISO : An error occurred during recv TCP : Connection timed out'
2026-03-13 08:37:48 [ERROR] b' TCP : Unreachable peer'
2026-03-13 08:37:55 [ERROR] b' TCP : Unreachable peer'
2026-03-13 08:37:57 [ERROR] b' TCP : Unreachable peer'
2026-03-13 08:37:58 [ERROR] b' TCP : Unreachable peer'
2026-03-13 08:37:58 [ERROR] b' TCP : Unreachable peer'
2026-03-13 08:38:02 [ERROR] b' TCP : Unreachable peer'
2026-03-13 08:38:03 [ERROR] b' TCP : Unreachable peer'
2026-03-13 08:38:06 [ERROR] b' TCP : Unreachable peer'
2026-03-13 08:38:09 [ERROR] b' TCP : Unreachable peer'
2026-03-13 08:38:16 [ERROR] b' ISO : An error occurred during recv TCP : Connection timed out'
2026-03-13 08:38:16 [ERROR] b' TCP : Unreachable peer'
2026-03-13 08:38:20 [ERROR] b' TCP : Unreachable peer'
2026-03-13 08:38:20 [ERROR] b' TCP : Unreachable peer'
2026-03-13 08:38:22 [ERROR] b' TCP : Unreachable peer'
2026-03-13 08:38:23 [ERROR] b' TCP : Unreachable peer'
2026-03-13 08:38:36 [ERROR] b' TCP : Unreachable peer'
2026-03-13 08:38:57 [ERROR] b' ISO : An error occurred during recv TCP : Connection timed out'
2026-03-13 08:39:16 [ERROR] b' TCP : Unreachable peer'
2026-03-13 08:39:29 [ERROR] b' TCP : Unreachable peer'
2026-03-13 08:40:06 [ERROR] b' TCP : Unreachable peer'
2026-03-13 08:40:23 [ERROR] b' TCP : Unreachable peer'
2026-03-13 08:40:41 [ERROR] b' TCP : Unreachable peer'
2026-03-13 08:40:55 [ERROR] b' TCP : Unreachable peer'
2026-03-13 08:41:03 [ERROR] b' TCP : Unreachable peer'
2026-03-13 08:41:25 [ERROR] b' TCP : Unreachable peer'
2026-03-13 08:41:26 [ERROR] b' TCP : Unreachable peer'
2026-03-13 08:41:33 [ERROR] b' TCP : Unreachable peer'
2026-03-13 08:41:40 [ERROR] b' TCP : Unreachable peer'
2026-03-13 08:41:41 [ERROR] b' TCP : Unreachable peer'
2026-03-13 08:41:41 [ERROR] b' TCP : Unreachable peer'
2026-03-13 08:41:42 [ERROR] b' TCP : Unreachable peer'
2026-03-13 08:41:42 [ERROR] b' TCP : Unreachable peer'
2026-03-13 08:41:57 [ERROR] b' TCP : Unreachable peer'
2026-03-13 08:42:10 [ERROR] b' TCP : Unreachable peer'
2026-03-13 08:42:31 [ERROR] b' TCP : Unreachable peer'
2026-03-13 08:42:51 [ERROR] b' TCP : Unreachable peer'
2026-03-13 08:43:31 [ERROR] b' TCP : Unreachable peer'
2026-03-13 08:44:07 [ERROR] b' TCP : Unreachable peer'
2026-03-13 08:44:09 [ERROR] b' TCP : Unreachable peer'
2026-03-13 08:44:25 [ERROR] b' ISO : An error occurred during recv TCP : Connection timed out'
2026-03-13 08:44:35 [ERROR] b' TCP : Unreachable peer'
2026-03-13 08:44:51 [ERROR] b' TCP : Unreachable peer'
2026-03-13 08:44:52 [ERROR] b' TCP : Unreachable peer'
2026-03-13 08:44:57 [ERROR] b' TCP : Unreachable peer'
2026-03-13 08:45:04 [ERROR] b' TCP : Unreachable peer'
2026-03-13 08:45:11 [ERROR] b' TCP : Unreachable peer'
2026-03-13 08:45:16 [ERROR] b' ISO : An error occurred during recv TCP : Connection timed out'
2026-03-13 08:45:16 [ERROR] b' TCP : Unreachable peer'
2026-03-13 08:45:19 [ERROR] b' TCP : Unreachable peer'
2026-03-13 08:45:19 [ERROR] b' TCP : Unreachable peer'
2026-03-13 08:45:33 [ERROR] b' TCP : Unreachable peer'
2026-03-13 08:45:37 [ERROR] b' TCP : Unreachable peer'
2026-03-13 08:45:40 [ERROR] b' TCP : Unreachable peer'
2026-03-13 08:45:42 [ERROR] b' TCP : Unreachable peer'
2026-03-13 08:45:44 [ERROR] b' TCP : Unreachable peer'
2026-03-13 08:45:50 [ERROR] b' TCP : Unreachable peer'
2026-03-13 08:45:53 [ERROR] b' TCP : Unreachable peer'
2026-03-13 08:45:54 [ERROR] b' TCP : Unreachable peer'
2026-03-13 08:46:33 [ERROR] b' TCP : Unreachable peer'
2026-03-13 08:46:35 [ERROR] b' TCP : Unreachable peer'
2026-03-13 08:46:40 [ERROR] b' TCP : Unreachable peer'
2026-03-13 08:46:44 [ERROR] b' TCP : Unreachable peer'
2026-03-13 08:47:16 [ERROR] b' TCP : Unreachable peer'
2026-03-13 08:47:20 [ERROR] b' ISO : An error occurred during recv TCP : Connection timed out'
2026-03-13 08:47:24 [ERROR] b' TCP : Unreachable peer'
2026-03-13 08:47:25 [ERROR] b' TCP : Unreachable peer'
2026-03-13 08:47:27 [ERROR] b' TCP : Unreachable peer'
2026-03-13 08:47:54 [ERROR] b' TCP : Unreachable peer'
2026-03-13 08:48:30 [ERROR] b' ISO : An error occurred during recv TCP : Connection timed out'
2026-03-13 08:48:34 [ERROR] b' TCP : Unreachable peer'
2026-03-13 08:48:56 [ERROR] b' TCP : Unreachable peer'
2026-03-13 08:49:18 [ERROR] b' TCP : Unreachable peer'
2026-03-13 08:49:29 [ERROR] b' TCP : Unreachable peer'
2026-03-13 08:49:35 [ERROR] b' TCP : Unreachable peer'
2026-03-13 08:49:38 [ERROR] b' TCP : Unreachable peer'
2026-03-13 08:49:58 [ERROR] b' TCP : Unreachable peer'
2026-03-13 08:50:22 [ERROR] b' TCP : Unreachable peer'
2026-03-13 08:50:40 [ERROR] b' TCP : Unreachable peer'
2026-03-13 08:50:49 [ERROR] b' TCP : Unreachable peer'
2026-03-13 08:51:12 [ERROR] b' TCP : Unreachable peer'
2026-03-13 08:51:32 [ERROR] b' TCP : Unreachable peer'
2026-03-13 08:51:38 [ERROR] b' TCP : Unreachable peer'
2026-03-13 08:51:46 [ERROR] b' TCP : Unreachable peer'
2026-03-13 08:51:58 [ERROR] b' TCP : Unreachable peer'
2026-03-13 08:52:00 [ERROR] b' TCP : Unreachable peer'
2026-03-13 08:52:08 [ERROR] b' TCP : Unreachable peer'
2026-03-13 08:52:31 [ERROR] b' TCP : Unreachable peer'
2026-03-13 08:52:38 [ERROR] b' TCP : Unreachable peer'
2026-03-13 08:52:49 [ERROR] b' ISO : An error occurred during recv TCP : Connection timed out'
2026-03-13 08:52:50 [ERROR] b' TCP : Unreachable peer'
2026-03-13 08:52:53 [ERROR] b' TCP : Unreachable peer'
2026-03-13 08:53:03 [ERROR] b' TCP : Unreachable peer'
2026-03-13 08:53:24 [ERROR] b' TCP : Unreachable peer'
2026-03-13 08:53:33 [ERROR] b' TCP : Unreachable peer'
2026-03-13 08:53:51 [ERROR] b' ISO : An error occurred during recv TCP : Connection timed out'
2026-03-13 08:53:52 [ERROR] b' TCP : Unreachable peer'
2026-03-13 08:54:06 [ERROR] b' ISO : An error occurred during recv TCP : Connection timed out'
2026-03-13 08:54:20 [ERROR] b' TCP : Unreachable peer'
2026-03-13 08:54:21 [ERROR] b' TCP : Unreachable peer'
2026-03-13 08:54:23 [ERROR] b' TCP : Unreachable peer'
2026-03-13 08:54:30 [ERROR] b' TCP : Unreachable peer'
2026-03-13 08:54:30 [ERROR] b' TCP : Unreachable peer'
2026-03-13 08:54:34 [ERROR] b' ISO : An error occurred during recv TCP : Connection timed out'
2026-03-13 08:54:37 [ERROR] b' TCP : Unreachable peer'
2026-03-13 08:54:47 [ERROR] b' ISO : An error occurred during recv TCP : Connection timed out'
2026-03-13 08:54:49 [ERROR] b' TCP : Unreachable peer'
2026-03-13 08:55:08 [ERROR] b' ISO : An error occurred during recv TCP : Connection timed out'
2026-03-13 08:55:10 [ERROR] b' TCP : Unreachable peer'
2026-03-13 08:55:14 [ERROR] b' TCP : Unreachable peer'
2026-03-13 08:55:15 [ERROR] b' TCP : Unreachable peer'
2026-03-13 08:56:13 [ERROR] b' TCP : Unreachable peer'
2026-03-13 08:56:14 [ERROR] b' TCP : Unreachable peer'
2026-03-13 08:56:17 [ERROR] b' TCP : Unreachable peer'
2026-03-13 08:56:18 [ERROR] b' TCP : Unreachable peer'
2026-03-13 08:56:30 [ERROR] b' TCP : Unreachable peer'
2026-03-13 08:56:58 [ERROR] b' TCP : Unreachable peer'
2026-03-13 08:58:22 [ERROR] b' TCP : Unreachable peer'
2026-03-13 08:58:29 [ERROR] b' TCP : Unreachable peer'
2026-03-13 08:58:33 [ERROR] b' TCP : Unreachable peer'
2026-03-13 08:58:36 [ERROR] b' TCP : Unreachable peer'
2026-03-13 08:58:38 [ERROR] b' TCP : Unreachable peer'
2026-03-13 08:59:01 [ERROR] b' TCP : Unreachable peer'
2026-03-13 08:59:13 [ERROR] b' ISO : An error occurred during recv TCP : Connection timed out'
2026-03-13 08:59:16 [ERROR] b' TCP : Unreachable peer'
2026-03-13 08:59:27 [ERROR] b' TCP : Unreachable peer'
2026-03-13 08:59:29 [ERROR] b' TCP : Unreachable peer'
2026-03-13 08:59:35 [ERROR] b' TCP : Unreachable peer'
2026-03-13 09:00:09 [ERROR] b' TCP : Unreachable peer'
2026-03-13 09:00:17 [ERROR] b' TCP : Unreachable peer'
2026-03-13 09:00:31 [ERROR] b' ISO : An error occurred during recv TCP : Connection timed out'
2026-03-13 09:00:39 [ERROR] b' TCP : Unreachable peer'
2026-03-13 09:00:49 [ERROR] b' ISO : An error occurred during recv TCP : Connection timed out'
2026-03-13 09:01:34 [ERROR] b' TCP : Unreachable peer'
2026-03-13 09:01:50 [ERROR] b' TCP : Unreachable peer'
2026-03-13 09:01:51 [ERROR] b' TCP : Unreachable peer'
2026-03-13 09:02:01 [ERROR] b' TCP : Unreachable peer'
2026-03-13 09:02:01 [ERROR] b' TCP : Unreachable peer'
2026-03-13 09:02:09 [ERROR] b' TCP : Unreachable peer'
2026-03-13 09:02:15 [ERROR] b' ISO : An error occurred during recv TCP : Connection timed out'
2026-03-13 09:02:25 [ERROR] b' ISO : An error occurred during recv TCP : Connection timed out'
2026-03-13 09:02:26 [ERROR] b' TCP : Unreachable peer'
2026-03-13 09:02:36 [ERROR] b' ISO : An error occurred during recv TCP : Connection timed out'
2026-03-13 09:03:44 [ERROR] b' TCP : Unreachable peer'
2026-03-13 09:04:27 [ERROR] b' TCP : Unreachable peer'
2026-03-13 09:04:39 [ERROR] b' TCP : Unreachable peer'
2026-03-13 09:04:39 [ERROR] b' TCP : Unreachable peer'
2026-03-13 09:04:48 [ERROR] b' TCP : Unreachable peer'
2026-03-13 09:04:49 [ERROR] b' TCP : Unreachable peer'
2026-03-13 09:04:52 [ERROR] b' ISO : An error occurred during recv TCP : Connection timed out'
2026-03-13 09:04:56 [ERROR] b' TCP : Unreachable peer'
2026-03-13 09:05:03 [ERROR] b' TCP : Unreachable peer'
2026-03-13 09:05:31 [ERROR] b' TCP : Unreachable peer'
2026-03-13 09:05:53 [ERROR] b' ISO : An error occurred during recv TCP : Connection timed out'
2026-03-13 09:06:23 [ERROR] b' TCP : Unreachable peer'
2026-03-13 09:06:28 [ERROR] b' TCP : Unreachable peer'
2026-03-13 09:07:51 [ERROR] b' TCP : Unreachable peer'
2026-03-13 09:07:57 [ERROR] b' TCP : Unreachable peer'
2026-03-13 09:08:36 [ERROR] b' TCP : Unreachable peer'
2026-03-13 09:08:44 [ERROR] b' TCP : Unreachable peer'
2026-03-13 09:09:20 [ERROR] b' TCP : Unreachable peer'
2026-03-13 09:10:16 [ERROR] b' TCP : Unreachable peer'
2026-03-13 09:10:17 [ERROR] b' TCP : Unreachable peer'
2026-03-13 09:10:27 [ERROR] b' TCP : Unreachable peer'
2026-03-13 09:10:43 [ERROR] b' TCP : Unreachable peer'
2026-03-13 09:10:58 [ERROR] b' TCP : Unreachable peer'
2026-03-13 09:11:02 [ERROR] b' TCP : Unreachable peer'
2026-03-13 09:11:35 [ERROR] b' TCP : Unreachable peer'
2026-03-13 09:11:49 [ERROR] b' TCP : Unreachable peer'
2026-03-13 09:12:08 [ERROR] b' TCP : Unreachable peer'
2026-03-13 09:12:24 [ERROR] b' TCP : Unreachable peer'
2026-03-13 09:12:42 [ERROR] b' TCP : Unreachable peer'
2026-03-13 09:12:53 [ERROR] b' TCP : Unreachable peer'
2026-03-13 09:14:02 [ERROR] b' TCP : Unreachable peer'
2026-03-13 09:14:18 [ERROR] b' TCP : Unreachable peer'
2026-03-13 09:14:49 [ERROR] b' TCP : Unreachable peer'
2026-03-13 09:14:58 [ERROR] b' TCP : Unreachable peer'
2026-03-13 09:15:15 [ERROR] b' TCP : Unreachable peer'
2026-03-13 09:15:22 [ERROR] b' TCP : Unreachable peer'
2026-03-13 09:15:24 [ERROR] b' TCP : Unreachable peer'
2026-03-13 09:15:49 [ERROR] b' ISO : An error occurred during recv TCP : Connection timed out'
2026-03-13 09:16:11 [ERROR] b' ISO : An error occurred during recv TCP : Connection timed out'
2026-03-13 09:16:32 [ERROR] b' TCP : Unreachable peer'
2026-03-13 09:17:08 [ERROR] b' TCP : Unreachable peer'
2026-03-13 09:17:28 [ERROR] b' TCP : Unreachable peer'
2026-03-13 09:17:35 [ERROR] b' TCP : Unreachable peer'
2026-03-13 09:17:41 [ERROR] b' ISO : An error occurred during recv TCP : Connection timed out'
2026-03-13 09:17:47 [ERROR] b' TCP : Unreachable peer'
2026-03-13 09:17:52 [ERROR] b' ISO : An error occurred during recv TCP : Connection timed out'
2026-03-13 09:17:57 [ERROR] b' ISO : An error occurred during recv TCP : Connection timed out'
2026-03-13 09:17:58 [ERROR] b' TCP : Unreachable peer'
2026-03-13 09:18:03 [ERROR] b' TCP : Unreachable peer'
2026-03-13 09:18:07 [ERROR] b' ISO : An error occurred during recv TCP : Connection timed out'
2026-03-13 09:18:14 [ERROR] b' TCP : Unreachable peer'
2026-03-13 09:19:31 [ERROR] b' TCP : Unreachable peer'
2026-03-13 09:19:37 [ERROR] b' TCP : Unreachable peer'
2026-03-13 09:19:47 [ERROR] b' TCP : Unreachable peer'
2026-03-13 09:19:57 [ERROR] b' TCP : Unreachable peer'
2026-03-13 09:20:08 [ERROR] b' TCP : Unreachable peer'
2026-03-13 09:20:09 [ERROR] b' TCP : Unreachable peer'
2026-03-13 09:20:35 [ERROR] b' TCP : Unreachable peer'
2026-03-13 09:21:18 [ERROR] b' TCP : Unreachable peer'
2026-03-13 09:21:47 [ERROR] b' ISO : An error occurred during recv TCP : Connection timed out'
2026-03-13 09:22:02 [ERROR] b' ISO : An error occurred during recv TCP : Connection timed out'
2026-03-13 09:22:10 [ERROR] b' TCP : Unreachable peer'
2026-03-13 09:22:20 [ERROR] b' TCP : Unreachable peer'
2026-03-13 09:22:51 [ERROR] b' TCP : Unreachable peer'
2026-03-13 09:23:00 [ERROR] b' TCP : Unreachable peer'
2026-03-13 09:23:12 [ERROR] b' ISO : An error occurred during recv TCP : Connection timed out'
2026-03-13 09:23:12 [ERROR] b' TCP : Unreachable peer'
2026-03-13 09:23:13 [ERROR] b' TCP : Unreachable peer'
2026-03-13 09:23:26 [ERROR] b' TCP : Unreachable peer'
2026-03-13 09:23:52 [ERROR] b' ISO : An error occurred during recv TCP : Connection timed out'
2026-03-13 09:24:08 [ERROR] b' TCP : Unreachable peer'
2026-03-13 09:24:09 [ERROR] b' TCP : Unreachable peer'
2026-03-13 09:24:29 [ERROR] b' TCP : Unreachable peer'
2026-03-13 09:25:12 [ERROR] b' TCP : Unreachable peer'
2026-03-13 09:25:28 [ERROR] b' TCP : Unreachable peer'
2026-03-13 09:25:58 [ERROR] b' TCP : Unreachable peer'
2026-03-13 09:26:15 [ERROR] b' TCP : Unreachable peer'
2026-03-13 09:27:27 [ERROR] b' ISO : An error occurred during recv TCP : Connection timed out'
2026-03-13 09:28:04 [ERROR] b' TCP : Unreachable peer'
2026-03-13 09:28:19 [ERROR] b' TCP : Unreachable peer'
2026-03-13 09:28:28 [ERROR] b' TCP : Unreachable peer'
2026-03-13 09:28:32 [ERROR] b' TCP : Unreachable peer'
2026-03-13 09:28:41 [ERROR] b' TCP : Unreachable peer'
2026-03-13 09:28:45 [ERROR] b' TCP : Unreachable peer'
2026-03-13 09:28:49 [ERROR] b' TCP : Unreachable peer'
2026-03-13 09:29:29 [ERROR] b' TCP : Unreachable peer'
2026-03-13 09:29:32 [ERROR] b' TCP : Unreachable peer'
2026-03-13 09:29:47 [ERROR] b' TCP : Unreachable peer'
2026-03-13 09:29:49 [ERROR] b' TCP : Unreachable peer'
2026-03-13 09:30:13 [ERROR] b' ISO : An error occurred during recv TCP : Connection timed out'
2026-03-13 09:30:46 [ERROR] b' TCP : Unreachable peer'
2026-03-13 09:30:51 [ERROR] b' TCP : Unreachable peer'
2026-03-13 09:31:06 [ERROR] b' ISO : An error occurred during recv TCP : Connection timed out'
2026-03-13 09:31:10 [ERROR] b' TCP : Unreachable peer'
2026-03-13 09:31:12 [ERROR] b' TCP : Unreachable peer'
2026-03-13 09:31:14 [ERROR] b' TCP : Unreachable peer'
2026-03-13 09:31:17 [ERROR] b' TCP : Unreachable peer'
2026-03-13 09:31:47 [ERROR] b' TCP : Unreachable peer'
2026-03-13 09:32:27 [ERROR] b' TCP : Unreachable peer'
2026-03-13 09:32:28 [ERROR] b' TCP : Unreachable peer'
2026-03-13 09:32:30 [ERROR] b' TCP : Unreachable peer'
2026-03-13 09:32:43 [ERROR] b' ISO : An error occurred during recv TCP : Connection timed out'
2026-03-13 09:32:51 [ERROR] b' TCP : Unreachable peer'
2026-03-13 09:33:39 [ERROR] b' ISO : An error occurred during recv TCP : Connection timed out'
2026-03-13 09:34:10 [ERROR] b' TCP : Unreachable peer'
2026-03-13 09:34:18 [ERROR] b' ISO : An error occurred during recv TCP : Connection timed out'
2026-03-13 09:34:23 [ERROR] b' TCP : Unreachable peer'
2026-03-13 09:35:06 [ERROR] b' TCP : Unreachable peer'
2026-03-13 09:35:07 [ERROR] b' TCP : Unreachable peer'
2026-03-13 09:36:08 [ERROR] b' ISO : An error occurred during recv TCP : Connection timed out'
2026-03-13 09:36:35 [ERROR] b' ISO : An error occurred during recv TCP : Connection timed out'
2026-03-13 09:36:42 [ERROR] b' ISO : An error occurred during recv TCP : Connection timed out'
2026-03-13 09:36:51 [ERROR] b' TCP : Unreachable peer'
2026-03-13 09:36:52 [ERROR] b' TCP : Unreachable peer'
2026-03-13 09:37:02 [ERROR] b' TCP : Unreachable peer'
2026-03-13 09:37:02 [ERROR] b' TCP : Unreachable peer'
2026-03-13 09:37:07 [ERROR] b' ISO : An error occurred during recv TCP : Connection timed out'
2026-03-13 09:37:17 [ERROR] b' TCP : Unreachable peer'
2026-03-13 09:37:34 [ERROR] b' TCP : Unreachable peer'
2026-03-13 09:37:51 [ERROR] b' ISO : An error occurred during recv TCP : Connection timed out'
2026-03-13 09:38:08 [ERROR] b' TCP : Unreachable peer'
2026-03-13 09:38:10 [ERROR] b' TCP : Unreachable peer'
2026-03-13 09:38:34 [ERROR] b' ISO : An error occurred during recv TCP : Connection timed out'
2026-03-13 09:38:42 [ERROR] b' TCP : Unreachable peer'
2026-03-13 09:38:42 [ERROR] b' TCP : Unreachable peer'
2026-03-13 09:39:19 [ERROR] b' ISO : An error occurred during recv TCP : Connection timed out'
2026-03-13 09:39:47 [ERROR] b' TCP : Unreachable peer'
2026-03-13 09:40:00 [ERROR] b' TCP : Unreachable peer'
2026-03-13 09:40:25 [ERROR] b' TCP : Unreachable peer'
2026-03-13 09:40:35 [ERROR] b' TCP : Unreachable peer'
2026-03-13 09:40:53 [ERROR] b' TCP : Unreachable peer'
2026-03-13 09:40:54 [ERROR] b' TCP : Unreachable peer'
2026-03-13 09:41:06 [ERROR] b' TCP : Unreachable peer'
2026-03-13 09:41:07 [ERROR] b' TCP : Unreachable peer'
2026-03-13 09:41:17 [ERROR] b' TCP : Unreachable peer'
2026-03-13 09:41:30 [ERROR] b' TCP : Unreachable peer'
2026-03-13 09:41:31 [ERROR] b' TCP : Unreachable peer'
2026-03-13 09:41:31 [ERROR] b' TCP : Unreachable peer'
2026-03-13 09:41:32 [ERROR] b' TCP : Unreachable peer'
2026-03-13 09:42:09 [ERROR] b' ISO : An error occurred during recv TCP : Connection timed out'
2026-03-13 09:42:17 [ERROR] b' ISO : An error occurred during recv TCP : Connection timed out'
2026-03-13 09:42:27 [ERROR] b' ISO : An error occurred during recv TCP : Connection timed out'
2026-03-13 09:42:36 [ERROR] b' TCP : Unreachable peer'
2026-03-13 09:42:51 [ERROR] b' TCP : Unreachable peer'
2026-03-13 09:42:53 [ERROR] b' TCP : Unreachable peer'
2026-03-13 09:43:19 [ERROR] b' TCP : Unreachable peer'
2026-03-13 09:43:26 [ERROR] b' TCP : Unreachable peer'
2026-03-13 09:43:27 [ERROR] b' TCP : Unreachable peer'
2026-03-13 09:43:27 [ERROR] b' TCP : Unreachable peer'
2026-03-13 09:43:28 [ERROR] b' TCP : Unreachable peer'
2026-03-13 09:43:28 [ERROR] b' TCP : Unreachable peer'
2026-03-13 09:43:29 [ERROR] b' TCP : Unreachable peer'
2026-03-13 09:43:29 [ERROR] b' TCP : Unreachable peer'
2026-03-13 09:43:30 [ERROR] b' TCP : Unreachable peer'
2026-03-13 09:43:30 [ERROR] b' TCP : Unreachable peer'
2026-03-13 09:43:31 [ERROR] b' TCP : Unreachable peer'
2026-03-13 09:43:31 [ERROR] b' TCP : Unreachable peer'
2026-03-13 09:43:32 [ERROR] b' TCP : Unreachable peer'
2026-03-13 09:43:32 [ERROR] b' TCP : Unreachable peer'
2026-03-13 09:43:33 [ERROR] b' TCP : Unreachable peer'
2026-03-13 09:43:33 [ERROR] b' TCP : Unreachable peer'
2026-03-13 09:43:34 [ERROR] b' TCP : Unreachable peer'
2026-03-13 09:43:34 [ERROR] b' TCP : Unreachable peer'
2026-03-13 09:43:35 [ERROR] b' TCP : Unreachable peer'
2026-03-13 09:43:35 [ERROR] b' TCP : Unreachable peer'
2026-03-13 09:43:36 [ERROR] b' TCP : Unreachable peer'
2026-03-13 09:43:36 [ERROR] b' TCP : Unreachable peer'
2026-03-13 09:43:37 [ERROR] b' TCP : Unreachable peer'
2026-03-13 09:43:37 [ERROR] b' TCP : Unreachable peer'
2026-03-13 09:43:38 [ERROR] b' TCP : Unreachable peer'
2026-03-13 09:43:51 [ERROR] b' TCP : Unreachable peer'
2026-03-13 09:43:55 [ERROR] b' ISO : An error occurred during recv TCP : Connection timed out'
2026-03-13 09:44:39 [ERROR] b' ISO : An error occurred during recv TCP : Connection timed out'
2026-03-13 09:46:00 [ERROR] b' TCP : Unreachable peer'
2026-03-13 09:46:06 [ERROR] b' ISO : An error occurred during recv TCP : Connection timed out'
2026-03-13 09:46:11 [ERROR] b' TCP : Unreachable peer'
2026-03-13 09:46:15 [ERROR] b' TCP : Unreachable peer'
2026-03-13 09:46:19 [ERROR] b' TCP : Unreachable peer'
2026-03-13 09:46:34 [ERROR] b' ISO : An error occurred during recv TCP : Connection timed out'
2026-03-13 09:46:34 [ERROR] b' TCP : Unreachable peer'
2026-03-13 09:46:45 [ERROR] b' TCP : Unreachable peer'
2026-03-13 09:47:03 [ERROR] b' ISO : An error occurred during recv TCP : Connection timed out'
2026-03-13 09:47:14 [ERROR] b' ISO : An error occurred during recv TCP : Connection timed out'
2026-03-13 09:47:24 [ERROR] b' TCP : Unreachable peer'
2026-03-13 09:47:25 [ERROR] b' TCP : Unreachable peer'
2026-03-13 09:47:43 [ERROR] b' ISO : An error occurred during recv TCP : Connection timed out'
2026-03-13 09:47:43 [ERROR] b' TCP : Unreachable peer'
2026-03-13 09:47:57 [ERROR] b' TCP : Unreachable peer'
2026-03-13 09:47:58 [ERROR] b' TCP : Unreachable peer'
2026-03-13 09:48:27 [ERROR] b' TCP : Unreachable peer'
2026-03-13 09:48:30 [ERROR] b' TCP : Unreachable peer'
2026-03-13 09:48:34 [ERROR] b' TCP : Unreachable peer'
2026-03-13 09:48:43 [ERROR] b' ISO : An error occurred during recv TCP : Connection timed out'
2026-03-13 09:48:43 [ERROR] b' TCP : Unreachable peer'
2026-03-13 09:48:52 [ERROR] b' TCP : Unreachable peer'
2026-03-13 09:49:16 [ERROR] b' TCP : Unreachable peer'
2026-03-13 09:49:26 [ERROR] b' TCP : Unreachable peer'
2026-03-13 09:49:30 [ERROR] b' TCP : Unreachable peer'
2026-03-13 09:49:31 [ERROR] b' TCP : Unreachable peer'
2026-03-13 09:49:50 [ERROR] b' TCP : Unreachable peer'
2026-03-13 09:50:06 [ERROR] b' TCP : Unreachable peer'
2026-03-13 09:50:17 [ERROR] b' ISO : An error occurred during recv TCP : Connection timed out'
2026-03-13 09:50:24 [ERROR] b' TCP : Unreachable peer'
2026-03-13 09:50:24 [ERROR] b' TCP : Unreachable peer'
2026-03-13 09:50:31 [ERROR] b' TCP : Unreachable peer'
2026-03-13 09:50:36 [ERROR] b' ISO : An error occurred during recv TCP : Connection timed out'
2026-03-13 09:50:36 [ERROR] b' TCP : Unreachable peer'
2026-03-13 09:50:44 [ERROR] b' TCP : Unreachable peer'
2026-03-13 09:50:56 [ERROR] b' TCP : Unreachable peer'
2026-03-13 09:50:59 [ERROR] b' TCP : Unreachable peer'
2026-03-13 09:51:06 [ERROR] b' TCP : Unreachable peer'
2026-03-13 09:51:30 [ERROR] b' ISO : An error occurred during recv TCP : Connection timed out'
2026-03-13 09:51:30 [ERROR] b' TCP : Unreachable peer'
2026-03-13 09:51:56 [ERROR] b' TCP : Unreachable peer'
2026-03-13 09:52:21 [ERROR] b' TCP : Unreachable peer'
2026-03-13 09:52:46 [ERROR] b' TCP : Unreachable peer'
2026-03-13 09:52:50 [ERROR] b' TCP : Unreachable peer'
2026-03-13 09:52:51 [ERROR] b' TCP : Unreachable peer'
2026-03-13 09:52:58 [ERROR] b' TCP : Unreachable peer'
2026-03-13 09:53:05 [ERROR] b' ISO : An error occurred during recv TCP : Connection timed out'
2026-03-13 09:53:08 [ERROR] b' ISO : An error occurred during recv TCP : Connection timed out'
2026-03-13 09:53:19 [ERROR] b' ISO : An error occurred during recv TCP : Connection timed out'
2026-03-13 09:53:23 [ERROR] b' ISO : An error occurred during recv TCP : Connection timed out'
2026-03-13 09:53:23 [ERROR] b' TCP : Unreachable peer'
2026-03-13 09:53:48 [ERROR] b' TCP : Unreachable peer'
2026-03-13 09:54:05 [ERROR] b' TCP : Unreachable peer'
2026-03-13 09:54:19 [ERROR] b' TCP : Unreachable peer'
2026-03-13 09:54:23 [ERROR] b' TCP : Unreachable peer'
2026-03-13 09:54:33 [ERROR] b' TCP : Unreachable peer'
2026-03-13 09:54:44 [ERROR] b' TCP : Unreachable peer'
2026-03-13 09:55:07 [ERROR] b' ISO : An error occurred during recv TCP : Connection timed out'
2026-03-13 09:55:11 [ERROR] b' TCP : Unreachable peer'
2026-03-13 09:55:16 [ERROR] b' TCP : Unreachable peer'
2026-03-13 09:55:24 [ERROR] b' TCP : Unreachable peer'
2026-03-13 09:55:29 [ERROR] b' TCP : Unreachable peer'
2026-03-13 09:55:47 [ERROR] b' TCP : Unreachable peer'
2026-03-13 09:55:49 [ERROR] b' TCP : Unreachable peer'
2026-03-13 09:55:57 [ERROR] b' TCP : Unreachable peer'
2026-03-13 09:56:04 [ERROR] b' TCP : Unreachable peer'
2026-03-13 09:56:04 [ERROR] b' TCP : Unreachable peer'
2026-03-13 09:56:10 [ERROR] b' TCP : Unreachable peer'
2026-03-13 09:56:20 [ERROR] b' TCP : Unreachable peer'
2026-03-13 09:56:31 [ERROR] b' TCP : Unreachable peer'
2026-03-13 09:56:39 [ERROR] b' TCP : Unreachable peer'
2026-03-13 09:57:42 [ERROR] b' TCP : Unreachable peer'
2026-03-13 09:57:48 [ERROR] b' TCP : Unreachable peer'
2026-03-13 09:57:53 [ERROR] b' TCP : Unreachable peer'
2026-03-13 09:58:28 [ERROR] b' TCP : Unreachable peer'
2026-03-13 09:58:36 [ERROR] b' TCP : Unreachable peer'
2026-03-13 09:58:56 [ERROR] b' TCP : Unreachable peer'
2026-03-13 09:59:06 [ERROR] b' TCP : Unreachable peer'
2026-03-13 09:59:10 [ERROR] b' TCP : Unreachable peer'
2026-03-13 09:59:44 [ERROR] b' TCP : Unreachable peer'
2026-03-13 10:00:11 [ERROR] b' TCP : Unreachable peer'
2026-03-13 10:00:12 [ERROR] b' TCP : Unreachable peer'
2026-03-13 10:00:24 [ERROR] b' ISO : An error occurred during recv TCP : Connection timed out'
2026-03-13 10:00:29 [ERROR] b' TCP : Unreachable peer'
2026-03-13 10:00:34 [ERROR] b' ISO : An error occurred during recv TCP : Connection timed out'
2026-03-13 10:00:49 [ERROR] b' TCP : Unreachable peer'
2026-03-13 10:01:03 [ERROR] b' TCP : Unreachable peer'
2026-03-13 10:01:44 [ERROR] b' TCP : Unreachable peer'
2026-03-13 10:02:17 [ERROR] b' TCP : Unreachable peer'
2026-03-13 10:02:22 [ERROR] b' TCP : Unreachable peer'
2026-03-13 10:02:37 [ERROR] b' TCP : Unreachable peer'
2026-03-13 10:03:07 [ERROR] b' TCP : Unreachable peer'
2026-03-13 10:03:21 [ERROR] b' TCP : Unreachable peer'
2026-03-13 10:03:27 [ERROR] b' TCP : Unreachable peer'
2026-03-13 10:03:39 [ERROR] b' TCP : Unreachable peer'
2026-03-13 10:03:58 [ERROR] b' TCP : Unreachable peer'
2026-03-13 10:04:02 [ERROR] b' TCP : Unreachable peer'
2026-03-13 10:04:13 [ERROR] b' TCP : Unreachable peer'
2026-03-13 10:04:14 [ERROR] b' TCP : Unreachable peer'
2026-03-13 10:04:20 [ERROR] b' TCP : Unreachable peer'
2026-03-13 10:04:24 [ERROR] b' ISO : An error occurred during recv TCP : Connection timed out'
2026-03-13 10:04:30 [ERROR] b' TCP : Unreachable peer'
2026-03-13 10:04:39 [ERROR] b' ISO : An error occurred during recv TCP : Connection timed out'
2026-03-13 10:04:39 [ERROR] b' TCP : Unreachable peer'
2026-03-13 10:04:42 [ERROR] b' TCP : Unreachable peer'
2026-03-13 10:04:55 [ERROR] b' TCP : Unreachable peer'
2026-03-13 10:04:56 [ERROR] b' TCP : Unreachable peer'
2026-03-13 10:05:09 [ERROR] b' TCP : Unreachable peer'
2026-03-13 10:05:43 [ERROR] b' TCP : Unreachable peer'
2026-03-13 10:06:06 [ERROR] b' TCP : Unreachable peer'
2026-03-13 10:06:21 [ERROR] b' TCP : Unreachable peer'
2026-03-13 10:06:36 [ERROR] b' TCP : Unreachable peer'
2026-03-13 10:07:27 [ERROR] b' TCP : Unreachable peer'
2026-03-13 10:08:12 [ERROR] b' TCP : Unreachable peer'
2026-03-13 10:08:23 [ERROR] b' TCP : Unreachable peer'
2026-03-13 10:08:44 [ERROR] b' TCP : Unreachable peer'
2026-03-13 10:09:14 [ERROR] b' ISO : An error occurred during recv TCP : Connection timed out'
2026-03-13 10:09:21 [ERROR] b' TCP : Unreachable peer'
2026-03-13 10:09:24 [ERROR] b' TCP : Unreachable peer'
2026-03-13 10:09:24 [ERROR] b' TCP : Unreachable peer'
2026-03-13 10:09:25 [ERROR] b' TCP : Unreachable peer'
2026-03-13 10:09:25 [ERROR] b' TCP : Unreachable peer'
2026-03-13 10:09:26 [ERROR] b' TCP : Unreachable peer'
2026-03-13 10:09:26 [ERROR] b' TCP : Unreachable peer'
2026-03-13 10:09:27 [ERROR] b' TCP : Unreachable peer'
2026-03-13 10:09:27 [ERROR] b' TCP : Unreachable peer'
2026-03-13 10:09:28 [ERROR] b' TCP : Unreachable peer'
2026-03-13 10:09:28 [ERROR] b' TCP : Unreachable peer'
2026-03-13 10:09:29 [ERROR] b' TCP : Unreachable peer'
2026-03-13 10:09:29 [ERROR] b' TCP : Unreachable peer'
2026-03-13 10:09:30 [ERROR] b' TCP : Unreachable peer'
2026-03-13 10:09:31 [ERROR] b' TCP : Unreachable peer'
2026-03-13 10:09:32 [ERROR] b' TCP : Unreachable peer'
2026-03-13 10:09:32 [ERROR] b' TCP : Unreachable peer'
2026-03-13 10:09:51 [ERROR] b' TCP : Unreachable peer'
2026-03-13 10:09:52 [ERROR] b' TCP : Unreachable peer'
2026-03-13 10:09:55 [ERROR] b' TCP : Unreachable peer'
2026-03-13 10:09:57 [ERROR] b' TCP : Unreachable peer'
2026-03-13 10:10:13 [ERROR] b' TCP : Unreachable peer'
2026-03-13 10:10:14 [ERROR] b' TCP : Unreachable peer'
2026-03-13 10:10:26 [ERROR] b' ISO : An error occurred during recv TCP : Connection timed out'
2026-03-13 10:10:31 [ERROR] b' TCP : Unreachable peer'
2026-03-13 10:10:31 [ERROR] b' TCP : Unreachable peer'
2026-03-13 10:10:37 [ERROR] b' TCP : Unreachable peer'
2026-03-13 10:10:40 [ERROR] b' TCP : Unreachable peer'
2026-03-13 10:10:44 [ERROR] b' TCP : Unreachable peer'
2026-03-13 10:10:44 [ERROR] b' TCP : Unreachable peer'
2026-03-13 10:10:45 [ERROR] b' TCP : Unreachable peer'
2026-03-13 10:10:45 [ERROR] b' TCP : Unreachable peer'
2026-03-13 10:10:46 [ERROR] b' TCP : Unreachable peer'
2026-03-13 10:10:50 [ERROR] b' TCP : Unreachable peer'
2026-03-13 10:10:50 [ERROR] b' TCP : Unreachable peer'
2026-03-13 10:11:06 [ERROR] b' TCP : Unreachable peer'
2026-03-13 10:11:22 [ERROR] b' TCP : Unreachable peer'
2026-03-13 10:11:29 [ERROR] b' TCP : Unreachable peer'
2026-03-13 10:11:30 [ERROR] b' TCP : Unreachable peer'
2026-03-13 10:11:31 [ERROR] b' TCP : Unreachable peer'
2026-03-13 10:11:31 [ERROR] b' TCP : Unreachable peer'
2026-03-13 10:11:40 [ERROR] b' TCP : Unreachable peer'
2026-03-13 10:11:40 [ERROR] b' TCP : Unreachable peer'
2026-03-13 10:11:52 [ERROR] b' TCP : Unreachable peer'
2026-03-13 10:12:01 [ERROR] b' TCP : Unreachable peer'
2026-03-13 10:12:18 [ERROR] b' TCP : Unreachable peer'
2026-03-13 10:12:20 [ERROR] b' TCP : Unreachable peer'
2026-03-13 10:12:22 [ERROR] b' TCP : Unreachable peer'
2026-03-13 10:12:26 [ERROR] b' TCP : Unreachable peer'
2026-03-13 10:12:31 [ERROR] b' TCP : Unreachable peer'
2026-03-13 10:12:43 [ERROR] b' TCP : Unreachable peer'
2026-03-13 10:12:56 [ERROR] b' ISO : An error occurred during recv TCP : Connection timed out'
2026-03-13 10:13:01 [ERROR] b' TCP : Unreachable peer'
2026-03-13 10:13:03 [ERROR] b' TCP : Unreachable peer'
2026-03-13 10:13:06 [ERROR] b' TCP : Unreachable peer'
2026-03-13 10:13:07 [ERROR] b' TCP : Unreachable peer'
2026-03-13 10:13:08 [ERROR] b' TCP : Unreachable peer'
2026-03-13 10:13:19 [ERROR] b' TCP : Unreachable peer'
2026-03-13 10:13:20 [ERROR] b' TCP : Unreachable peer'
2026-03-13 10:13:45 [ERROR] b' TCP : Unreachable peer'
2026-03-13 10:13:49 [ERROR] b' TCP : Unreachable peer'
2026-03-13 10:13:50 [ERROR] b' TCP : Unreachable peer'
2026-03-13 10:13:51 [ERROR] b' TCP : Unreachable peer'
2026-03-13 10:14:03 [ERROR] b' TCP : Unreachable peer'
2026-03-13 10:14:07 [ERROR] b' TCP : Unreachable peer'
2026-03-13 10:14:13 [ERROR] b' TCP : Unreachable peer'
2026-03-13 10:14:14 [ERROR] b' TCP : Unreachable peer'
2026-03-13 10:14:27 [ERROR] b' TCP : Unreachable peer'
2026-03-13 10:14:30 [ERROR] b' TCP : Unreachable peer'
2026-03-13 10:14:31 [ERROR] b' TCP : Unreachable peer'
2026-03-13 10:14:33 [ERROR] b' TCP : Unreachable peer'
2026-03-13 10:14:33 [ERROR] b' TCP : Unreachable peer'
2026-03-13 10:14:39 [ERROR] b' TCP : Unreachable peer'
2026-03-13 10:15:02 [ERROR] b' TCP : Unreachable peer'
2026-03-13 10:15:04 [ERROR] b' TCP : Unreachable peer'
2026-03-13 10:15:08 [ERROR] b' TCP : Unreachable peer'
2026-03-13 10:15:10 [ERROR] b' TCP : Unreachable peer'
2026-03-13 10:15:13 [ERROR] b' TCP : Unreachable peer'
2026-03-13 10:15:15 [ERROR] b' TCP : Unreachable peer'
2026-03-13 10:15:29 [ERROR] b' TCP : Unreachable peer'
2026-03-13 10:15:38 [ERROR] b' TCP : Unreachable peer'
2026-03-13 10:15:45 [ERROR] b' TCP : Unreachable peer'
2026-03-13 10:15:46 [ERROR] b' TCP : Unreachable peer'
2026-03-13 10:15:47 [ERROR] b' TCP : Unreachable peer'
2026-03-13 10:15:48 [ERROR] b' TCP : Unreachable peer'
2026-03-13 10:15:54 [ERROR] b' TCP : Unreachable peer'
2026-03-13 10:15:57 [ERROR] b' TCP : Unreachable peer'
2026-03-13 10:16:09 [ERROR] b' TCP : Unreachable peer'
2026-03-13 10:16:16 [ERROR] b' TCP : Unreachable peer'
2026-03-13 10:16:17 [ERROR] b' TCP : Unreachable peer'
2026-03-13 10:16:18 [ERROR] b' TCP : Unreachable peer'
2026-03-13 10:16:22 [ERROR] b' TCP : Unreachable peer'
2026-03-13 10:16:23 [ERROR] b' TCP : Unreachable peer'
2026-03-13 10:16:25 [ERROR] b' TCP : Unreachable peer'
2026-03-13 10:16:25 [ERROR] b' TCP : Unreachable peer'
2026-03-13 10:16:34 [ERROR] b' TCP : Unreachable peer'
2026-03-13 10:16:35 [ERROR] b' TCP : Unreachable peer'
2026-03-13 10:16:54 [ERROR] b' TCP : Unreachable peer'
2026-03-13 10:16:56 [ERROR] b' TCP : Unreachable peer'
2026-03-13 10:17:08 [ERROR] b' TCP : Unreachable peer'
2026-03-13 10:17:09 [ERROR] b' TCP : Unreachable peer'
2026-03-13 10:17:21 [ERROR] b' TCP : Unreachable peer'
2026-03-13 10:17:29 [ERROR] b' TCP : Unreachable peer'
2026-03-13 10:18:04 [ERROR] b' TCP : Unreachable peer'
2026-03-13 10:18:04 [ERROR] b' TCP : Unreachable peer'
2026-03-13 10:18:05 [ERROR] b' TCP : Unreachable peer'
2026-03-13 10:18:05 [ERROR] b' TCP : Unreachable peer'
2026-03-13 10:18:07 [ERROR] b' TCP : Unreachable peer'
2026-03-13 10:18:11 [ERROR] b' TCP : Unreachable peer'
2026-03-13 10:18:20 [ERROR] b' TCP : Unreachable peer'
2026-03-13 10:18:47 [ERROR] b' TCP : Unreachable peer'
2026-03-13 10:18:55 [ERROR] b' TCP : Unreachable peer'
2026-03-13 10:18:56 [ERROR] b' TCP : Unreachable peer'
2026-03-13 10:18:59 [ERROR] b' TCP : Unreachable peer'
2026-03-13 10:19:09 [ERROR] b' TCP : Unreachable peer'
2026-03-13 10:19:14 [ERROR] b' TCP : Unreachable peer'
2026-03-13 10:19:14 [ERROR] b' TCP : Unreachable peer'
2026-03-13 10:19:16 [ERROR] b' TCP : Unreachable peer'
2026-03-13 10:19:18 [ERROR] b' TCP : Unreachable peer'
2026-03-13 10:19:33 [ERROR] b' TCP : Unreachable peer'
2026-03-13 10:19:45 [ERROR] b' TCP : Unreachable peer'
2026-03-13 10:19:48 [ERROR] b' TCP : Unreachable peer'
2026-03-13 10:19:49 [ERROR] b' TCP : Unreachable peer'
2026-03-13 10:19:58 [ERROR] b' TCP : Unreachable peer'
2026-03-13 10:20:14 [ERROR] b' TCP : Unreachable peer'
2026-03-13 10:20:16 [ERROR] b' TCP : Unreachable peer'
2026-03-13 10:20:19 [ERROR] b' TCP : Unreachable peer'
2026-03-13 10:20:21 [ERROR] b' TCP : Unreachable peer'
2026-03-13 10:20:37 [ERROR] b' TCP : Unreachable peer'
2026-03-13 10:20:39 [ERROR] b' TCP : Unreachable peer'
2026-03-13 10:20:41 [ERROR] b' TCP : Unreachable peer'
2026-03-13 10:20:52 [ERROR] b' TCP : Unreachable peer'
2026-03-13 10:20:59 [ERROR] b' TCP : Unreachable peer'
2026-03-13 10:21:05 [ERROR] b' TCP : Unreachable peer'
2026-03-13 10:21:15 [ERROR] b' TCP : Unreachable peer'
2026-03-13 10:21:23 [ERROR] b' TCP : Unreachable peer'
2026-03-13 10:21:25 [ERROR] b' TCP : Unreachable peer'
2026-03-13 10:21:39 [ERROR] b' TCP : Unreachable peer'
2026-03-13 10:21:46 [ERROR] b' TCP : Unreachable peer'
2026-03-13 10:21:56 [ERROR] b' TCP : Unreachable peer'
2026-03-13 10:22:01 [ERROR] b' TCP : Unreachable peer'
2026-03-13 10:22:04 [ERROR] b' TCP : Unreachable peer'
2026-03-13 10:22:05 [ERROR] b' TCP : Unreachable peer'
2026-03-13 10:22:08 [ERROR] b' TCP : Unreachable peer'
2026-03-13 10:22:09 [ERROR] b' TCP : Unreachable peer'
2026-03-13 10:22:10 [ERROR] b' TCP : Unreachable peer'
2026-03-13 10:22:30 [ERROR] b' ISO : An error occurred during recv TCP : Connection timed out'
2026-03-13 10:22:32 [ERROR] b' TCP : Unreachable peer'
2026-03-13 10:22:37 [ERROR] b' TCP : Unreachable peer'
2026-03-13 10:22:38 [ERROR] b' TCP : Unreachable peer'
2026-03-13 10:22:38 [ERROR] b' TCP : Unreachable peer'
2026-03-13 10:22:50 [ERROR] b' TCP : Unreachable peer'
2026-03-13 10:22:59 [ERROR] b' TCP : Unreachable peer'
2026-03-13 10:23:05 [ERROR] b' TCP : Unreachable peer'
2026-03-13 10:23:17 [ERROR] b' TCP : Unreachable peer'
2026-03-13 10:23:30 [ERROR] b' TCP : Unreachable peer'
2026-03-13 10:23:30 [ERROR] b' TCP : Unreachable peer'
2026-03-13 10:23:33 [ERROR] b' TCP : Unreachable peer'
2026-03-13 10:23:48 [ERROR] b' TCP : Unreachable peer'
2026-03-13 10:23:53 [ERROR] b' TCP : Unreachable peer'
2026-03-13 10:23:54 [ERROR] b' TCP : Unreachable peer'
2026-03-13 10:23:54 [ERROR] b' TCP : Unreachable peer'
2026-03-13 10:23:56 [ERROR] b' TCP : Unreachable peer'
2026-03-13 10:24:07 [ERROR] b' TCP : Unreachable peer'
2026-03-13 10:24:15 [ERROR] b' ISO : An error occurred during recv TCP : Connection timed out'
2026-03-13 10:24:15 [ERROR] b' TCP : Unreachable peer'
2026-03-13 10:24:16 [ERROR] b' TCP : Unreachable peer'
2026-03-13 10:24:18 [ERROR] b' TCP : Unreachable peer'
2026-03-13 10:24:19 [ERROR] b' TCP : Unreachable peer'
2026-03-13 10:24:26 [ERROR] b' ISO : An error occurred during recv TCP : Connection timed out'
2026-03-13 10:24:27 [ERROR] b' TCP : Unreachable peer'
2026-03-13 10:24:29 [ERROR] b' TCP : Unreachable peer'
2026-03-13 10:24:31 [ERROR] b' TCP : Unreachable peer'
2026-03-13 10:24:39 [ERROR] b' TCP : Unreachable peer'
2026-03-13 10:24:55 [ERROR] b' TCP : Unreachable peer'
2026-03-13 10:25:11 [ERROR] b' TCP : Unreachable peer'
2026-03-13 10:25:20 [ERROR] b' TCP : Unreachable peer'
2026-03-13 10:25:58 [ERROR] b' ISO : An error occurred during recv TCP : Connection timed out'
2026-03-13 10:26:11 [ERROR] b' TCP : Unreachable peer'
2026-03-13 10:26:22 [ERROR] b' TCP : Unreachable peer'
2026-03-13 10:26:27 [ERROR] b' TCP : Unreachable peer'
2026-03-13 10:26:28 [ERROR] b' TCP : Unreachable peer'
2026-03-13 10:26:28 [ERROR] b' TCP : Unreachable peer'
2026-03-13 10:26:29 [ERROR] b' TCP : Unreachable peer'
2026-03-13 10:26:53 [ERROR] b' TCP : Unreachable peer'
2026-03-13 10:26:59 [ERROR] b' TCP : Unreachable peer'
2026-03-13 10:27:04 [ERROR] b' TCP : Unreachable peer'
2026-03-13 10:27:05 [ERROR] b' TCP : Unreachable peer'
2026-03-13 10:27:19 [ERROR] b' ISO : An error occurred during recv TCP : Connection timed out'
2026-03-13 10:27:24 [ERROR] b' TCP : Unreachable peer'
2026-03-13 10:27:25 [ERROR] b' TCP : Unreachable peer'
2026-03-13 10:27:27 [ERROR] b' TCP : Unreachable peer'
2026-03-13 10:27:35 [ERROR] b' TCP : Unreachable peer'
2026-03-13 10:27:45 [ERROR] b' TCP : Unreachable peer'
2026-03-13 10:27:45 [ERROR] b' TCP : Unreachable peer'
2026-03-13 10:27:46 [ERROR] b' TCP : Unreachable peer'
2026-03-13 10:27:46 [ERROR] b' TCP : Unreachable peer'
2026-03-13 10:27:49 [ERROR] b' TCP : Unreachable peer'
2026-03-13 10:27:50 [ERROR] b' TCP : Unreachable peer'
2026-03-13 10:27:53 [ERROR] b' TCP : Unreachable peer'
2026-03-13 10:27:53 [ERROR] b' TCP : Unreachable peer'
2026-03-13 10:28:05 [ERROR] b' ISO : An error occurred during recv TCP : Connection timed out'
2026-03-13 10:28:05 [ERROR] b' TCP : Unreachable peer'
2026-03-13 10:28:13 [ERROR] b' TCP : Unreachable peer'
2026-03-13 10:28:14 [ERROR] b' TCP : Unreachable peer'
2026-03-13 10:28:19 [ERROR] b' TCP : Unreachable peer'
2026-03-13 10:28:21 [ERROR] b' TCP : Unreachable peer'
2026-03-13 10:28:21 [ERROR] b' TCP : Unreachable peer'
2026-03-13 10:28:22 [ERROR] b' TCP : Unreachable peer'
2026-03-13 10:28:30 [ERROR] b' TCP : Unreachable peer'
2026-03-13 10:28:42 [ERROR] b' TCP : Unreachable peer'
2026-03-13 10:28:44 [ERROR] b' TCP : Unreachable peer'
2026-03-13 10:28:48 [ERROR] b' TCP : Unreachable peer'
2026-03-13 10:29:01 [ERROR] b' TCP : Unreachable peer'
2026-03-13 10:29:01 [ERROR] b' TCP : Unreachable peer'
2026-03-13 10:29:20 [ERROR] b' TCP : Unreachable peer'
2026-03-13 10:29:21 [ERROR] b' TCP : Unreachable peer'
2026-03-13 10:29:21 [ERROR] b' TCP : Unreachable peer'
2026-03-13 10:29:29 [ERROR] b' TCP : Unreachable peer'
2026-03-13 10:29:42 [ERROR] b' TCP : Unreachable peer'
2026-03-13 10:29:43 [ERROR] b' TCP : Unreachable peer'
2026-03-13 10:29:53 [ERROR] b' TCP : Unreachable peer'
2026-03-13 10:29:58 [ERROR] b' TCP : Unreachable peer'
2026-03-13 10:30:04 [ERROR] b' ISO : An error occurred during recv TCP : Connection timed out'
2026-03-13 10:30:07 [ERROR] b' TCP : Unreachable peer'
2026-03-13 10:30:09 [ERROR] b' TCP : Unreachable peer'
2026-03-13 10:30:09 [ERROR] b' TCP : Unreachable peer'
2026-03-13 10:30:26 [ERROR] b' ISO : An error occurred during recv TCP : Connection timed out'
2026-03-13 10:30:26 [ERROR] b' TCP : Unreachable peer'
2026-03-13 10:30:32 [ERROR] b' TCP : Unreachable peer'
2026-03-13 10:30:32 [ERROR] b' TCP : Unreachable peer'
2026-03-13 10:30:36 [ERROR] b' TCP : Unreachable peer'
2026-03-13 10:30:50 [ERROR] b' TCP : Unreachable peer'
2026-03-13 10:30:52 [ERROR] b' TCP : Unreachable peer'
2026-03-13 10:30:53 [ERROR] b' TCP : Unreachable peer'
2026-03-13 10:30:57 [ERROR] b' ISO : An error occurred during recv TCP : Connection timed out'
2026-03-13 10:31:04 [ERROR] b' TCP : Unreachable peer'
2026-03-13 10:31:09 [ERROR] b' TCP : Unreachable peer'
2026-03-13 10:31:13 [ERROR] b' ISO : An error occurred during recv TCP : Connection timed out'
2026-03-13 10:31:16 [ERROR] b' TCP : Unreachable peer'
2026-03-13 10:31:19 [ERROR] b' ISO : An error occurred during recv TCP : Connection timed out'
2026-03-13 10:31:25 [ERROR] b' ISO : An error occurred during recv TCP : Connection timed out'
2026-03-13 10:31:27 [ERROR] b' TCP : Unreachable peer'
2026-03-13 10:31:27 [ERROR] b' TCP : Unreachable peer'
2026-03-13 10:31:29 [ERROR] b' TCP : Unreachable peer'
2026-03-13 10:31:40 [ERROR] b' TCP : Unreachable peer'
2026-03-13 10:31:54 [ERROR] b' TCP : Unreachable peer'
2026-03-13 10:31:56 [ERROR] b' TCP : Unreachable peer'
2026-03-13 10:32:00 [ERROR] b' TCP : Unreachable peer'
2026-03-13 10:32:02 [ERROR] b' TCP : Unreachable peer'
2026-03-13 10:32:05 [ERROR] b' TCP : Unreachable peer'
2026-03-13 10:32:12 [ERROR] b' ISO : An error occurred during recv TCP : Connection timed out'
2026-03-13 10:32:15 [ERROR] b' TCP : Unreachable peer'
2026-03-13 10:32:20 [ERROR] b' TCP : Unreachable peer'
2026-03-13 10:32:25 [ERROR] b' TCP : Unreachable peer'
2026-03-13 10:32:35 [ERROR] b' ISO : An error occurred during recv TCP : Connection timed out'
2026-03-13 10:32:39 [ERROR] b' TCP : Unreachable peer'
2026-03-13 10:32:56 [ERROR] b' TCP : Unreachable peer'
2026-03-13 10:33:01 [ERROR] b' TCP : Unreachable peer'
2026-03-13 10:33:14 [ERROR] b' TCP : Unreachable peer'
2026-03-13 10:33:21 [ERROR] b' ISO : An error occurred during recv TCP : Connection timed out'
2026-03-13 10:33:54 [ERROR] b' TCP : Unreachable peer'
2026-03-13 10:33:55 [ERROR] b' TCP : Unreachable peer'
2026-03-13 10:34:18 [ERROR] b' TCP : Unreachable peer'
2026-03-13 10:34:34 [ERROR] b' TCP : Unreachable peer'
2026-03-13 10:34:57 [ERROR] b' TCP : Unreachable peer'
2026-03-13 10:35:03 [ERROR] b' TCP : Unreachable peer'
2026-03-13 10:35:23 [ERROR] b' TCP : Unreachable peer'
2026-03-13 10:35:35 [ERROR] b' TCP : Unreachable peer'
2026-03-13 10:36:07 [ERROR] b' ISO : An error occurred during recv TCP : Connection timed out'
2026-03-13 10:36:18 [ERROR] b' TCP : Unreachable peer'
2026-03-13 10:36:33 [ERROR] b' TCP : Unreachable peer'
2026-03-13 10:36:56 [ERROR] b' TCP : Unreachable peer'
2026-03-13 10:37:06 [ERROR] b' TCP : Unreachable peer'
2026-03-13 10:37:12 [ERROR] b' ISO : An error occurred during recv TCP : Connection timed out'
2026-03-13 10:38:18 [ERROR] b' TCP : Unreachable peer'
2026-03-13 10:38:23 [ERROR] b' TCP : Unreachable peer'
2026-03-13 10:38:37 [ERROR] b' TCP : Unreachable peer'
2026-03-13 10:38:47 [ERROR] b' TCP : Unreachable peer'
2026-03-13 10:38:57 [ERROR] b' TCP : Unreachable peer'
2026-03-13 10:39:04 [ERROR] b' TCP : Unreachable peer'
2026-03-13 10:39:23 [ERROR] b' TCP : Unreachable peer'
2026-03-13 10:39:29 [ERROR] b' TCP : Unreachable peer'
2026-03-13 10:39:40 [ERROR] b' TCP : Unreachable peer'
2026-03-13 10:40:10 [ERROR] b' TCP : Unreachable peer'
2026-03-13 10:40:18 [ERROR] b' TCP : Unreachable peer'
2026-03-13 10:40:31 [ERROR] b' TCP : Unreachable peer'
2026-03-13 10:40:59 [ERROR] b' ISO : An error occurred during recv TCP : Connection timed out'
2026-03-13 10:40:59 [ERROR] b' TCP : Unreachable peer'
2026-03-13 10:41:02 [ERROR] b' TCP : Unreachable peer'
2026-03-13 10:41:10 [ERROR] b' TCP : Unreachable peer'
2026-03-13 10:41:34 [ERROR] b' TCP : Unreachable peer'
2026-03-13 10:42:18 [ERROR] b' TCP : Unreachable peer'
2026-03-13 10:42:33 [ERROR] b' TCP : Unreachable peer'
2026-03-13 10:43:05 [ERROR] b' TCP : Unreachable peer'
2026-03-13 10:43:21 [ERROR] b' TCP : Unreachable peer'
2026-03-13 10:43:56 [ERROR] b' TCP : Unreachable peer'
2026-03-13 10:43:56 [ERROR] b' TCP : Unreachable peer'
2026-03-13 10:44:00 [ERROR] b' TCP : Unreachable peer'
2026-03-13 10:44:15 [ERROR] b' TCP : Unreachable peer'
2026-03-13 10:44:43 [ERROR] b' TCP : Unreachable peer'
2026-03-13 10:44:44 [ERROR] b' TCP : Unreachable peer'
2026-03-13 10:44:45 [ERROR] b' TCP : Unreachable peer'
2026-03-13 10:44:58 [ERROR] b' TCP : Unreachable peer'
2026-03-13 10:45:12 [ERROR] b' TCP : Unreachable peer'
2026-03-13 10:45:28 [ERROR] b' TCP : Unreachable peer'
2026-03-13 10:45:40 [ERROR] b' TCP : Unreachable peer'
2026-03-13 10:46:06 [ERROR] b' TCP : Unreachable peer'
2026-03-13 10:46:11 [ERROR] b' ISO : An error occurred during recv TCP : Connection timed out'
2026-03-13 10:46:38 [ERROR] b' TCP : Unreachable peer'
2026-03-13 10:46:39 [ERROR] b' TCP : Unreachable peer'
2026-03-13 10:46:39 [ERROR] b' TCP : Unreachable peer'
2026-03-13 10:46:40 [ERROR] b' TCP : Unreachable peer'
2026-03-13 10:46:53 [ERROR] b' TCP : Unreachable peer'
2026-03-13 10:47:00 [ERROR] b' TCP : Unreachable peer'
2026-03-13 10:47:55 [ERROR] b' TCP : Unreachable peer'
2026-03-13 10:47:55 [ERROR] b' TCP : Unreachable peer'
2026-03-13 10:47:56 [ERROR] b' TCP : Unreachable peer'
2026-03-13 10:47:56 [ERROR] b' TCP : Unreachable peer'
2026-03-13 10:48:25 [ERROR] b' TCP : Unreachable peer'
2026-03-13 10:48:37 [ERROR] b' TCP : Unreachable peer'
2026-03-13 10:48:58 [ERROR] b' TCP : Unreachable peer'
2026-03-13 10:49:25 [ERROR] b' TCP : Unreachable peer'
2026-03-13 10:49:47 [ERROR] b' TCP : Unreachable peer'
2026-03-13 10:49:58 [ERROR] b' TCP : Unreachable peer'
2026-03-13 10:50:27 [ERROR] b' TCP : Unreachable peer'
2026-03-13 10:50:38 [ERROR] b' TCP : Unreachable peer'
2026-03-13 10:50:41 [ERROR] b' TCP : Unreachable peer'
2026-03-13 10:50:45 [ERROR] b' TCP : Unreachable peer'
2026-03-13 10:50:47 [ERROR] b' TCP : Invalid address'
2026-03-13 10:50:48 [ERROR] b' TCP : Invalid address'
2026-03-13 10:50:48 [ERROR] b' TCP : Invalid address'
2026-03-13 10:50:49 [ERROR] b' TCP : Invalid address'
2026-03-13 10:50:49 [ERROR] b' TCP : Invalid address'
2026-03-13 10:50:50 [ERROR] b' TCP : Invalid address'
2026-03-13 10:50:50 [ERROR] b' TCP : Invalid address'
2026-03-13 10:50:51 [ERROR] b' TCP : Invalid address'
2026-03-13 10:50:51 [ERROR] b' TCP : Invalid address'
2026-03-13 10:50:52 [ERROR] b' TCP : Invalid address'
2026-03-13 10:50:52 [ERROR] b' TCP : Invalid address'
2026-03-13 10:50:53 [ERROR] b' TCP : Invalid address'
2026-03-13 10:50:54 [ERROR] b' TCP : Invalid address'
2026-03-13 10:50:54 [ERROR] b' TCP : Invalid address'
2026-03-13 10:50:55 [ERROR] b' TCP : Invalid address'
2026-03-13 10:50:55 [ERROR] b' TCP : Invalid address'
2026-03-13 10:50:56 [ERROR] b' TCP : Invalid address'
2026-03-13 10:50:56 [ERROR] b' TCP : Invalid address'
2026-03-13 10:50:57 [ERROR] b' TCP : Invalid address'
2026-03-13 10:50:57 [ERROR] b' TCP : Invalid address'
2026-03-13 10:50:58 [ERROR] b' TCP : Invalid address'
2026-03-13 10:50:58 [ERROR] b' TCP : Invalid address'
2026-03-13 10:50:59 [ERROR] b' TCP : Invalid address'
2026-03-13 10:50:59 [ERROR] b' TCP : Invalid address'
2026-03-13 10:51:00 [ERROR] b' TCP : Invalid address'
2026-03-13 10:51:00 [ERROR] b' TCP : Invalid address'
2026-03-13 10:51:01 [ERROR] b' TCP : Invalid address'
2026-03-13 10:51:01 [ERROR] b' TCP : Invalid address'
2026-03-13 10:51:06 [ERROR] b' TCP : Invalid address'
2026-03-13 10:51:06 [ERROR] b' TCP : Invalid address'
2026-03-13 10:51:07 [ERROR] b' TCP : Invalid address'
2026-03-13 10:51:07 [ERROR] b' TCP : Invalid address'
2026-03-13 10:51:08 [ERROR] b' TCP : Invalid address'
2026-03-13 10:51:08 [ERROR] b' TCP : Invalid address'
2026-03-13 10:51:09 [ERROR] b' TCP : Invalid address'
2026-03-13 10:51:10 [ERROR] b' TCP : Invalid address'
2026-03-13 10:51:10 [ERROR] b' TCP : Invalid address'
2026-03-13 10:51:11 [ERROR] b' TCP : Invalid address'
2026-03-13 10:51:11 [ERROR] b' TCP : Invalid address'
2026-03-13 10:51:12 [ERROR] b' TCP : Invalid address'
2026-03-13 10:51:12 [ERROR] b' TCP : Invalid address'
2026-03-13 10:51:13 [ERROR] b' TCP : Invalid address'
2026-03-13 10:51:13 [ERROR] b' TCP : Invalid address'
2026-03-13 10:51:14 [ERROR] b' TCP : Invalid address'
2026-03-13 10:51:14 [ERROR] b' TCP : Invalid address'
2026-03-13 10:51:15 [ERROR] b' TCP : Invalid address'
2026-03-13 10:51:15 [ERROR] b' TCP : Invalid address'
2026-03-13 10:51:16 [ERROR] b' TCP : Invalid address'
2026-03-13 10:51:16 [ERROR] b' TCP : Invalid address'
2026-03-13 10:51:17 [ERROR] b' TCP : Invalid address'
2026-03-13 10:51:17 [ERROR] b' TCP : Invalid address'
2026-03-13 10:51:18 [ERROR] b' TCP : Invalid address'
2026-03-13 10:51:18 [ERROR] b' TCP : Invalid address'
2026-03-13 10:51:19 [ERROR] b' TCP : Invalid address'
2026-03-13 10:51:19 [ERROR] b' TCP : Invalid address'
2026-03-13 10:51:20 [ERROR] b' TCP : Invalid address'
2026-03-13 10:51:20 [ERROR] b' TCP : Invalid address'
2026-03-13 10:51:21 [ERROR] b' TCP : Invalid address'
2026-03-13 10:51:21 [ERROR] b' TCP : Invalid address'
2026-03-13 10:51:22 [ERROR] b' TCP : Invalid address'
2026-03-13 10:51:22 [ERROR] b' TCP : Invalid address'
2026-03-13 10:51:23 [ERROR] b' TCP : Invalid address'
2026-03-13 10:51:23 [ERROR] b' TCP : Invalid address'
2026-03-13 10:51:24 [ERROR] b' TCP : Invalid address'
2026-03-13 10:51:25 [ERROR] b' TCP : Invalid address'
2026-03-13 10:51:25 [ERROR] b' TCP : Invalid address'
2026-03-13 10:51:26 [ERROR] b' TCP : Invalid address'
2026-03-13 10:51:26 [ERROR] b' TCP : Invalid address'
2026-03-13 10:51:27 [ERROR] b' TCP : Invalid address'
2026-03-13 10:51:27 [ERROR] b' TCP : Invalid address'
2026-03-13 10:51:28 [ERROR] b' TCP : Invalid address'
2026-03-13 10:51:28 [ERROR] b' TCP : Invalid address'
2026-03-13 10:51:29 [ERROR] b' TCP : Invalid address'
2026-03-13 10:51:29 [ERROR] b' TCP : Invalid address'
2026-03-13 10:51:30 [ERROR] b' TCP : Invalid address'
2026-03-13 10:51:30 [ERROR] b' TCP : Invalid address'
2026-03-13 10:51:31 [ERROR] b' TCP : Invalid address'
2026-03-13 10:51:31 [ERROR] b' TCP : Invalid address'
2026-03-13 10:51:32 [ERROR] b' TCP : Invalid address'
2026-03-13 10:51:32 [ERROR] b' TCP : Invalid address'
2026-03-13 10:51:33 [ERROR] b' TCP : Invalid address'
2026-03-13 10:51:33 [ERROR] b' TCP : Invalid address'
2026-03-13 10:51:34 [ERROR] b' TCP : Invalid address'
2026-03-13 10:51:34 [ERROR] b' TCP : Invalid address'
2026-03-13 10:51:35 [ERROR] b' TCP : Invalid address'
2026-03-13 10:51:35 [ERROR] b' TCP : Invalid address'
2026-03-13 10:51:36 [ERROR] b' TCP : Invalid address'
2026-03-13 10:51:36 [ERROR] b' TCP : Invalid address'
2026-03-13 10:51:37 [ERROR] b' TCP : Invalid address'
2026-03-13 10:51:38 [ERROR] b' TCP : Invalid address'
2026-03-13 10:51:38 [ERROR] b' TCP : Invalid address'
2026-03-13 10:51:39 [ERROR] b' TCP : Invalid address'
2026-03-13 10:51:39 [ERROR] b' TCP : Invalid address'
2026-03-13 10:51:40 [ERROR] b' TCP : Invalid address'
2026-03-13 10:51:40 [ERROR] b' TCP : Invalid address'
2026-03-13 10:51:41 [ERROR] b' TCP : Invalid address'
2026-03-13 10:51:41 [ERROR] b' TCP : Invalid address'
2026-03-13 10:51:42 [ERROR] b' TCP : Invalid address'
2026-03-13 10:51:42 [ERROR] b' TCP : Invalid address'
2026-03-13 10:51:43 [ERROR] b' TCP : Invalid address'
2026-03-13 10:51:43 [ERROR] b' TCP : Invalid address'
2026-03-13 10:51:44 [ERROR] b' TCP : Invalid address'
2026-03-13 10:51:44 [ERROR] b' TCP : Invalid address'
2026-03-13 10:51:45 [ERROR] b' TCP : Invalid address'
2026-03-13 10:51:45 [ERROR] b' TCP : Invalid address'
2026-03-13 10:51:46 [ERROR] b' TCP : Invalid address'
2026-03-13 10:51:46 [ERROR] b' TCP : Invalid address'
2026-03-13 10:51:47 [ERROR] b' TCP : Invalid address'
2026-03-13 10:51:47 [ERROR] b' TCP : Invalid address'
2026-03-13 10:51:48 [ERROR] b' TCP : Invalid address'
2026-03-13 10:51:48 [ERROR] b' TCP : Invalid address'
2026-03-13 10:51:49 [ERROR] b' TCP : Invalid address'
2026-03-13 10:51:49 [ERROR] b' TCP : Invalid address'
2026-03-13 10:51:50 [ERROR] b' TCP : Invalid address'
2026-03-13 10:51:51 [ERROR] b' TCP : Invalid address'
2026-03-13 10:51:51 [ERROR] b' TCP : Invalid address'
2026-03-13 10:51:52 [ERROR] b' TCP : Invalid address'
2026-03-13 10:51:52 [ERROR] b' TCP : Invalid address'
2026-03-13 10:51:53 [ERROR] b' TCP : Invalid address'
2026-03-13 10:51:53 [ERROR] b' TCP : Invalid address'
2026-03-13 10:51:54 [ERROR] b' TCP : Invalid address'
2026-03-13 10:51:54 [ERROR] b' TCP : Invalid address'
2026-03-13 10:51:55 [ERROR] b' TCP : Invalid address'
2026-03-13 10:51:55 [ERROR] b' TCP : Invalid address'
2026-03-13 10:51:56 [ERROR] b' TCP : Invalid address'
2026-03-13 10:51:56 [ERROR] b' TCP : Invalid address'
2026-03-13 10:51:57 [ERROR] b' TCP : Invalid address'
2026-03-13 10:51:57 [ERROR] b' TCP : Invalid address'
2026-03-13 10:51:58 [ERROR] b' TCP : Invalid address'
2026-03-13 10:51:58 [ERROR] b' TCP : Invalid address'
2026-03-13 10:51:59 [ERROR] b' TCP : Invalid address'
2026-03-13 10:51:59 [ERROR] b' TCP : Invalid address'
2026-03-13 10:52:00 [ERROR] b' TCP : Invalid address'
2026-03-13 10:52:00 [ERROR] b' TCP : Invalid address'
2026-03-13 10:52:01 [ERROR] b' TCP : Invalid address'
2026-03-13 10:52:01 [ERROR] b' TCP : Invalid address'
2026-03-13 10:52:02 [ERROR] b' TCP : Invalid address'
2026-03-13 10:52:02 [ERROR] b' TCP : Invalid address'
2026-03-13 10:52:03 [ERROR] b' TCP : Invalid address'
2026-03-13 10:52:03 [ERROR] b' TCP : Invalid address'
2026-03-13 10:52:04 [ERROR] b' TCP : Invalid address'
2026-03-13 10:52:05 [ERROR] b' TCP : Invalid address'
2026-03-13 10:52:05 [ERROR] b' TCP : Invalid address'
2026-03-13 10:52:06 [ERROR] b' TCP : Invalid address'
2026-03-13 10:52:06 [ERROR] b' TCP : Invalid address'
2026-03-13 10:52:07 [ERROR] b' TCP : Invalid address'
2026-03-13 10:52:07 [ERROR] b' TCP : Invalid address'
2026-03-13 10:52:08 [ERROR] b' TCP : Invalid address'
2026-03-13 10:52:08 [ERROR] b' TCP : Invalid address'
2026-03-13 10:52:09 [ERROR] b' TCP : Invalid address'
2026-03-13 10:52:09 [ERROR] b' TCP : Invalid address'
2026-03-13 10:52:10 [ERROR] b' TCP : Invalid address'
2026-03-13 10:52:10 [ERROR] b' TCP : Invalid address'
2026-03-13 10:52:11 [ERROR] b' TCP : Invalid address'
2026-03-13 10:52:11 [ERROR] b' TCP : Invalid address'
2026-03-13 10:52:12 [ERROR] b' TCP : Invalid address'
2026-03-13 10:52:12 [ERROR] b' TCP : Invalid address'
2026-03-13 10:52:13 [ERROR] b' TCP : Invalid address'
2026-03-13 10:52:13 [ERROR] b' TCP : Invalid address'
2026-03-13 10:52:14 [ERROR] b' TCP : Invalid address'
2026-03-13 10:52:14 [ERROR] b' TCP : Invalid address'
2026-03-13 10:52:15 [ERROR] b' TCP : Invalid address'
2026-03-13 10:52:15 [ERROR] b' TCP : Invalid address'
2026-03-13 10:52:16 [ERROR] b' TCP : Invalid address'
2026-03-13 10:52:16 [ERROR] b' TCP : Invalid address'
2026-03-13 10:52:17 [ERROR] b' TCP : Invalid address'
2026-03-13 10:52:18 [ERROR] b' TCP : Invalid address'
2026-03-13 10:52:18 [ERROR] b' TCP : Invalid address'
2026-03-13 10:52:19 [ERROR] b' TCP : Invalid address'
2026-03-13 10:52:19 [ERROR] b' TCP : Invalid address'
2026-03-13 10:52:20 [ERROR] b' TCP : Invalid address'
2026-03-13 10:52:20 [ERROR] b' TCP : Invalid address'
2026-03-13 10:52:21 [ERROR] b' TCP : Invalid address'
2026-03-13 10:52:21 [ERROR] b' TCP : Invalid address'
2026-03-13 10:52:22 [ERROR] b' TCP : Invalid address'
2026-03-13 10:52:22 [ERROR] b' TCP : Invalid address'
2026-03-13 10:52:23 [ERROR] b' TCP : Invalid address'
2026-03-13 10:52:23 [ERROR] b' TCP : Invalid address'
2026-03-13 10:52:24 [ERROR] b' TCP : Invalid address'
2026-03-13 10:52:24 [ERROR] b' TCP : Invalid address'
2026-03-13 10:52:25 [ERROR] b' TCP : Invalid address'
2026-03-13 10:52:25 [ERROR] b' TCP : Invalid address'
2026-03-13 10:52:26 [ERROR] b' TCP : Invalid address'
2026-03-13 10:52:26 [ERROR] b' TCP : Invalid address'
2026-03-13 10:52:27 [ERROR] b' TCP : Invalid address'
2026-03-13 10:52:27 [ERROR] b' TCP : Invalid address'
2026-03-13 10:52:28 [ERROR] b' TCP : Invalid address'
2026-03-13 10:52:28 [ERROR] b' TCP : Invalid address'
2026-03-13 10:52:29 [ERROR] b' TCP : Invalid address'
2026-03-13 10:52:29 [ERROR] b' TCP : Invalid address'
2026-03-13 10:52:30 [ERROR] b' TCP : Invalid address'
2026-03-13 10:52:30 [ERROR] b' TCP : Invalid address'
2026-03-13 10:52:31 [ERROR] b' TCP : Invalid address'
2026-03-13 10:52:32 [ERROR] b' TCP : Invalid address'
2026-03-13 10:52:32 [ERROR] b' TCP : Invalid address'
2026-03-13 10:52:33 [ERROR] b' TCP : Invalid address'
2026-03-13 10:52:33 [ERROR] b' TCP : Invalid address'
2026-03-13 10:52:34 [ERROR] b' TCP : Invalid address'
2026-03-13 10:52:34 [ERROR] b' TCP : Invalid address'
2026-03-13 10:52:35 [ERROR] b' TCP : Invalid address'
2026-03-13 10:52:35 [ERROR] b' TCP : Invalid address'
2026-03-13 10:52:36 [ERROR] b' TCP : Invalid address'
2026-03-13 10:52:36 [ERROR] b' TCP : Invalid address'
2026-03-13 10:52:37 [ERROR] b' TCP : Invalid address'
2026-03-13 10:52:37 [ERROR] b' TCP : Invalid address'
2026-03-13 10:52:38 [ERROR] b' TCP : Invalid address'
2026-03-13 10:52:38 [ERROR] b' TCP : Invalid address'
2026-03-13 10:52:39 [ERROR] b' TCP : Invalid address'
2026-03-13 10:52:39 [ERROR] b' TCP : Invalid address'
2026-03-13 10:52:40 [ERROR] b' TCP : Invalid address'
2026-03-13 10:52:40 [ERROR] b' TCP : Invalid address'
2026-03-13 10:52:41 [ERROR] b' TCP : Invalid address'
2026-03-13 10:52:41 [ERROR] b' TCP : Invalid address'
2026-03-13 10:52:42 [ERROR] b' TCP : Invalid address'
2026-03-13 10:52:42 [ERROR] b' TCP : Invalid address'
2026-03-13 10:52:43 [ERROR] b' TCP : Invalid address'
2026-03-13 10:52:43 [ERROR] b' TCP : Invalid address'
2026-03-13 10:52:44 [ERROR] b' TCP : Invalid address'
2026-03-13 10:52:45 [ERROR] b' TCP : Invalid address'
2026-03-13 10:52:45 [ERROR] b' TCP : Invalid address'
2026-03-13 10:52:46 [ERROR] b' TCP : Invalid address'
2026-03-13 10:52:46 [ERROR] b' TCP : Invalid address'
2026-03-13 10:52:47 [ERROR] b' TCP : Invalid address'
2026-03-13 10:52:47 [ERROR] b' TCP : Invalid address'
2026-03-13 10:52:48 [ERROR] b' TCP : Invalid address'
2026-03-13 10:52:48 [ERROR] b' TCP : Invalid address'
2026-03-13 10:52:49 [ERROR] b' TCP : Invalid address'
2026-03-13 10:52:49 [ERROR] b' TCP : Invalid address'
2026-03-13 10:52:50 [ERROR] b' TCP : Invalid address'
2026-03-13 10:52:50 [ERROR] b' TCP : Invalid address'
2026-03-13 10:52:51 [ERROR] b' TCP : Invalid address'
2026-03-13 10:52:51 [ERROR] b' TCP : Invalid address'
2026-03-13 10:52:52 [ERROR] b' TCP : Invalid address'
2026-03-13 10:52:52 [ERROR] b' TCP : Invalid address'
2026-03-13 10:52:53 [ERROR] b' TCP : Invalid address'
2026-03-13 10:52:53 [ERROR] b' TCP : Invalid address'
2026-03-13 10:52:54 [ERROR] b' TCP : Invalid address'
2026-03-13 10:52:54 [ERROR] b' TCP : Invalid address'
2026-03-13 10:52:55 [ERROR] b' TCP : Invalid address'
2026-03-13 10:52:56 [ERROR] b' TCP : Invalid address'
2026-03-13 10:52:56 [ERROR] b' TCP : Invalid address'
2026-03-13 10:52:57 [ERROR] b' TCP : Invalid address'
2026-03-13 10:52:57 [ERROR] b' TCP : Invalid address'
2026-03-13 10:52:58 [ERROR] b' TCP : Invalid address'
2026-03-13 10:52:58 [ERROR] b' TCP : Invalid address'
2026-03-13 10:52:59 [ERROR] b' TCP : Invalid address'
2026-03-13 10:52:59 [ERROR] b' TCP : Invalid address'
2026-03-13 10:53:00 [ERROR] b' TCP : Invalid address'
2026-03-13 10:53:00 [ERROR] b' TCP : Invalid address'
2026-03-13 10:53:01 [ERROR] b' TCP : Invalid address'
2026-03-13 10:53:01 [ERROR] b' TCP : Invalid address'
2026-03-13 10:53:02 [ERROR] b' TCP : Invalid address'
2026-03-13 10:53:02 [ERROR] b' TCP : Invalid address'
2026-03-13 10:53:03 [ERROR] b' TCP : Invalid address'
2026-03-13 10:53:03 [ERROR] b' TCP : Invalid address'
2026-03-13 10:53:04 [ERROR] b' TCP : Invalid address'
2026-03-13 10:53:04 [ERROR] b' TCP : Invalid address'
2026-03-13 10:53:05 [ERROR] b' TCP : Invalid address'
2026-03-13 10:53:05 [ERROR] b' TCP : Invalid address'
2026-03-13 10:53:06 [ERROR] b' TCP : Invalid address'
2026-03-13 10:53:06 [ERROR] b' TCP : Invalid address'
2026-03-13 10:53:07 [ERROR] b' TCP : Invalid address'
2026-03-13 10:53:08 [ERROR] b' TCP : Invalid address'
2026-03-13 10:53:08 [ERROR] b' TCP : Invalid address'
2026-03-13 10:53:09 [ERROR] b' TCP : Invalid address'
2026-03-13 10:53:09 [ERROR] b' TCP : Invalid address'
2026-03-13 10:53:10 [ERROR] b' TCP : Invalid address'
2026-03-13 10:53:10 [ERROR] b' TCP : Invalid address'
2026-03-13 10:53:11 [ERROR] b' TCP : Invalid address'
2026-03-13 10:53:11 [ERROR] b' TCP : Invalid address'
2026-03-13 10:53:12 [ERROR] b' TCP : Invalid address'
2026-03-13 10:53:12 [ERROR] b' TCP : Invalid address'
2026-03-13 10:53:13 [ERROR] b' TCP : Invalid address'
2026-03-13 10:53:13 [ERROR] b' TCP : Invalid address'
2026-03-13 10:53:14 [ERROR] b' TCP : Invalid address'
2026-03-13 10:53:14 [ERROR] b' TCP : Invalid address'
2026-03-13 10:53:15 [ERROR] b' TCP : Invalid address'
2026-03-13 10:53:15 [ERROR] b' TCP : Invalid address'
2026-03-13 10:53:16 [ERROR] b' TCP : Invalid address'
2026-03-13 10:53:16 [ERROR] b' TCP : Invalid address'
2026-03-13 10:53:17 [ERROR] b' TCP : Invalid address'
2026-03-13 10:53:17 [ERROR] b' TCP : Invalid address'
2026-03-13 10:53:18 [ERROR] b' TCP : Invalid address'
2026-03-13 10:53:19 [ERROR] b' TCP : Invalid address'
2026-03-13 10:53:19 [ERROR] b' TCP : Invalid address'
2026-03-13 10:53:20 [ERROR] b' TCP : Invalid address'
2026-03-13 10:53:20 [ERROR] b' TCP : Invalid address'
2026-03-13 10:53:21 [ERROR] b' TCP : Invalid address'
2026-03-13 10:53:21 [ERROR] b' TCP : Invalid address'
2026-03-13 10:53:22 [ERROR] b' TCP : Invalid address'
2026-03-13 10:53:22 [ERROR] b' TCP : Invalid address'
2026-03-13 10:53:23 [ERROR] b' TCP : Invalid address'
2026-03-13 10:53:23 [ERROR] b' TCP : Invalid address'
2026-03-13 10:53:24 [ERROR] b' TCP : Invalid address'
2026-03-13 10:53:24 [ERROR] b' TCP : Invalid address'
2026-03-13 10:53:25 [ERROR] b' TCP : Invalid address'
2026-03-13 10:53:25 [ERROR] b' TCP : Invalid address'
2026-03-13 10:53:26 [ERROR] b' TCP : Invalid address'
2026-03-13 10:53:26 [ERROR] b' TCP : Invalid address'
2026-03-13 10:53:27 [ERROR] b' TCP : Invalid address'
2026-03-13 10:53:27 [ERROR] b' TCP : Invalid address'
2026-03-13 10:53:28 [ERROR] b' TCP : Invalid address'
2026-03-13 10:53:28 [ERROR] b' TCP : Invalid address'
2026-03-13 10:53:29 [ERROR] b' TCP : Invalid address'
2026-03-13 10:53:30 [ERROR] b' TCP : Invalid address'
2026-03-13 10:53:30 [ERROR] b' TCP : Invalid address'
2026-03-13 10:53:31 [ERROR] b' TCP : Invalid address'
2026-03-13 10:53:31 [ERROR] b' TCP : Invalid address'
2026-03-13 10:53:32 [ERROR] b' TCP : Invalid address'
2026-03-13 10:53:32 [ERROR] b' TCP : Invalid address'
2026-03-13 10:53:33 [ERROR] b' TCP : Invalid address'
2026-03-13 10:53:33 [ERROR] b' TCP : Invalid address'
2026-03-13 10:53:34 [ERROR] b' TCP : Invalid address'
2026-03-13 10:53:34 [ERROR] b' TCP : Invalid address'
2026-03-13 10:53:35 [ERROR] b' TCP : Invalid address'
2026-03-13 10:53:35 [ERROR] b' TCP : Invalid address'
2026-03-13 10:53:36 [ERROR] b' TCP : Invalid address'
2026-03-13 10:53:36 [ERROR] b' TCP : Invalid address'
2026-03-13 10:53:37 [ERROR] b' TCP : Invalid address'
2026-03-13 10:53:37 [ERROR] b' TCP : Invalid address'
2026-03-13 10:53:38 [ERROR] b' TCP : Invalid address'
2026-03-13 10:53:38 [ERROR] b' TCP : Invalid address'
2026-03-13 10:53:39 [ERROR] b' TCP : Invalid address'
2026-03-13 10:53:39 [ERROR] b' TCP : Invalid address'
2026-03-13 10:53:40 [ERROR] b' TCP : Invalid address'
2026-03-13 10:53:40 [ERROR] b' TCP : Invalid address'
2026-03-13 10:53:41 [ERROR] b' TCP : Invalid address'
2026-03-13 10:53:42 [ERROR] b' TCP : Invalid address'
2026-03-13 10:53:42 [ERROR] b' TCP : Invalid address'
2026-03-13 10:53:43 [ERROR] b' TCP : Invalid address'
2026-03-13 10:53:43 [ERROR] b' TCP : Invalid address'
2026-03-13 10:53:44 [ERROR] b' TCP : Invalid address'
2026-03-13 10:53:44 [ERROR] b' TCP : Invalid address'
2026-03-13 10:53:45 [ERROR] b' TCP : Invalid address'
2026-03-13 10:53:45 [ERROR] b' TCP : Invalid address'
2026-03-13 10:53:46 [ERROR] b' TCP : Invalid address'
2026-03-13 10:53:46 [ERROR] b' TCP : Invalid address'
2026-03-13 10:53:47 [ERROR] b' TCP : Invalid address'
2026-03-13 10:53:47 [ERROR] b' TCP : Invalid address'
2026-03-13 10:53:48 [ERROR] b' TCP : Invalid address'
2026-03-13 10:53:48 [ERROR] b' TCP : Invalid address'
2026-03-13 10:53:49 [ERROR] b' TCP : Invalid address'
2026-03-13 10:53:49 [ERROR] b' TCP : Invalid address'
2026-03-13 10:53:50 [ERROR] b' TCP : Invalid address'
2026-03-13 10:53:50 [ERROR] b' TCP : Invalid address'
2026-03-13 10:53:51 [ERROR] b' TCP : Invalid address'
2026-03-13 10:53:51 [ERROR] b' TCP : Invalid address'
2026-03-13 10:53:52 [ERROR] b' TCP : Invalid address'
2026-03-13 10:53:53 [ERROR] b' TCP : Invalid address'
2026-03-13 10:53:53 [ERROR] b' TCP : Invalid address'
2026-03-13 10:53:54 [ERROR] b' TCP : Invalid address'
2026-03-13 10:53:54 [ERROR] b' TCP : Invalid address'
2026-03-13 10:53:55 [ERROR] b' TCP : Invalid address'
2026-03-13 10:53:55 [ERROR] b' TCP : Invalid address'
2026-03-13 10:53:56 [ERROR] b' TCP : Invalid address'
2026-03-13 10:53:56 [ERROR] b' TCP : Invalid address'
2026-03-13 10:53:57 [ERROR] b' TCP : Invalid address'
2026-03-13 10:53:57 [ERROR] b' TCP : Invalid address'
2026-03-13 10:53:58 [ERROR] b' TCP : Invalid address'
2026-03-13 10:53:58 [ERROR] b' TCP : Invalid address'
2026-03-13 10:53:59 [ERROR] b' TCP : Invalid address'
2026-03-13 10:53:59 [ERROR] b' TCP : Invalid address'
2026-03-13 10:54:00 [ERROR] b' TCP : Invalid address'
2026-03-13 10:54:00 [ERROR] b' TCP : Invalid address'
2026-03-13 10:54:01 [ERROR] b' TCP : Invalid address'
2026-03-13 10:54:01 [ERROR] b' TCP : Invalid address'
2026-03-13 10:54:02 [ERROR] b' TCP : Invalid address'
2026-03-13 10:54:02 [ERROR] b' TCP : Invalid address'
2026-03-13 10:54:03 [ERROR] b' TCP : Invalid address'
2026-03-13 10:54:03 [ERROR] b' TCP : Invalid address'
2026-03-13 10:54:04 [ERROR] b' TCP : Invalid address'
2026-03-13 10:54:05 [ERROR] b' TCP : Invalid address'
2026-03-13 10:54:05 [ERROR] b' TCP : Invalid address'
2026-03-13 10:54:06 [ERROR] b' TCP : Invalid address'
2026-03-13 10:54:06 [ERROR] b' TCP : Invalid address'
2026-03-13 10:54:07 [ERROR] b' TCP : Invalid address'
2026-03-13 10:54:07 [ERROR] b' TCP : Invalid address'
2026-03-13 10:54:08 [ERROR] b' TCP : Invalid address'
2026-03-13 10:54:08 [ERROR] b' TCP : Invalid address'
2026-03-13 10:54:09 [ERROR] b' TCP : Invalid address'
2026-03-13 10:54:09 [ERROR] b' TCP : Invalid address'
2026-03-13 10:54:10 [ERROR] b' TCP : Invalid address'
2026-03-13 10:54:10 [ERROR] b' TCP : Invalid address'
2026-03-13 10:54:11 [ERROR] b' TCP : Invalid address'
2026-03-13 10:54:11 [ERROR] b' TCP : Invalid address'
2026-03-13 10:54:12 [ERROR] b' TCP : Invalid address'
2026-03-13 10:54:12 [ERROR] b' TCP : Invalid address'
2026-03-13 10:54:13 [ERROR] b' TCP : Invalid address'
2026-03-13 10:54:13 [ERROR] b' TCP : Invalid address'
2026-03-13 10:54:14 [ERROR] b' TCP : Invalid address'
2026-03-13 10:54:14 [ERROR] b' TCP : Invalid address'
2026-03-13 10:54:15 [ERROR] b' TCP : Invalid address'
2026-03-13 10:54:15 [ERROR] b' TCP : Invalid address'
2026-03-13 10:54:16 [ERROR] b' TCP : Invalid address'
2026-03-13 10:54:17 [ERROR] b' TCP : Invalid address'
2026-03-13 10:54:17 [ERROR] b' TCP : Invalid address'
2026-03-13 10:54:18 [ERROR] b' TCP : Invalid address'
2026-03-13 10:54:18 [ERROR] b' TCP : Invalid address'
2026-03-13 10:54:19 [ERROR] b' TCP : Invalid address'
2026-03-13 10:54:19 [ERROR] b' TCP : Invalid address'
2026-03-13 10:54:20 [ERROR] b' TCP : Invalid address'
2026-03-13 10:54:20 [ERROR] b' TCP : Invalid address'
2026-03-13 10:54:21 [ERROR] b' TCP : Invalid address'
2026-03-13 10:54:21 [ERROR] b' TCP : Invalid address'
2026-03-13 10:54:22 [ERROR] b' TCP : Invalid address'
2026-03-13 10:54:22 [ERROR] b' TCP : Invalid address'
2026-03-13 10:54:23 [ERROR] b' TCP : Invalid address'
2026-03-13 10:54:23 [ERROR] b' TCP : Invalid address'
2026-03-13 10:54:24 [ERROR] b' TCP : Invalid address'
2026-03-13 10:54:24 [ERROR] b' TCP : Invalid address'
2026-03-13 10:54:25 [ERROR] b' TCP : Invalid address'
2026-03-13 10:54:25 [ERROR] b' TCP : Invalid address'
2026-03-13 10:54:26 [ERROR] b' TCP : Invalid address'
2026-03-13 10:54:27 [ERROR] b' TCP : Invalid address'
2026-03-13 10:54:27 [ERROR] b' TCP : Invalid address'
2026-03-13 10:54:28 [ERROR] b' TCP : Invalid address'
2026-03-13 10:54:28 [ERROR] b' TCP : Invalid address'
2026-03-13 10:54:29 [ERROR] b' TCP : Invalid address'
2026-03-13 10:54:29 [ERROR] b' TCP : Invalid address'
2026-03-13 10:54:30 [ERROR] b' TCP : Invalid address'
2026-03-13 10:54:30 [ERROR] b' TCP : Invalid address'
2026-03-13 10:54:31 [ERROR] b' TCP : Invalid address'
2026-03-13 10:54:31 [ERROR] b' TCP : Invalid address'
2026-03-13 10:54:32 [ERROR] b' TCP : Invalid address'
2026-03-13 10:54:32 [ERROR] b' TCP : Invalid address'
2026-03-13 10:54:33 [ERROR] b' TCP : Invalid address'
2026-03-13 10:54:33 [ERROR] b' TCP : Invalid address'
2026-03-13 10:54:34 [ERROR] b' TCP : Invalid address'
2026-03-13 10:54:34 [ERROR] b' TCP : Invalid address'
2026-03-13 10:54:35 [ERROR] b' TCP : Invalid address'
2026-03-13 10:54:35 [ERROR] b' TCP : Invalid address'
2026-03-13 10:54:36 [ERROR] b' TCP : Invalid address'
2026-03-13 10:54:36 [ERROR] b' TCP : Invalid address'
2026-03-13 10:54:37 [ERROR] b' TCP : Invalid address'
2026-03-13 10:54:37 [ERROR] b' TCP : Invalid address'
2026-03-13 10:54:38 [ERROR] b' TCP : Invalid address'
2026-03-13 10:54:39 [ERROR] b' TCP : Invalid address'
2026-03-13 10:54:39 [ERROR] b' TCP : Invalid address'
2026-03-13 10:54:40 [ERROR] b' TCP : Invalid address'
2026-03-13 10:54:40 [ERROR] b' TCP : Invalid address'
2026-03-13 10:54:41 [ERROR] b' TCP : Invalid address'
2026-03-13 10:54:41 [ERROR] b' TCP : Invalid address'
2026-03-13 10:54:42 [ERROR] b' TCP : Invalid address'
2026-03-13 10:54:42 [ERROR] b' TCP : Invalid address'
2026-03-13 10:54:43 [ERROR] b' TCP : Invalid address'
2026-03-13 10:54:43 [ERROR] b' TCP : Invalid address'
2026-03-13 10:54:44 [ERROR] b' TCP : Invalid address'
2026-03-13 10:54:44 [ERROR] b' TCP : Invalid address'
2026-03-13 10:54:45 [ERROR] b' TCP : Invalid address'
2026-03-13 10:54:45 [ERROR] b' TCP : Invalid address'
2026-03-13 10:54:46 [ERROR] b' TCP : Invalid address'
2026-03-13 10:54:46 [ERROR] b' TCP : Invalid address'
2026-03-13 10:54:47 [ERROR] b' TCP : Invalid address'
2026-03-13 10:54:47 [ERROR] b' TCP : Invalid address'
2026-03-13 10:54:48 [ERROR] b' TCP : Invalid address'
2026-03-13 10:54:48 [ERROR] b' TCP : Invalid address'
2026-03-13 10:54:49 [ERROR] b' TCP : Invalid address'
2026-03-13 10:54:50 [ERROR] b' TCP : Invalid address'
2026-03-13 10:54:50 [ERROR] b' TCP : Invalid address'
2026-03-13 10:54:51 [ERROR] b' TCP : Invalid address'
2026-03-13 10:54:51 [ERROR] b' TCP : Invalid address'
2026-03-13 10:54:52 [ERROR] b' TCP : Invalid address'
2026-03-13 10:54:52 [ERROR] b' TCP : Invalid address'
2026-03-13 10:54:53 [ERROR] b' TCP : Invalid address'
2026-03-13 10:54:53 [ERROR] b' TCP : Invalid address'
2026-03-13 10:54:54 [ERROR] b' TCP : Invalid address'
2026-03-13 10:54:54 [ERROR] b' TCP : Invalid address'
2026-03-13 10:54:55 [ERROR] b' TCP : Invalid address'
2026-03-13 10:54:55 [ERROR] b' TCP : Invalid address'
2026-03-13 10:54:56 [ERROR] b' TCP : Invalid address'
2026-03-13 10:54:56 [ERROR] b' TCP : Invalid address'
2026-03-13 10:54:57 [ERROR] b' TCP : Invalid address'
2026-03-13 10:54:57 [ERROR] b' TCP : Invalid address'
2026-03-13 10:54:58 [ERROR] b' TCP : Invalid address'
2026-03-13 10:54:58 [ERROR] b' TCP : Invalid address'
2026-03-13 10:54:59 [ERROR] b' TCP : Invalid address'
2026-03-13 10:54:59 [ERROR] b' TCP : Invalid address'
2026-03-13 10:55:00 [ERROR] b' TCP : Invalid address'
2026-03-13 10:55:00 [ERROR] b' TCP : Invalid address'
2026-03-13 10:55:01 [ERROR] b' TCP : Invalid address'
2026-03-13 10:55:02 [ERROR] b' TCP : Invalid address'
2026-03-13 10:55:02 [ERROR] b' TCP : Invalid address'
2026-03-13 10:55:03 [ERROR] b' TCP : Invalid address'
2026-03-13 10:55:03 [ERROR] b' TCP : Invalid address'
2026-03-13 10:55:04 [ERROR] b' TCP : Invalid address'
2026-03-13 10:55:04 [ERROR] b' TCP : Invalid address'
2026-03-13 10:55:05 [ERROR] b' TCP : Invalid address'
2026-03-13 10:55:05 [ERROR] b' TCP : Invalid address'
2026-03-13 10:55:06 [ERROR] b' TCP : Invalid address'
2026-03-13 10:55:06 [ERROR] b' TCP : Invalid address'
2026-03-13 10:55:07 [ERROR] b' TCP : Invalid address'
2026-03-13 10:55:07 [ERROR] b' TCP : Invalid address'
2026-03-13 10:55:08 [ERROR] b' TCP : Invalid address'
2026-03-13 10:55:08 [ERROR] b' TCP : Invalid address'
2026-03-13 10:55:09 [ERROR] b' TCP : Invalid address'
2026-03-13 10:55:09 [ERROR] b' TCP : Invalid address'
2026-03-13 10:55:10 [ERROR] b' TCP : Invalid address'
2026-03-13 10:55:10 [ERROR] b' TCP : Invalid address'
2026-03-13 10:55:11 [ERROR] b' TCP : Invalid address'
2026-03-13 10:55:11 [ERROR] b' TCP : Invalid address'
2026-03-13 10:55:12 [ERROR] b' TCP : Invalid address'
2026-03-13 10:55:13 [ERROR] b' TCP : Invalid address'
2026-03-13 10:55:13 [ERROR] b' TCP : Invalid address'
2026-03-13 10:55:14 [ERROR] b' TCP : Invalid address'
2026-03-13 10:55:14 [ERROR] b' TCP : Invalid address'
2026-03-13 10:55:15 [ERROR] b' TCP : Invalid address'
2026-03-13 10:55:15 [ERROR] b' TCP : Invalid address'
2026-03-13 10:55:16 [ERROR] b' TCP : Invalid address'
2026-03-13 10:55:16 [ERROR] b' TCP : Invalid address'
2026-03-13 10:55:17 [ERROR] b' TCP : Invalid address'
2026-03-13 10:55:17 [ERROR] b' TCP : Invalid address'
2026-03-13 10:55:18 [ERROR] b' TCP : Invalid address'
2026-03-13 10:55:18 [ERROR] b' TCP : Invalid address'
2026-03-13 10:55:19 [ERROR] b' TCP : Invalid address'
2026-03-13 10:55:19 [ERROR] b' TCP : Invalid address'
2026-03-13 10:55:20 [ERROR] b' TCP : Invalid address'
2026-03-13 10:55:20 [ERROR] b' TCP : Invalid address'
2026-03-13 10:55:21 [ERROR] b' TCP : Invalid address'
2026-03-13 10:55:21 [ERROR] b' TCP : Invalid address'
2026-03-13 10:55:22 [ERROR] b' TCP : Invalid address'
2026-03-13 10:55:22 [ERROR] b' TCP : Invalid address'
2026-03-13 10:55:23 [ERROR] b' TCP : Invalid address'
2026-03-13 10:55:23 [ERROR] b' TCP : Invalid address'
2026-03-13 10:55:24 [ERROR] b' TCP : Invalid address'
2026-03-13 10:55:25 [ERROR] b' TCP : Invalid address'
2026-03-13 10:55:25 [ERROR] b' TCP : Invalid address'
2026-03-13 10:55:26 [ERROR] b' TCP : Invalid address'
2026-03-13 10:55:26 [ERROR] b' TCP : Invalid address'
2026-03-13 10:55:27 [ERROR] b' TCP : Invalid address'
2026-03-13 10:55:27 [ERROR] b' TCP : Invalid address'
2026-03-13 10:55:28 [ERROR] b' TCP : Invalid address'
2026-03-13 10:55:28 [ERROR] b' TCP : Invalid address'
2026-03-13 10:55:29 [ERROR] b' TCP : Invalid address'
2026-03-13 10:55:29 [ERROR] b' TCP : Invalid address'
2026-03-13 10:55:30 [ERROR] b' TCP : Invalid address'
2026-03-13 10:55:30 [ERROR] b' TCP : Invalid address'
2026-03-13 10:55:31 [ERROR] b' TCP : Invalid address'
2026-03-13 10:55:31 [ERROR] b' TCP : Invalid address'
2026-03-13 10:55:32 [ERROR] b' TCP : Invalid address'
2026-03-13 10:55:32 [ERROR] b' TCP : Invalid address'
2026-03-13 10:55:33 [ERROR] b' TCP : Invalid address'
2026-03-13 10:55:34 [ERROR] b' TCP : Invalid address'
2026-03-13 10:55:34 [ERROR] b' TCP : Invalid address'
2026-03-13 10:55:35 [ERROR] b' TCP : Invalid address'
2026-03-13 10:55:35 [ERROR] b' TCP : Invalid address'
2026-03-13 10:55:36 [ERROR] b' TCP : Invalid address'
2026-03-13 10:55:36 [ERROR] b' TCP : Invalid address'
2026-03-13 10:55:37 [ERROR] b' TCP : Invalid address'
2026-03-13 10:55:37 [ERROR] b' TCP : Invalid address'
2026-03-13 10:55:38 [ERROR] b' TCP : Invalid address'
2026-03-13 10:55:38 [ERROR] b' TCP : Invalid address'
2026-03-13 10:55:39 [ERROR] b' TCP : Invalid address'
2026-03-13 10:55:39 [ERROR] b' TCP : Invalid address'
2026-03-13 10:55:40 [ERROR] b' TCP : Invalid address'
2026-03-13 10:55:40 [ERROR] b' TCP : Invalid address'
2026-03-13 10:55:41 [ERROR] b' TCP : Invalid address'
2026-03-13 10:55:41 [ERROR] b' TCP : Invalid address'
2026-03-13 10:55:42 [ERROR] b' TCP : Invalid address'
2026-03-13 10:55:42 [ERROR] b' TCP : Invalid address'
2026-03-13 10:55:43 [ERROR] b' TCP : Invalid address'
2026-03-13 10:55:44 [ERROR] b' TCP : Invalid address'
2026-03-13 10:55:44 [ERROR] b' TCP : Invalid address'
2026-03-13 10:55:45 [ERROR] b' TCP : Invalid address'
2026-03-13 10:55:45 [ERROR] b' TCP : Invalid address'
2026-03-13 10:55:46 [ERROR] b' TCP : Invalid address'
2026-03-13 10:55:46 [ERROR] b' TCP : Invalid address'
2026-03-13 10:55:47 [ERROR] b' TCP : Invalid address'
2026-03-13 10:55:47 [ERROR] b' TCP : Invalid address'
2026-03-13 10:55:48 [ERROR] b' TCP : Invalid address'
2026-03-13 10:55:48 [ERROR] b' TCP : Invalid address'
2026-03-13 10:55:49 [ERROR] b' TCP : Invalid address'
2026-03-13 10:55:49 [ERROR] b' TCP : Invalid address'
2026-03-13 10:55:50 [ERROR] b' TCP : Invalid address'
2026-03-13 10:55:50 [ERROR] b' TCP : Invalid address'
2026-03-13 10:55:51 [ERROR] b' TCP : Invalid address'
2026-03-13 10:55:51 [ERROR] b' TCP : Invalid address'
2026-03-13 10:55:52 [ERROR] b' TCP : Invalid address'
2026-03-13 10:55:52 [ERROR] b' TCP : Invalid address'
2026-03-13 10:55:53 [ERROR] b' TCP : Invalid address'
2026-03-13 10:55:54 [ERROR] b' TCP : Invalid address'
2026-03-13 10:55:54 [ERROR] b' TCP : Invalid address'
2026-03-13 10:55:55 [ERROR] b' TCP : Invalid address'
2026-03-13 10:55:55 [ERROR] b' TCP : Invalid address'
2026-03-13 10:55:56 [ERROR] b' TCP : Invalid address'
2026-03-13 10:55:56 [ERROR] b' TCP : Invalid address'
2026-03-13 10:55:57 [ERROR] b' TCP : Invalid address'
2026-03-13 10:55:57 [ERROR] b' TCP : Invalid address'
2026-03-13 10:55:58 [ERROR] b' TCP : Invalid address'
2026-03-13 10:55:58 [ERROR] b' TCP : Invalid address'
2026-03-13 10:55:59 [ERROR] b' TCP : Invalid address'
2026-03-13 10:55:59 [ERROR] b' TCP : Invalid address'
2026-03-13 10:56:00 [ERROR] b' TCP : Invalid address'
2026-03-13 10:56:00 [ERROR] b' TCP : Invalid address'
2026-03-13 10:56:01 [ERROR] b' TCP : Invalid address'
2026-03-13 10:56:01 [ERROR] b' TCP : Invalid address'
2026-03-13 10:56:02 [ERROR] b' TCP : Invalid address'
2026-03-13 10:56:02 [ERROR] b' TCP : Invalid address'
2026-03-13 10:56:03 [ERROR] b' TCP : Invalid address'
2026-03-13 10:56:03 [ERROR] b' TCP : Invalid address'
2026-03-13 10:56:04 [ERROR] b' TCP : Invalid address'
2026-03-13 10:56:05 [ERROR] b' TCP : Invalid address'
2026-03-13 10:56:05 [ERROR] b' TCP : Invalid address'
2026-03-13 10:56:06 [ERROR] b' TCP : Invalid address'
2026-03-13 10:56:06 [ERROR] b' TCP : Invalid address'
2026-03-13 10:56:07 [ERROR] b' TCP : Invalid address'
2026-03-13 10:56:07 [ERROR] b' TCP : Invalid address'
2026-03-13 10:56:08 [ERROR] b' TCP : Invalid address'
2026-03-13 10:56:08 [ERROR] b' TCP : Invalid address'
2026-03-13 10:56:09 [ERROR] b' TCP : Invalid address'
2026-03-13 10:56:09 [ERROR] b' TCP : Invalid address'
2026-03-13 10:56:10 [ERROR] b' TCP : Invalid address'
2026-03-13 10:56:10 [ERROR] b' TCP : Invalid address'
2026-03-13 10:56:11 [ERROR] b' TCP : Invalid address'
2026-03-13 10:56:11 [ERROR] b' TCP : Invalid address'
2026-03-13 10:56:12 [ERROR] b' TCP : Invalid address'
2026-03-13 10:56:12 [ERROR] b' TCP : Invalid address'
2026-03-13 10:56:13 [ERROR] b' TCP : Invalid address'
2026-03-13 10:56:13 [ERROR] b' TCP : Invalid address'
2026-03-13 10:56:14 [ERROR] b' TCP : Invalid address'
2026-03-13 10:56:14 [ERROR] b' TCP : Invalid address'
2026-03-13 10:56:15 [ERROR] b' TCP : Invalid address'
2026-03-13 10:56:15 [ERROR] b' TCP : Invalid address'
2026-03-13 10:56:16 [ERROR] b' TCP : Invalid address'
2026-03-13 10:56:17 [ERROR] b' TCP : Invalid address'
2026-03-13 10:56:17 [ERROR] b' TCP : Invalid address'
2026-03-13 10:56:18 [ERROR] b' TCP : Invalid address'
2026-03-13 10:56:18 [ERROR] b' TCP : Invalid address'
2026-03-13 10:56:19 [ERROR] b' TCP : Invalid address'
2026-03-13 10:56:19 [ERROR] b' TCP : Invalid address'
2026-03-13 10:56:20 [ERROR] b' TCP : Invalid address'
2026-03-13 10:56:20 [ERROR] b' TCP : Invalid address'
2026-03-13 10:56:21 [ERROR] b' TCP : Invalid address'
2026-03-13 10:56:21 [ERROR] b' TCP : Invalid address'
2026-03-13 10:56:22 [ERROR] b' TCP : Invalid address'
2026-03-13 10:56:22 [ERROR] b' TCP : Invalid address'
2026-03-13 10:56:23 [ERROR] b' TCP : Invalid address'
2026-03-13 10:56:23 [ERROR] b' TCP : Invalid address'
2026-03-13 10:56:24 [ERROR] b' TCP : Invalid address'
2026-03-13 10:56:24 [ERROR] b' TCP : Invalid address'
2026-03-13 10:56:25 [ERROR] b' TCP : Invalid address'
2026-03-13 10:56:25 [ERROR] b' TCP : Invalid address'
2026-03-13 10:56:26 [ERROR] b' TCP : Invalid address'
2026-03-13 10:56:27 [ERROR] b' TCP : Invalid address'
2026-03-13 10:56:27 [ERROR] b' TCP : Invalid address'
2026-03-13 10:56:28 [ERROR] b' TCP : Invalid address'
2026-03-13 10:56:28 [ERROR] b' TCP : Invalid address'
2026-03-13 10:56:29 [ERROR] b' TCP : Invalid address'
2026-03-13 10:56:29 [ERROR] b' TCP : Invalid address'
2026-03-13 10:56:30 [ERROR] b' TCP : Invalid address'
2026-03-13 10:56:30 [ERROR] b' TCP : Invalid address'
2026-03-13 10:56:31 [ERROR] b' TCP : Invalid address'
2026-03-13 10:56:31 [ERROR] b' TCP : Invalid address'
2026-03-13 10:56:32 [ERROR] b' TCP : Invalid address'
2026-03-13 10:56:32 [ERROR] b' TCP : Invalid address'
2026-03-13 10:56:33 [ERROR] b' TCP : Invalid address'
2026-03-13 10:56:33 [ERROR] b' TCP : Invalid address'
2026-03-13 10:56:34 [ERROR] b' TCP : Invalid address'
2026-03-13 10:56:34 [ERROR] b' TCP : Invalid address'
2026-03-13 10:56:35 [ERROR] b' TCP : Invalid address'
2026-03-13 10:56:35 [ERROR] b' TCP : Invalid address'
2026-03-13 10:56:36 [ERROR] b' TCP : Invalid address'
2026-03-13 10:56:37 [ERROR] b' TCP : Invalid address'
2026-03-13 10:56:37 [ERROR] b' TCP : Invalid address'
2026-03-13 10:56:38 [ERROR] b' TCP : Invalid address'
2026-03-13 10:56:38 [ERROR] b' TCP : Invalid address'
2026-03-13 10:56:39 [ERROR] b' TCP : Invalid address'
2026-03-13 10:56:39 [ERROR] b' TCP : Invalid address'
2026-03-13 10:56:40 [ERROR] b' TCP : Invalid address'
2026-03-13 10:56:40 [ERROR] b' TCP : Invalid address'
2026-03-13 10:56:41 [ERROR] b' TCP : Invalid address'
2026-03-13 10:56:41 [ERROR] b' TCP : Invalid address'
2026-03-13 10:56:42 [ERROR] b' TCP : Invalid address'
2026-03-13 10:56:42 [ERROR] b' TCP : Invalid address'
2026-03-13 10:56:43 [ERROR] b' TCP : Invalid address'
2026-03-13 10:56:43 [ERROR] b' TCP : Invalid address'
2026-03-13 10:56:44 [ERROR] b' TCP : Invalid address'
2026-03-13 10:56:44 [ERROR] b' TCP : Invalid address'
2026-03-13 10:56:45 [ERROR] b' TCP : Invalid address'
2026-03-13 10:56:45 [ERROR] b' TCP : Invalid address'
2026-03-13 10:56:46 [ERROR] b' TCP : Invalid address'
2026-03-13 10:56:46 [ERROR] b' TCP : Invalid address'
2026-03-13 10:56:47 [ERROR] b' TCP : Invalid address'
2026-03-13 10:56:47 [ERROR] b' TCP : Invalid address'
2026-03-13 10:56:48 [ERROR] b' TCP : Invalid address'
2026-03-13 10:56:49 [ERROR] b' TCP : Invalid address'
2026-03-13 10:56:49 [ERROR] b' TCP : Invalid address'
2026-03-13 10:56:50 [ERROR] b' TCP : Invalid address'
2026-03-13 10:56:50 [ERROR] b' TCP : Invalid address'
2026-03-13 10:56:51 [ERROR] b' TCP : Invalid address'
2026-03-13 10:56:51 [ERROR] b' TCP : Invalid address'
2026-03-13 10:56:52 [ERROR] b' TCP : Invalid address'
2026-03-13 10:56:52 [ERROR] b' TCP : Invalid address'
2026-03-13 10:56:53 [ERROR] b' TCP : Invalid address'
2026-03-13 10:56:53 [ERROR] b' TCP : Invalid address'
2026-03-13 10:56:54 [ERROR] b' TCP : Invalid address'
2026-03-13 10:56:54 [ERROR] b' TCP : Invalid address'
2026-03-13 10:56:55 [ERROR] b' TCP : Invalid address'
2026-03-13 10:56:55 [ERROR] b' TCP : Invalid address'
2026-03-13 10:56:56 [ERROR] b' TCP : Invalid address'
2026-03-13 10:56:56 [ERROR] b' TCP : Invalid address'
2026-03-13 10:56:57 [ERROR] b' TCP : Invalid address'
2026-03-13 10:56:57 [ERROR] b' TCP : Invalid address'
2026-03-13 10:56:58 [ERROR] b' TCP : Invalid address'
2026-03-13 10:56:58 [ERROR] b' TCP : Invalid address'
2026-03-13 10:56:59 [ERROR] b' TCP : Invalid address'
2026-03-13 10:56:59 [ERROR] b' TCP : Invalid address'
2026-03-13 10:57:00 [ERROR] b' TCP : Invalid address'
2026-03-13 10:57:01 [ERROR] b' TCP : Invalid address'
2026-03-13 10:57:01 [ERROR] b' TCP : Invalid address'
2026-03-13 10:57:02 [ERROR] b' TCP : Invalid address'
2026-03-13 10:57:02 [ERROR] b' TCP : Invalid address'
2026-03-13 10:57:03 [ERROR] b' TCP : Invalid address'
2026-03-13 10:57:03 [ERROR] b' TCP : Invalid address'
2026-03-13 10:57:04 [ERROR] b' TCP : Invalid address'
2026-03-13 10:57:04 [ERROR] b' TCP : Invalid address'
2026-03-13 10:57:05 [ERROR] b' TCP : Invalid address'
2026-03-13 10:57:05 [ERROR] b' TCP : Invalid address'
2026-03-13 10:57:06 [ERROR] b' TCP : Invalid address'
2026-03-13 10:57:06 [ERROR] b' TCP : Invalid address'
2026-03-13 10:57:07 [ERROR] b' TCP : Invalid address'
2026-03-13 10:57:07 [ERROR] b' TCP : Invalid address'
2026-03-13 10:57:08 [ERROR] b' TCP : Invalid address'
2026-03-13 10:57:08 [ERROR] b' TCP : Invalid address'
2026-03-13 10:57:09 [ERROR] b' TCP : Invalid address'
2026-03-13 10:57:09 [ERROR] b' TCP : Invalid address'
2026-03-13 10:57:10 [ERROR] b' TCP : Invalid address'
2026-03-13 10:57:10 [ERROR] b' TCP : Invalid address'
2026-03-13 10:57:11 [ERROR] b' TCP : Invalid address'
2026-03-13 10:57:11 [ERROR] b' TCP : Invalid address'
2026-03-13 10:57:12 [ERROR] b' TCP : Invalid address'
2026-03-13 10:57:12 [ERROR] b' TCP : Invalid address'
2026-03-13 10:57:13 [ERROR] b' TCP : Invalid address'
2026-03-13 10:57:13 [ERROR] b' TCP : Invalid address'
2026-03-13 10:57:14 [ERROR] b' TCP : Invalid address'
2026-03-13 10:57:14 [ERROR] b' TCP : Invalid address'
2026-03-13 10:57:15 [ERROR] b' TCP : Invalid address'
2026-03-13 10:57:15 [ERROR] b' TCP : Invalid address'
2026-03-13 10:57:16 [ERROR] b' TCP : Invalid address'
2026-03-13 10:57:17 [ERROR] b' TCP : Invalid address'
2026-03-13 10:57:17 [ERROR] b' TCP : Invalid address'
2026-03-13 10:57:18 [ERROR] b' TCP : Invalid address'
2026-03-13 10:57:18 [ERROR] b' TCP : Invalid address'
2026-03-13 10:57:19 [ERROR] b' TCP : Invalid address'
2026-03-13 10:57:19 [ERROR] b' TCP : Invalid address'
2026-03-13 10:57:20 [ERROR] b' TCP : Invalid address'
2026-03-13 10:57:20 [ERROR] b' TCP : Invalid address'
2026-03-13 10:57:21 [ERROR] b' TCP : Invalid address'
2026-03-13 10:57:21 [ERROR] b' TCP : Invalid address'
2026-03-13 10:57:22 [ERROR] b' TCP : Invalid address'
2026-03-13 10:57:22 [ERROR] b' TCP : Invalid address'
2026-03-13 10:57:23 [ERROR] b' TCP : Invalid address'
2026-03-13 10:57:23 [ERROR] b' TCP : Invalid address'
2026-03-13 10:57:24 [ERROR] b' TCP : Invalid address'
2026-03-13 10:57:24 [ERROR] b' TCP : Invalid address'
2026-03-13 10:57:25 [ERROR] b' TCP : Invalid address'
2026-03-13 10:57:25 [ERROR] b' TCP : Invalid address'
2026-03-13 10:57:26 [ERROR] b' TCP : Invalid address'
2026-03-13 10:57:26 [ERROR] b' TCP : Invalid address'
2026-03-13 10:57:27 [ERROR] b' TCP : Invalid address'
2026-03-13 10:57:27 [ERROR] b' TCP : Invalid address'
2026-03-13 10:57:28 [ERROR] b' TCP : Invalid address'
2026-03-13 10:57:28 [ERROR] b' TCP : Invalid address'
2026-03-13 10:57:29 [ERROR] b' TCP : Invalid address'
2026-03-13 10:57:29 [ERROR] b' TCP : Invalid address'
2026-03-13 10:57:30 [ERROR] b' TCP : Invalid address'
2026-03-13 10:57:30 [ERROR] b' TCP : Invalid address'
2026-03-13 10:57:31 [ERROR] b' TCP : Invalid address'
2026-03-13 10:57:31 [ERROR] b' TCP : Invalid address'
2026-03-13 10:57:32 [ERROR] b' TCP : Invalid address'
2026-03-13 10:57:32 [ERROR] b' TCP : Invalid address'
2026-03-13 10:57:33 [ERROR] b' TCP : Invalid address'
2026-03-13 10:57:33 [ERROR] b' TCP : Invalid address'
2026-03-13 10:57:34 [ERROR] b' TCP : Invalid address'
2026-03-13 10:57:35 [ERROR] b' TCP : Invalid address'
2026-03-13 10:57:35 [ERROR] b' TCP : Invalid address'
2026-03-13 10:57:36 [ERROR] b' TCP : Invalid address'
2026-03-13 10:57:36 [ERROR] b' TCP : Invalid address'
2026-03-13 10:57:37 [ERROR] b' TCP : Invalid address'
2026-03-13 10:57:37 [ERROR] b' TCP : Invalid address'
2026-03-13 10:57:38 [ERROR] b' TCP : Invalid address'
2026-03-13 10:57:38 [ERROR] b' TCP : Invalid address'
2026-03-13 10:57:39 [ERROR] b' TCP : Invalid address'
2026-03-13 10:57:39 [ERROR] b' TCP : Invalid address'
2026-03-13 10:57:40 [ERROR] b' TCP : Invalid address'
2026-03-13 10:57:40 [ERROR] b' TCP : Invalid address'
2026-03-13 10:57:41 [ERROR] b' TCP : Invalid address'
2026-03-13 10:57:41 [ERROR] b' TCP : Invalid address'
2026-03-13 10:57:42 [ERROR] b' TCP : Invalid address'
2026-03-13 10:57:42 [ERROR] b' TCP : Invalid address'
2026-03-13 10:57:43 [ERROR] b' TCP : Invalid address'
2026-03-13 10:57:43 [ERROR] b' TCP : Invalid address'
2026-03-13 10:57:44 [ERROR] b' TCP : Invalid address'
2026-03-13 10:57:44 [ERROR] b' TCP : Invalid address'
2026-03-13 10:57:45 [ERROR] b' TCP : Invalid address'
2026-03-13 10:57:45 [ERROR] b' TCP : Invalid address'
2026-03-13 10:57:46 [ERROR] b' TCP : Invalid address'
2026-03-13 10:57:46 [ERROR] b' TCP : Invalid address'
2026-03-13 10:57:47 [ERROR] b' TCP : Invalid address'
2026-03-13 10:57:47 [ERROR] b' TCP : Invalid address'
2026-03-13 10:57:48 [ERROR] b' TCP : Invalid address'
2026-03-13 10:57:48 [ERROR] b' TCP : Invalid address'
2026-03-13 10:57:49 [ERROR] b' TCP : Invalid address'
2026-03-13 10:57:49 [ERROR] b' TCP : Invalid address'
2026-03-13 10:57:50 [ERROR] b' TCP : Invalid address'
2026-03-13 10:57:50 [ERROR] b' TCP : Invalid address'
2026-03-13 10:57:51 [ERROR] b' TCP : Invalid address'
2026-03-13 10:57:52 [ERROR] b' TCP : Invalid address'
2026-03-13 10:57:52 [ERROR] b' TCP : Invalid address'
2026-03-13 10:57:53 [ERROR] b' TCP : Invalid address'
2026-03-13 10:57:53 [ERROR] b' TCP : Invalid address'
2026-03-13 10:57:54 [ERROR] b' TCP : Invalid address'
2026-03-13 10:57:54 [ERROR] b' TCP : Invalid address'
2026-03-13 10:57:55 [ERROR] b' TCP : Invalid address'
2026-03-13 10:57:55 [ERROR] b' TCP : Invalid address'
2026-03-13 10:57:56 [ERROR] b' TCP : Invalid address'
2026-03-13 10:57:56 [ERROR] b' TCP : Invalid address'
2026-03-13 10:57:57 [ERROR] b' TCP : Invalid address'
2026-03-13 10:57:57 [ERROR] b' TCP : Invalid address'
2026-03-13 10:57:58 [ERROR] b' TCP : Invalid address'
2026-03-13 10:57:58 [ERROR] b' TCP : Invalid address'
2026-03-13 10:57:59 [ERROR] b' TCP : Invalid address'
2026-03-13 10:57:59 [ERROR] b' TCP : Invalid address'
2026-03-13 10:58:00 [ERROR] b' TCP : Invalid address'
2026-03-13 10:58:00 [ERROR] b' TCP : Invalid address'
2026-03-13 10:58:01 [ERROR] b' TCP : Invalid address'
2026-03-13 10:58:01 [ERROR] b' TCP : Invalid address'
2026-03-13 10:58:02 [ERROR] b' TCP : Invalid address'
2026-03-13 10:58:02 [ERROR] b' TCP : Invalid address'
2026-03-13 10:58:03 [ERROR] b' TCP : Invalid address'
2026-03-13 10:58:03 [ERROR] b' TCP : Invalid address'
2026-03-13 10:58:04 [ERROR] b' TCP : Invalid address'
2026-03-13 10:58:04 [ERROR] b' TCP : Invalid address'
2026-03-13 10:58:05 [ERROR] b' TCP : Invalid address'
2026-03-13 10:58:05 [ERROR] b' TCP : Invalid address'
2026-03-13 10:58:06 [ERROR] b' TCP : Invalid address'
2026-03-13 10:58:06 [ERROR] b' TCP : Invalid address'
2026-03-13 10:58:07 [ERROR] b' TCP : Invalid address'
2026-03-13 10:58:07 [ERROR] b' TCP : Invalid address'
2026-03-13 10:58:08 [ERROR] b' TCP : Invalid address'
2026-03-13 10:58:09 [ERROR] b' TCP : Invalid address'
2026-03-13 10:58:09 [ERROR] b' TCP : Invalid address'
2026-03-13 10:58:10 [ERROR] b' TCP : Invalid address'
2026-03-13 10:58:10 [ERROR] b' TCP : Invalid address'
2026-03-13 10:58:11 [ERROR] b' TCP : Invalid address'
2026-03-13 10:58:11 [ERROR] b' TCP : Invalid address'
2026-03-13 10:58:12 [ERROR] b' TCP : Invalid address'
2026-03-13 10:58:12 [ERROR] b' TCP : Invalid address'
2026-03-13 10:58:13 [ERROR] b' TCP : Invalid address'
2026-03-13 10:58:13 [ERROR] b' TCP : Invalid address'
2026-03-13 10:58:14 [ERROR] b' TCP : Invalid address'
2026-03-13 10:58:14 [ERROR] b' TCP : Invalid address'
2026-03-13 10:58:15 [ERROR] b' TCP : Invalid address'
2026-03-13 10:58:15 [ERROR] b' TCP : Invalid address'
2026-03-13 10:58:16 [ERROR] b' TCP : Invalid address'
2026-03-13 10:58:16 [ERROR] b' TCP : Invalid address'
2026-03-13 10:58:17 [ERROR] b' TCP : Invalid address'
2026-03-13 10:58:17 [ERROR] b' TCP : Invalid address'
2026-03-13 10:58:18 [ERROR] b' TCP : Invalid address'
2026-03-13 10:58:18 [ERROR] b' TCP : Invalid address'
2026-03-13 10:58:19 [ERROR] b' TCP : Invalid address'
2026-03-13 10:58:19 [ERROR] b' TCP : Invalid address'
2026-03-13 10:58:20 [ERROR] b' TCP : Invalid address'
2026-03-13 10:58:20 [ERROR] b' TCP : Invalid address'
2026-03-13 10:58:21 [ERROR] b' TCP : Invalid address'
2026-03-13 10:58:21 [ERROR] b' TCP : Invalid address'
2026-03-13 10:58:22 [ERROR] b' TCP : Invalid address'
2026-03-13 10:58:22 [ERROR] b' TCP : Invalid address'
2026-03-13 10:58:23 [ERROR] b' TCP : Invalid address'
2026-03-13 10:58:23 [ERROR] b' TCP : Invalid address'
2026-03-13 10:58:24 [ERROR] b' TCP : Invalid address'
2026-03-13 10:58:24 [ERROR] b' TCP : Invalid address'
2026-03-13 10:58:25 [ERROR] b' TCP : Invalid address'
2026-03-13 10:58:26 [ERROR] b' TCP : Invalid address'
2026-03-13 10:58:26 [ERROR] b' TCP : Invalid address'
2026-03-13 10:58:27 [ERROR] b' TCP : Invalid address'
2026-03-13 10:58:27 [ERROR] b' TCP : Invalid address'
2026-03-13 10:58:28 [ERROR] b' TCP : Invalid address'
2026-03-13 10:58:28 [ERROR] b' TCP : Invalid address'
2026-03-13 10:58:35 [ERROR] b' TCP : Invalid address'
2026-03-13 10:58:35 [ERROR] b' TCP : Invalid address'
2026-03-13 10:58:36 [ERROR] b' TCP : Invalid address'
2026-03-13 10:58:36 [ERROR] b' TCP : Invalid address'
2026-03-13 10:58:37 [ERROR] b' TCP : Invalid address'
2026-03-13 10:58:37 [ERROR] b' TCP : Invalid address'
2026-03-13 10:58:38 [ERROR] b' TCP : Invalid address'
2026-03-13 10:58:38 [ERROR] b' TCP : Invalid address'
2026-03-13 10:58:39 [ERROR] b' TCP : Invalid address'
2026-03-13 10:58:39 [ERROR] b' TCP : Invalid address'
2026-03-13 10:58:40 [ERROR] b' TCP : Invalid address'
2026-03-13 10:58:40 [ERROR] b' TCP : Invalid address'
2026-03-13 10:58:41 [ERROR] b' TCP : Invalid address'
2026-03-13 10:58:41 [ERROR] b' TCP : Invalid address'
2026-03-13 10:58:42 [ERROR] b' TCP : Invalid address'
2026-03-13 10:58:42 [ERROR] b' TCP : Invalid address'
2026-03-13 10:58:43 [ERROR] b' TCP : Invalid address'
2026-03-13 10:58:43 [ERROR] b' TCP : Invalid address'
2026-03-13 10:58:44 [ERROR] b' TCP : Invalid address'
2026-03-13 10:58:44 [ERROR] b' TCP : Invalid address'
2026-03-13 10:58:45 [ERROR] b' TCP : Invalid address'
2026-03-13 10:58:45 [ERROR] b' TCP : Invalid address'
2026-03-13 10:58:46 [ERROR] b' TCP : Invalid address'
2026-03-13 10:58:46 [ERROR] b' TCP : Invalid address'
2026-03-13 10:58:47 [ERROR] b' TCP : Invalid address'
2026-03-13 10:58:47 [ERROR] b' TCP : Invalid address'
2026-03-13 10:58:48 [ERROR] b' TCP : Invalid address'
2026-03-13 10:58:48 [ERROR] b' TCP : Invalid address'
2026-03-13 10:58:49 [ERROR] b' TCP : Invalid address'
2026-03-13 10:58:49 [ERROR] b' TCP : Invalid address'
2026-03-13 10:58:50 [ERROR] b' TCP : Invalid address'
2026-03-13 10:58:50 [ERROR] b' TCP : Invalid address'
2026-03-13 10:58:51 [ERROR] b' TCP : Invalid address'
2026-03-13 10:58:51 [ERROR] b' TCP : Invalid address'
2026-03-13 10:58:52 [ERROR] b' TCP : Invalid address'
2026-03-13 10:58:52 [ERROR] b' TCP : Invalid address'
2026-03-13 10:58:53 [ERROR] b' TCP : Invalid address'
2026-03-13 10:58:53 [ERROR] b' TCP : Invalid address'
2026-03-13 10:58:54 [ERROR] b' TCP : Invalid address'
2026-03-13 10:58:55 [ERROR] b' TCP : Invalid address'
2026-03-13 10:58:55 [ERROR] b' TCP : Invalid address'
2026-03-13 10:58:56 [ERROR] b' TCP : Invalid address'
2026-03-13 10:58:56 [ERROR] b' TCP : Invalid address'
2026-03-13 10:58:57 [ERROR] b' TCP : Invalid address'
2026-03-13 10:58:57 [ERROR] b' TCP : Invalid address'
2026-03-13 10:58:58 [ERROR] b' TCP : Invalid address'
2026-03-13 10:58:58 [ERROR] b' TCP : Invalid address'
2026-03-13 10:58:59 [ERROR] b' TCP : Invalid address'
2026-03-13 10:58:59 [ERROR] b' TCP : Invalid address'
2026-03-13 10:59:00 [ERROR] b' TCP : Invalid address'
2026-03-13 10:59:00 [ERROR] b' TCP : Invalid address'
2026-03-13 10:59:01 [ERROR] b' TCP : Invalid address'
2026-03-13 10:59:01 [ERROR] b' TCP : Invalid address'
2026-03-13 10:59:02 [ERROR] b' TCP : Invalid address'
2026-03-13 10:59:02 [ERROR] b' TCP : Invalid address'
2026-03-13 10:59:03 [ERROR] b' TCP : Invalid address'
2026-03-13 10:59:03 [ERROR] b' TCP : Invalid address'
2026-03-13 10:59:04 [ERROR] b' TCP : Invalid address'
2026-03-13 10:59:04 [ERROR] b' TCP : Invalid address'
2026-03-13 10:59:05 [ERROR] b' TCP : Invalid address'
2026-03-13 10:59:05 [ERROR] b' TCP : Invalid address'
2026-03-13 10:59:06 [ERROR] b' TCP : Invalid address'
2026-03-13 10:59:06 [ERROR] b' TCP : Invalid address'
2026-03-13 10:59:07 [ERROR] b' TCP : Invalid address'
2026-03-13 10:59:08 [ERROR] b' TCP : Unreachable peer'
2026-03-13 10:59:09 [ERROR] b' TCP : Unreachable peer'
2026-03-13 10:59:21 [ERROR] b' TCP : Unreachable peer'
2026-03-13 10:59:38 [ERROR] b' TCP : Unreachable peer'
2026-03-13 10:59:41 [ERROR] b' TCP : Unreachable peer'
2026-03-13 10:59:53 [ERROR] b' TCP : Unreachable peer'
2026-03-13 11:00:07 [ERROR] b' TCP : Unreachable peer'
2026-03-13 11:00:19 [ERROR] b' ISO : An error occurred during recv TCP : Connection timed out'
2026-03-13 11:00:23 [ERROR] b' ISO : An error occurred during recv TCP : Connection timed out'
2026-03-13 11:00:32 [ERROR] b' TCP : Unreachable peer'
2026-03-13 11:00:44 [ERROR] b' TCP : Unreachable peer'
2026-03-13 11:00:48 [ERROR] b' TCP : Unreachable peer'
2026-03-13 11:00:50 [ERROR] b' TCP : Unreachable peer'
2026-03-13 11:00:58 [ERROR] b' ISO : An error occurred during recv TCP : Connection timed out'
2026-03-13 11:01:12 [ERROR] b' TCP : Unreachable peer'
2026-03-13 11:01:24 [ERROR] b' TCP : Unreachable peer'
2026-03-13 11:02:07 [ERROR] b' TCP : Unreachable peer'
2026-03-13 11:02:19 [ERROR] b' TCP : Unreachable peer'
2026-03-13 11:02:23 [ERROR] b' TCP : Unreachable peer'
2026-03-13 11:02:49 [ERROR] b' ISO : An error occurred during recv TCP : Connection timed out'
2026-03-13 11:03:14 [ERROR] b' TCP : Unreachable peer'
2026-03-13 11:03:21 [ERROR] b' TCP : Unreachable peer'
2026-03-13 11:03:36 [ERROR] b' TCP : Unreachable peer'
2026-03-13 11:03:37 [ERROR] b' TCP : Unreachable peer'
2026-03-13 11:03:50 [ERROR] b' ISO : An error occurred during recv TCP : Connection timed out'
2026-03-13 11:03:51 [ERROR] b' TCP : Unreachable peer'
2026-03-13 11:03:55 [ERROR] b' TCP : Unreachable peer'
2026-03-13 11:03:56 [ERROR] b' TCP : Unreachable peer'
2026-03-13 11:04:00 [ERROR] b' ISO : An error occurred during recv TCP : Connection timed out'
2026-03-13 11:04:00 [ERROR] b' TCP : Unreachable peer'
2026-03-13 11:04:05 [ERROR] b' TCP : Unreachable peer'
2026-03-13 11:04:09 [ERROR] b' ISO : An error occurred during recv TCP : Connection timed out'
2026-03-13 11:04:10 [ERROR] b' TCP : Unreachable peer'
2026-03-13 11:04:15 [ERROR] b' TCP : Unreachable peer'
2026-03-13 11:04:27 [ERROR] b' ISO : An error occurred during recv TCP : Connection timed out'
2026-03-13 11:04:32 [ERROR] b' TCP : Unreachable peer'
2026-03-13 11:04:32 [ERROR] b' TCP : Unreachable peer'
2026-03-13 11:04:33 [ERROR] b' TCP : Unreachable peer'
2026-03-13 11:04:37 [ERROR] b' TCP : Unreachable peer'
2026-03-13 11:04:52 [ERROR] b' TCP : Unreachable peer'
2026-03-13 11:05:03 [ERROR] b' TCP : Unreachable peer'
2026-03-13 11:05:55 [ERROR] b' TCP : Unreachable peer'
2026-03-13 11:05:57 [ERROR] b' TCP : Unreachable peer'
2026-03-13 11:06:15 [ERROR] b' TCP : Unreachable peer'
2026-03-13 11:06:17 [ERROR] b' TCP : Unreachable peer'
2026-03-13 11:06:55 [ERROR] b' TCP : Unreachable peer'
2026-03-13 11:06:56 [ERROR] b' TCP : Unreachable peer'
2026-03-13 11:07:48 [ERROR] b' TCP : Unreachable peer'
2026-03-13 11:07:54 [ERROR] b' TCP : Unreachable peer'
2026-03-13 11:08:47 [ERROR] b' TCP : Unreachable peer'
2026-03-13 11:08:52 [ERROR] b' TCP : Unreachable peer'
2026-03-13 11:09:13 [ERROR] b' TCP : Unreachable peer'
2026-03-13 11:09:20 [ERROR] b' TCP : Unreachable peer'
2026-03-13 11:09:20 [ERROR] b' TCP : Unreachable peer'
2026-03-13 11:09:22 [ERROR] b' TCP : Unreachable peer'
2026-03-13 11:10:08 [ERROR] b' TCP : Unreachable peer'
2026-03-13 11:10:11 [ERROR] b' TCP : Unreachable peer'
2026-03-13 11:10:12 [ERROR] b' TCP : Unreachable peer'
2026-03-13 11:10:36 [ERROR] b' TCP : Unreachable peer'
2026-03-13 11:11:07 [ERROR] b' TCP : Unreachable peer'
2026-03-13 11:11:18 [ERROR] b' TCP : Unreachable peer'
2026-03-13 11:11:21 [ERROR] b' TCP : Unreachable peer'
2026-03-13 11:11:38 [ERROR] b' TCP : Unreachable peer'
2026-03-13 11:11:49 [ERROR] b' TCP : Unreachable peer'
2026-03-13 11:11:55 [ERROR] b' TCP : Unreachable peer'
2026-03-13 11:12:10 [ERROR] b' TCP : Unreachable peer'
2026-03-13 11:12:15 [ERROR] b' TCP : Unreachable peer'
2026-03-13 11:12:28 [ERROR] b' TCP : Unreachable peer'
2026-03-13 11:12:59 [ERROR] b' TCP : Unreachable peer'
2026-03-13 11:13:00 [ERROR] b' TCP : Unreachable peer'
2026-03-13 11:13:02 [ERROR] b' TCP : Unreachable peer'
2026-03-13 11:13:16 [ERROR] b' TCP : Unreachable peer'
2026-03-13 11:13:16 [ERROR] b' TCP : Unreachable peer'
2026-03-13 11:13:28 [ERROR] b' TCP : Unreachable peer'
2026-03-13 11:13:29 [ERROR] b' TCP : Unreachable peer'
2026-03-13 11:13:36 [ERROR] b' TCP : Unreachable peer'
2026-03-13 11:13:37 [ERROR] b' TCP : Unreachable peer'
2026-03-13 11:13:48 [ERROR] b' TCP : Unreachable peer'
2026-03-13 11:14:01 [ERROR] b' TCP : Unreachable peer'
2026-03-13 11:14:11 [ERROR] b' TCP : Unreachable peer'
2026-03-13 11:14:25 [ERROR] b' TCP : Unreachable peer'
2026-03-13 11:14:28 [ERROR] b' TCP : Unreachable peer'
2026-03-13 11:14:30 [ERROR] b' TCP : Unreachable peer'
2026-03-13 11:14:43 [ERROR] b' TCP : Unreachable peer'
2026-03-13 11:14:54 [ERROR] b' TCP : Unreachable peer'
2026-03-13 11:15:01 [ERROR] b' TCP : Unreachable peer'
2026-03-13 11:15:02 [ERROR] b' TCP : Unreachable peer'
2026-03-13 11:15:19 [ERROR] b' TCP : Unreachable peer'
2026-03-13 11:15:25 [ERROR] b' ISO : An error occurred during recv TCP : Connection timed out'
2026-03-13 11:15:50 [ERROR] b' TCP : Unreachable peer'
2026-03-13 11:16:03 [ERROR] b' TCP : Unreachable peer'
2026-03-13 11:16:18 [ERROR] b' TCP : Unreachable peer'
2026-03-13 11:16:45 [ERROR] b' TCP : Unreachable peer'
2026-03-13 11:17:48 [ERROR] b' TCP : Unreachable peer'
2026-03-13 11:17:50 [ERROR] b' TCP : Unreachable peer'
2026-03-13 11:17:50 [ERROR] b' TCP : Unreachable peer'
2026-03-13 11:18:07 [ERROR] b' TCP : Unreachable peer'
2026-03-13 11:18:18 [ERROR] b' ISO : An error occurred during recv TCP : Connection timed out'
2026-03-13 11:19:07 [ERROR] b' TCP : Unreachable peer'
2026-03-13 11:19:07 [ERROR] b' TCP : Unreachable peer'
2026-03-13 11:19:14 [ERROR] b' ISO : An error occurred during recv TCP : Connection timed out'
2026-03-13 11:19:19 [ERROR] b' TCP : Unreachable peer'
2026-03-13 11:19:23 [ERROR] b' ISO : An error occurred during recv TCP : Connection timed out'
2026-03-13 11:19:28 [ERROR] b' TCP : Unreachable peer'
2026-03-13 11:19:28 [ERROR] b' TCP : Unreachable peer'
2026-03-13 11:19:36 [ERROR] b' TCP : Unreachable peer'
2026-03-13 11:20:01 [ERROR] b' TCP : Unreachable peer'
2026-03-13 11:20:07 [ERROR] b' TCP : Unreachable peer'
2026-03-13 11:20:08 [ERROR] b' TCP : Unreachable peer'
2026-03-13 11:20:13 [ERROR] b' ISO : An error occurred during recv TCP : Connection timed out'
2026-03-13 11:20:16 [ERROR] b' ISO : An error occurred during recv TCP : Connection timed out'
2026-03-13 11:20:17 [ERROR] b' TCP : Unreachable peer'
2026-03-13 11:20:21 [ERROR] b' TCP : Unreachable peer'
2026-03-13 11:20:22 [ERROR] b' TCP : Unreachable peer'
2026-03-13 11:20:46 [ERROR] b' TCP : Unreachable peer'
2026-03-13 11:21:10 [ERROR] b' TCP : Unreachable peer'
2026-03-13 11:21:27 [ERROR] b' TCP : Unreachable peer'
2026-03-13 11:21:37 [ERROR] b' TCP : Unreachable peer'
2026-03-13 11:21:45 [ERROR] b' TCP : Unreachable peer'
2026-03-13 11:22:12 [ERROR] b' ISO : An error occurred during recv TCP : Connection timed out'
2026-03-13 11:22:22 [ERROR] b' TCP : Unreachable peer'
2026-03-13 11:22:30 [ERROR] b' TCP : Unreachable peer'
2026-03-13 11:22:37 [ERROR] b' TCP : Unreachable peer'
2026-03-13 11:22:38 [ERROR] b' TCP : Unreachable peer'
2026-03-13 11:22:47 [ERROR] b' TCP : Unreachable peer'
2026-03-13 11:23:06 [ERROR] b' TCP : Unreachable peer'
2026-03-13 11:23:29 [ERROR] b' TCP : Unreachable peer'
2026-03-13 11:23:30 [ERROR] b' TCP : Unreachable peer'
2026-03-13 11:24:32 [ERROR] b' TCP : Unreachable peer'
2026-03-13 11:24:39 [ERROR] b' TCP : Unreachable peer'
2026-03-13 11:24:42 [ERROR] b' TCP : Unreachable peer'
2026-03-13 11:24:48 [ERROR] b' TCP : Unreachable peer'
2026-03-13 11:24:57 [ERROR] b' ISO : An error occurred during recv TCP : Connection timed out'
2026-03-13 11:25:07 [ERROR] b' TCP : Unreachable peer'
2026-03-13 11:25:09 [ERROR] b' TCP : Unreachable peer'
2026-03-13 11:25:14 [ERROR] b' TCP : Unreachable peer'
2026-03-13 11:25:32 [ERROR] b' TCP : Unreachable peer'
2026-03-13 11:26:43 [ERROR] b' TCP : Unreachable peer'
2026-03-13 11:26:53 [ERROR] b' ISO : An error occurred during recv TCP : Connection timed out'
2026-03-13 11:26:53 [ERROR] b' TCP : Unreachable peer'
2026-03-13 11:26:54 [ERROR] b' TCP : Unreachable peer'
2026-03-13 11:26:55 [ERROR] b' TCP : Unreachable peer'
2026-03-13 11:27:00 [ERROR] b' TCP : Unreachable peer'
2026-03-13 11:27:23 [ERROR] b' TCP : Unreachable peer'
2026-03-13 11:27:26 [ERROR] b' TCP : Unreachable peer'
2026-03-13 11:27:32 [ERROR] b' TCP : Unreachable peer'
2026-03-13 11:27:45 [ERROR] b' ISO : An error occurred during recv TCP : Connection timed out'
2026-03-13 11:28:01 [ERROR] b' TCP : Unreachable peer'
2026-03-13 11:28:15 [ERROR] b' TCP : Unreachable peer'
2026-03-13 11:28:27 [ERROR] b' TCP : Unreachable peer'
2026-03-13 11:28:47 [ERROR] b' ISO : An error occurred during recv TCP : Connection timed out'
2026-03-13 11:28:55 [ERROR] b' TCP : Unreachable peer'
2026-03-13 11:29:07 [ERROR] b' TCP : Unreachable peer'
2026-03-13 11:29:39 [ERROR] b' TCP : Unreachable peer'
2026-03-13 11:29:50 [ERROR] b' TCP : Unreachable peer'
2026-03-13 11:30:01 [ERROR] b' TCP : Unreachable peer'
2026-03-13 11:30:10 [ERROR] b' ISO : An error occurred during recv TCP : Connection timed out'
2026-03-13 11:30:12 [ERROR] b' TCP : Unreachable peer'
2026-03-13 11:30:21 [ERROR] b' ISO : An error occurred during recv TCP : Connection timed out'
2026-03-13 11:30:29 [ERROR] b' TCP : Unreachable peer'
2026-03-13 11:30:41 [ERROR] b' TCP : Unreachable peer'
2026-03-13 11:30:54 [ERROR] b' TCP : Unreachable peer'
2026-03-13 11:31:03 [ERROR] b' ISO : An error occurred during recv TCP : Connection timed out'
2026-03-13 11:31:25 [ERROR] b' TCP : Unreachable peer'
2026-03-13 11:31:28 [ERROR] b' TCP : Unreachable peer'
2026-03-13 11:31:36 [ERROR] b' TCP : Unreachable peer'
2026-03-13 11:31:42 [ERROR] b' ISO : An error occurred during recv TCP : Connection timed out'
2026-03-13 11:31:44 [ERROR] b' TCP : Unreachable peer'
2026-03-13 11:31:46 [ERROR] b' TCP : Unreachable peer'
2026-03-13 11:31:50 [ERROR] b' ISO : An error occurred during recv TCP : Connection timed out'
2026-03-13 11:31:56 [ERROR] b' ISO : An error occurred during recv TCP : Connection timed out'
2026-03-13 11:32:35 [ERROR] b' TCP : Unreachable peer'
2026-03-13 11:32:53 [ERROR] b' TCP : Unreachable peer'
2026-03-13 11:32:53 [ERROR] b' TCP : Unreachable peer'
2026-03-13 11:32:58 [ERROR] b' ISO : An error occurred during recv TCP : Connection timed out'
2026-03-13 11:33:15 [ERROR] b' TCP : Unreachable peer'
2026-03-13 11:33:28 [ERROR] b' TCP : Unreachable peer'
2026-03-13 11:33:35 [ERROR] b' TCP : Unreachable peer'
2026-03-13 11:33:53 [ERROR] b' TCP : Unreachable peer'
2026-03-13 11:34:03 [ERROR] b' ISO : An error occurred during recv TCP : Connection timed out'
2026-03-13 11:34:05 [ERROR] b' TCP : Unreachable peer'
2026-03-13 11:34:15 [ERROR] b' TCP : Unreachable peer'
2026-03-13 11:34:24 [ERROR] b' TCP : Unreachable peer'
2026-03-13 11:34:41 [ERROR] b' TCP : Unreachable peer'
2026-03-13 11:34:48 [ERROR] b' TCP : Unreachable peer'
2026-03-13 11:34:48 [ERROR] b' TCP : Unreachable peer'
2026-03-13 11:34:53 [ERROR] b' TCP : Unreachable peer'
2026-03-13 11:34:58 [ERROR] b' TCP : Unreachable peer'
2026-03-13 11:35:09 [ERROR] b' ISO : An error occurred during recv TCP : Connection timed out'
2026-03-13 11:35:23 [ERROR] b' TCP : Unreachable peer'
2026-03-13 11:35:35 [ERROR] b' TCP : Unreachable peer'
2026-03-13 11:35:35 [ERROR] b' TCP : Unreachable peer'
2026-03-13 11:35:38 [ERROR] b' TCP : Unreachable peer'
2026-03-13 11:36:17 [ERROR] b' TCP : Unreachable peer'
2026-03-13 11:36:18 [ERROR] b' TCP : Unreachable peer'
2026-03-13 11:36:35 [ERROR] b' TCP : Unreachable peer'
2026-03-13 11:36:53 [ERROR] b' TCP : Unreachable peer'
2026-03-13 11:37:36 [ERROR] b' TCP : Unreachable peer'
2026-03-13 11:37:44 [ERROR] b' ISO : An error occurred during recv TCP : Connection timed out'
2026-03-13 11:37:48 [ERROR] b' TCP : Unreachable peer'
2026-03-13 11:37:52 [ERROR] b' TCP : Unreachable peer'
2026-03-13 11:38:36 [ERROR] b' ISO : An error occurred during recv TCP : Connection timed out'
2026-03-13 11:38:52 [ERROR] b' TCP : Unreachable peer'
2026-03-13 11:38:58 [ERROR] b' TCP : Unreachable peer'
2026-03-13 11:39:18 [ERROR] b' TCP : Unreachable peer'
2026-03-13 11:39:20 [ERROR] b' TCP : Unreachable peer'
2026-03-13 11:39:21 [ERROR] b' TCP : Unreachable peer'
2026-03-13 11:39:41 [ERROR] b' TCP : Unreachable peer'
2026-03-13 11:39:44 [ERROR] b' TCP : Unreachable peer'
2026-03-13 11:40:02 [ERROR] b' TCP : Unreachable peer'
2026-03-13 11:40:11 [ERROR] b' TCP : Unreachable peer'
2026-03-13 11:40:20 [ERROR] b' TCP : Unreachable peer'
2026-03-13 11:40:33 [ERROR] b' TCP : Unreachable peer'
2026-03-13 11:40:37 [ERROR] b' ISO : An error occurred during recv TCP : Connection timed out'
2026-03-13 11:41:35 [ERROR] b' TCP : Unreachable peer'
2026-03-13 11:41:48 [ERROR] b' TCP : Unreachable peer'
2026-03-13 11:42:05 [ERROR] b' TCP : Unreachable peer'
2026-03-13 11:42:14 [ERROR] b' TCP : Unreachable peer'
2026-03-13 11:42:33 [ERROR] b' TCP : Unreachable peer'
2026-03-13 11:42:54 [ERROR] b' TCP : Unreachable peer'
2026-03-13 11:42:55 [ERROR] b' TCP : Unreachable peer'
2026-03-13 11:43:07 [ERROR] b' ISO : An error occurred during recv TCP : Connection timed out'
2026-03-13 11:43:08 [ERROR] b' TCP : Unreachable peer'
2026-03-13 11:43:25 [ERROR] b' ISO : An error occurred during recv TCP : Connection timed out'
2026-03-13 11:43:25 [ERROR] b' TCP : Unreachable peer'
2026-03-13 11:43:33 [ERROR] b' TCP : Unreachable peer'
2026-03-13 11:43:36 [ERROR] b' TCP : Unreachable peer'
2026-03-13 11:43:50 [ERROR] b' TCP : Unreachable peer'
2026-03-13 11:43:56 [ERROR] b' TCP : Unreachable peer'
2026-03-13 11:44:03 [ERROR] b' TCP : Unreachable peer'
2026-03-13 11:44:24 [ERROR] b' TCP : Unreachable peer'
2026-03-13 11:44:40 [ERROR] b' TCP : Unreachable peer'
2026-03-13 11:45:15 [ERROR] b' TCP : Unreachable peer'
2026-03-13 11:45:27 [ERROR] b' TCP : Unreachable peer'
2026-03-13 11:45:28 [ERROR] b' TCP : Unreachable peer'
2026-03-13 11:45:40 [ERROR] b' TCP : Unreachable peer'
2026-03-13 11:45:54 [ERROR] b' TCP : Unreachable peer'
2026-03-13 11:46:28 [ERROR] b' TCP : Unreachable peer'
2026-03-13 11:46:48 [ERROR] b' TCP : Unreachable peer'
2026-03-13 11:46:49 [ERROR] b' TCP : Unreachable peer'
2026-03-13 11:46:53 [ERROR] b' TCP : Unreachable peer'
2026-03-13 11:47:01 [ERROR] b' TCP : Unreachable peer'
2026-03-13 11:47:01 [ERROR] b' TCP : Unreachable peer'
2026-03-13 11:47:10 [ERROR] b' TCP : Unreachable peer'
2026-03-13 11:47:17 [ERROR] b' TCP : Unreachable peer'
2026-03-13 11:47:22 [ERROR] b' ISO : An error occurred during recv TCP : Connection timed out'
2026-03-13 11:48:04 [ERROR] b' TCP : Unreachable peer'
2026-03-13 11:48:15 [ERROR] b' TCP : Unreachable peer'
2026-03-13 11:49:13 [ERROR] b' TCP : Unreachable peer'
2026-03-13 11:49:26 [ERROR] b' TCP : Unreachable peer'
2026-03-13 11:50:02 [ERROR] b' TCP : Unreachable peer'
2026-03-13 11:50:48 [ERROR] b' TCP : Unreachable peer'
2026-03-13 11:51:15 [ERROR] b' TCP : Unreachable peer'
2026-03-13 11:51:37 [ERROR] b' TCP : Unreachable peer'
2026-03-13 11:51:55 [ERROR] b' TCP : Unreachable peer'
2026-03-13 11:52:30 [ERROR] b' TCP : Unreachable peer'
2026-03-13 11:53:15 [ERROR] b' TCP : Unreachable peer'
2026-03-13 11:53:27 [ERROR] b' TCP : Unreachable peer'
2026-03-13 11:53:28 [ERROR] b' TCP : Unreachable peer'
2026-03-13 11:53:29 [ERROR] b' TCP : Unreachable peer'
2026-03-13 11:53:36 [ERROR] b' TCP : Unreachable peer'
2026-03-13 11:53:36 [ERROR] b' TCP : Unreachable peer'
2026-03-13 11:53:55 [ERROR] b' TCP : Unreachable peer'
2026-03-13 11:54:19 [ERROR] b' TCP : Unreachable peer'
2026-03-13 11:54:24 [ERROR] b' ISO : An error occurred during recv TCP : Connection timed out'
2026-03-13 11:54:32 [ERROR] b' TCP : Unreachable peer'
2026-03-13 11:54:43 [ERROR] b' TCP : Unreachable peer'
2026-03-13 11:55:00 [ERROR] b' TCP : Unreachable peer'
2026-03-13 11:55:20 [ERROR] b' TCP : Unreachable peer'
2026-03-13 11:55:21 [ERROR] b' TCP : Unreachable peer'
2026-03-13 11:55:33 [ERROR] b' TCP : Unreachable peer'
2026-03-13 11:55:40 [ERROR] b' TCP : Unreachable peer'
2026-03-13 11:56:25 [ERROR] b' TCP : Unreachable peer'
2026-03-13 11:56:35 [ERROR] b' ISO : An error occurred during recv TCP : Connection timed out'
2026-03-13 11:56:42 [ERROR] b' TCP : Unreachable peer'
2026-03-13 11:57:16 [ERROR] b' TCP : Unreachable peer'
2026-03-13 11:58:06 [ERROR] b' TCP : Unreachable peer'
2026-03-13 11:58:15 [ERROR] b' TCP : Unreachable peer'
2026-03-13 11:58:29 [ERROR] b' TCP : Unreachable peer'
2026-03-13 11:59:09 [ERROR] b' TCP : Unreachable peer'
2026-03-13 11:59:32 [ERROR] b' ISO : An error occurred during recv TCP : Connection timed out'
2026-03-13 12:00:32 [ERROR] b' TCP : Unreachable peer'
2026-03-13 12:01:10 [ERROR] b' ISO : An error occurred during recv TCP : Connection timed out'
2026-03-13 12:01:10 [ERROR] b' TCP : Unreachable peer'
2026-03-13 12:01:11 [ERROR] b' TCP : Unreachable peer'
2026-03-13 12:01:55 [ERROR] b' ISO : An error occurred during recv TCP : Connection timed out'
2026-03-13 12:02:06 [ERROR] b' TCP : Unreachable peer'
2026-03-13 12:02:15 [ERROR] b' TCP : Unreachable peer'
2026-03-13 12:02:40 [ERROR] b' TCP : Unreachable peer'
2026-03-13 12:03:06 [ERROR] b' TCP : Unreachable peer'
2026-03-13 12:03:15 [ERROR] b' TCP : Unreachable peer'
2026-03-13 12:03:20 [ERROR] b' TCP : Unreachable peer'
2026-03-13 12:03:26 [ERROR] b' TCP : Unreachable peer'
2026-03-13 12:03:45 [ERROR] b' TCP : Unreachable peer'
2026-03-13 12:04:30 [ERROR] b' TCP : Unreachable peer'
2026-03-13 12:04:43 [ERROR] b' TCP : Unreachable peer'
2026-03-13 12:05:13 [ERROR] b' TCP : Unreachable peer'
2026-03-13 12:05:20 [ERROR] b' TCP : Unreachable peer'
2026-03-13 12:05:28 [ERROR] b' TCP : Unreachable peer'
2026-03-13 12:05:37 [ERROR] b' TCP : Unreachable peer'
2026-03-13 12:05:37 [ERROR] b' TCP : Unreachable peer'
2026-03-13 12:06:57 [ERROR] b' TCP : Unreachable peer'
2026-03-13 12:07:08 [ERROR] b' TCP : Unreachable peer'
2026-03-13 12:07:08 [ERROR] b' TCP : Unreachable peer'
2026-03-13 12:07:55 [ERROR] b' TCP : Unreachable peer'
2026-03-13 12:08:04 [ERROR] b' ISO : An error occurred during recv TCP : Connection timed out'
2026-03-13 12:08:17 [ERROR] b' TCP : Unreachable peer'
2026-03-13 12:08:24 [ERROR] b' ISO : An error occurred during recv TCP : Connection timed out'
2026-03-13 12:08:29 [ERROR] b' TCP : Unreachable peer'
2026-03-13 12:08:33 [ERROR] b' TCP : Unreachable peer'
2026-03-13 12:08:49 [ERROR] b' TCP : Unreachable peer'
2026-03-13 12:09:16 [ERROR] b' TCP : Unreachable peer'
2026-03-13 12:09:32 [ERROR] b' TCP : Unreachable peer'
2026-03-13 12:09:38 [ERROR] b' TCP : Unreachable peer'
2026-03-13 12:10:15 [ERROR] b' TCP : Unreachable peer'
2026-03-13 12:10:36 [ERROR] b' TCP : Unreachable peer'
2026-03-13 12:10:42 [ERROR] b' TCP : Unreachable peer'
2026-03-13 12:10:49 [ERROR] b' TCP : Unreachable peer'
2026-03-13 12:10:49 [ERROR] b' TCP : Unreachable peer'
2026-03-13 12:11:29 [ERROR] b' TCP : Unreachable peer'
2026-03-13 12:11:35 [ERROR] b' TCP : Unreachable peer'
2026-03-13 12:11:44 [ERROR] b' TCP : Unreachable peer'
2026-03-13 12:12:28 [ERROR] b' TCP : Unreachable peer'
2026-03-13 12:13:24 [ERROR] b' TCP : Unreachable peer'
2026-03-13 12:14:11 [ERROR] b' TCP : Unreachable peer'
2026-03-13 12:14:17 [ERROR] b' TCP : Unreachable peer'
2026-03-13 12:15:02 [ERROR] b' ISO : An error occurred during recv TCP : Connection timed out'
2026-03-13 12:15:09 [ERROR] b' ISO : An error occurred during recv TCP : Connection timed out'
2026-03-13 12:15:15 [ERROR] b' TCP : Unreachable peer'
2026-03-13 12:15:15 [ERROR] b' TCP : Unreachable peer'
2026-03-13 12:15:26 [ERROR] b' TCP : Unreachable peer'
2026-03-13 12:15:27 [ERROR] b' TCP : Unreachable peer'
2026-03-13 12:15:54 [ERROR] b' TCP : Unreachable peer'
2026-03-13 12:15:59 [ERROR] b' TCP : Unreachable peer'
2026-03-13 12:16:06 [ERROR] b' TCP : Unreachable peer'
2026-03-13 12:16:11 [ERROR] b' TCP : Unreachable peer'
2026-03-13 12:16:18 [ERROR] b' TCP : Unreachable peer'
2026-03-13 12:16:24 [ERROR] b' TCP : Unreachable peer'
2026-03-13 12:17:00 [ERROR] b' TCP : Unreachable peer'
2026-03-13 12:17:43 [ERROR] b' TCP : Unreachable peer'
2026-03-13 12:17:51 [ERROR] b' TCP : Unreachable peer'
2026-03-13 12:18:10 [ERROR] b' TCP : Unreachable peer'
2026-03-13 12:18:20 [ERROR] b' TCP : Unreachable peer'
2026-03-13 12:18:30 [ERROR] b' TCP : Unreachable peer'
2026-03-13 12:18:49 [ERROR] b' TCP : Unreachable peer'
2026-03-13 12:19:15 [ERROR] b' TCP : Unreachable peer'
2026-03-13 12:19:19 [ERROR] b' TCP : Unreachable peer'
2026-03-13 12:19:25 [ERROR] b' TCP : Unreachable peer'
2026-03-13 12:19:43 [ERROR] b' TCP : Unreachable peer'
2026-03-13 12:20:04 [ERROR] b' TCP : Unreachable peer'
2026-03-13 12:20:04 [ERROR] b' TCP : Unreachable peer'
2026-03-13 12:21:02 [ERROR] b' ISO : An error occurred during recv TCP : Connection timed out'
2026-03-13 12:21:07 [ERROR] b' TCP : Unreachable peer'
2026-03-13 12:21:17 [ERROR] b' TCP : Unreachable peer'
2026-03-13 12:21:41 [ERROR] b' TCP : Unreachable peer'
2026-03-13 12:22:03 [ERROR] b' TCP : Unreachable peer'
2026-03-13 12:22:04 [ERROR] b' TCP : Unreachable peer'
2026-03-13 12:22:05 [ERROR] b' TCP : Unreachable peer'
2026-03-13 12:22:07 [ERROR] b' TCP : Unreachable peer'
2026-03-13 12:22:08 [ERROR] b' TCP : Unreachable peer'
2026-03-13 12:22:30 [ERROR] b' TCP : Unreachable peer'
2026-03-13 12:22:32 [ERROR] b' TCP : Unreachable peer'
2026-03-13 12:22:39 [ERROR] b' TCP : Unreachable peer'
2026-03-13 12:22:41 [ERROR] b' TCP : Unreachable peer'
2026-03-13 12:22:45 [ERROR] b' TCP : Unreachable peer'
2026-03-13 12:23:00 [ERROR] b' TCP : Unreachable peer'
2026-03-13 12:23:15 [ERROR] b' TCP : Unreachable peer'
2026-03-13 12:24:29 [ERROR] b' ISO : An error occurred during recv TCP : Connection timed out'
2026-03-13 12:24:44 [ERROR] b' TCP : Unreachable peer'
2026-03-13 12:24:47 [ERROR] b' TCP : Unreachable peer'
2026-03-13 12:25:08 [ERROR] b' TCP : Unreachable peer'
2026-03-13 12:25:15 [ERROR] b' TCP : Unreachable peer'
2026-03-13 12:25:18 [ERROR] b' TCP : Unreachable peer'
2026-03-13 12:25:30 [ERROR] b' TCP : Unreachable peer'
2026-03-13 12:26:07 [ERROR] b' TCP : Unreachable peer'
2026-03-13 12:26:26 [ERROR] b' TCP : Unreachable peer'
2026-03-13 12:26:28 [ERROR] b' TCP : Unreachable peer'
2026-03-13 12:26:29 [ERROR] b' TCP : Unreachable peer'
2026-03-13 12:26:39 [ERROR] b' TCP : Unreachable peer'
2026-03-13 12:27:17 [ERROR] b' TCP : Unreachable peer'
2026-03-13 12:27:19 [ERROR] b' TCP : Unreachable peer'
2026-03-13 12:27:22 [ERROR] b' TCP : Unreachable peer'
2026-03-13 12:27:27 [ERROR] b' ISO : An error occurred during recv TCP : Connection timed out'
2026-03-13 12:27:28 [ERROR] b' TCP : Unreachable peer'
2026-03-13 12:27:29 [ERROR] b' TCP : Unreachable peer'
2026-03-13 12:27:38 [ERROR] b' ISO : An error occurred during recv TCP : Connection timed out'
2026-03-13 12:27:55 [ERROR] b' TCP : Unreachable peer'
2026-03-13 12:27:56 [ERROR] b' TCP : Unreachable peer'
2026-03-13 12:27:59 [ERROR] b' TCP : Unreachable peer'
2026-03-13 12:28:03 [ERROR] b' TCP : Unreachable peer'
2026-03-13 12:28:21 [ERROR] b' TCP : Unreachable peer'
2026-03-13 12:28:40 [ERROR] b' TCP : Unreachable peer'
2026-03-13 12:28:45 [ERROR] b' TCP : Unreachable peer'
2026-03-13 12:29:00 [ERROR] b' TCP : Unreachable peer'
2026-03-13 12:29:58 [ERROR] b' TCP : Unreachable peer'
2026-03-13 12:30:29 [ERROR] b' TCP : Unreachable peer'
2026-03-13 12:30:50 [ERROR] b' TCP : Unreachable peer'
2026-03-13 12:31:08 [ERROR] b' TCP : Unreachable peer'
2026-03-13 12:31:20 [ERROR] b' TCP : Unreachable peer'
2026-03-13 12:32:08 [ERROR] b' TCP : Unreachable peer'
2026-03-13 12:32:36 [ERROR] b' TCP : Unreachable peer'
2026-03-13 12:34:25 [ERROR] b' TCP : Unreachable peer'
2026-03-13 12:34:52 [ERROR] b' TCP : Unreachable peer'
2026-03-13 12:35:00 [ERROR] b' TCP : Unreachable peer'
2026-03-13 12:35:10 [ERROR] b' TCP : Unreachable peer'
2026-03-13 12:35:12 [ERROR] b' TCP : Unreachable peer'
2026-03-13 12:35:24 [ERROR] b' TCP : Unreachable peer'
2026-03-13 12:35:24 [ERROR] b' TCP : Unreachable peer'
2026-03-13 12:35:27 [ERROR] b' TCP : Unreachable peer'
2026-03-13 12:35:54 [ERROR] b' TCP : Unreachable peer'
2026-03-13 12:35:58 [ERROR] b' ISO : An error occurred during recv TCP : Connection timed out'
2026-03-13 12:35:58 [ERROR] b' TCP : Unreachable peer'
2026-03-13 12:36:15 [ERROR] b' TCP : Unreachable peer'
2026-03-13 12:36:45 [ERROR] b' TCP : Unreachable peer'
2026-03-13 12:36:56 [ERROR] b' ISO : An error occurred during recv TCP : Connection timed out'
2026-03-13 12:37:06 [ERROR] b' TCP : Unreachable peer'
2026-03-13 12:37:24 [ERROR] b' TCP : Unreachable peer'
2026-03-13 12:37:39 [ERROR] b' TCP : Unreachable peer'
2026-03-13 12:38:13 [ERROR] b' ISO : An error occurred during recv TCP : Connection timed out'
2026-03-13 12:38:22 [ERROR] b' TCP : Unreachable peer'
2026-03-13 12:38:57 [ERROR] b' TCP : Unreachable peer'
2026-03-13 12:39:24 [ERROR] b' ISO : An error occurred during recv TCP : Connection timed out'
2026-03-13 12:39:37 [ERROR] b' TCP : Unreachable peer'
2026-03-13 12:39:54 [ERROR] b' TCP : Unreachable peer'
2026-03-13 12:40:09 [ERROR] b' TCP : Unreachable peer'
2026-03-13 12:40:10 [ERROR] b' TCP : Unreachable peer'
2026-03-13 12:40:50 [ERROR] b' TCP : Unreachable peer'
2026-03-13 12:40:54 [ERROR] b' TCP : Unreachable peer'
2026-03-13 12:41:14 [ERROR] b' TCP : Unreachable peer'
2026-03-13 12:41:15 [ERROR] b' TCP : Unreachable peer'
2026-03-13 12:41:48 [ERROR] b' TCP : Unreachable peer'
2026-03-13 12:42:24 [ERROR] b' TCP : Unreachable peer'
2026-03-13 12:42:51 [ERROR] b' TCP : Unreachable peer'
2026-03-13 12:43:48 [ERROR] b' ISO : An error occurred during recv TCP : Connection timed out'
2026-03-13 12:44:21 [ERROR] b' TCP : Unreachable peer'
2026-03-13 12:44:53 [ERROR] b' TCP : Unreachable peer'
2026-03-13 12:45:21 [ERROR] b' TCP : Unreachable peer'
2026-03-13 12:45:33 [ERROR] b' TCP : Unreachable peer'
2026-03-13 12:45:42 [ERROR] b' TCP : Unreachable peer'
2026-03-13 12:45:43 [ERROR] b' TCP : Unreachable peer'
2026-03-13 12:46:45 [ERROR] b' TCP : Unreachable peer'
2026-03-13 12:46:55 [ERROR] b' TCP : Unreachable peer'
2026-03-13 12:47:15 [ERROR] b' TCP : Unreachable peer'
2026-03-13 12:47:17 [ERROR] b' TCP : Unreachable peer'
2026-03-13 12:47:18 [ERROR] b' TCP : Unreachable peer'
2026-03-13 12:47:23 [ERROR] b' TCP : Unreachable peer'
2026-03-13 12:47:36 [ERROR] b' ISO : An error occurred during recv TCP : Connection timed out'
2026-03-13 12:48:14 [ERROR] b' TCP : Unreachable peer'
2026-03-13 12:48:15 [ERROR] b' TCP : Unreachable peer'
2026-03-13 12:48:17 [ERROR] b' TCP : Unreachable peer'
2026-03-13 12:48:26 [ERROR] b' TCP : Unreachable peer'
2026-03-13 12:48:37 [ERROR] b' TCP : Unreachable peer'
2026-03-13 12:48:51 [ERROR] b' TCP : Unreachable peer'
2026-03-13 12:48:59 [ERROR] b' TCP : Unreachable peer'
2026-03-13 12:49:00 [ERROR] b' TCP : Unreachable peer'
2026-03-13 12:49:19 [ERROR] b' TCP : Unreachable peer'
2026-03-13 12:49:55 [ERROR] b' ISO : An error occurred during recv TCP : Connection timed out'
2026-03-13 12:50:00 [ERROR] b' ISO : An error occurred during recv TCP : Connection timed out'
2026-03-13 12:50:13 [ERROR] b' ISO : An error occurred during recv TCP : Connection timed out'
2026-03-13 12:50:47 [ERROR] b' TCP : Unreachable peer'
2026-03-13 12:50:51 [ERROR] b' TCP : Unreachable peer'
2026-03-13 12:51:06 [ERROR] b' TCP : Unreachable peer'
2026-03-13 12:51:09 [ERROR] b' TCP : Unreachable peer'
2026-03-13 12:51:10 [ERROR] b' TCP : Unreachable peer'
2026-03-13 12:51:24 [ERROR] b' TCP : Unreachable peer'
2026-03-13 12:51:25 [ERROR] b' TCP : Unreachable peer'
2026-03-13 12:51:28 [ERROR] b' TCP : Unreachable peer'
2026-03-13 12:51:36 [ERROR] b' TCP : Unreachable peer'
2026-03-13 12:51:38 [ERROR] b' TCP : Unreachable peer'
2026-03-13 12:51:42 [ERROR] b' TCP : Unreachable peer'
2026-03-13 12:52:15 [ERROR] b' TCP : Unreachable peer'
2026-03-13 12:52:19 [ERROR] b' TCP : Unreachable peer'
2026-03-13 12:52:24 [ERROR] b' TCP : Unreachable peer'
2026-03-13 12:52:37 [ERROR] b' ISO : An error occurred during recv TCP : Connection timed out'
2026-03-13 12:52:41 [ERROR] b' TCP : Unreachable peer'
2026-03-13 12:52:44 [ERROR] b' TCP : Unreachable peer'
2026-03-13 12:52:48 [ERROR] b' ISO : An error occurred during recv TCP : Connection timed out'
2026-03-13 12:52:54 [ERROR] b' ISO : An error occurred during recv TCP : Connection timed out'
2026-03-13 12:52:59 [ERROR] b' ISO : An error occurred during recv TCP : Connection timed out'
2026-03-13 12:53:04 [ERROR] b' TCP : Unreachable peer'
2026-03-13 12:53:08 [ERROR] b' TCP : Unreachable peer'
2026-03-13 12:53:21 [ERROR] b' TCP : Unreachable peer'
2026-03-13 12:53:45 [ERROR] b' TCP : Unreachable peer'
2026-03-13 12:54:11 [ERROR] b' TCP : Unreachable peer'
2026-03-13 12:54:17 [ERROR] b' TCP : Unreachable peer'
2026-03-13 12:54:30 [ERROR] b' TCP : Unreachable peer'
2026-03-13 12:55:30 [ERROR] b' TCP : Unreachable peer'
2026-03-13 12:55:45 [ERROR] b' TCP : Unreachable peer'
2026-03-13 12:56:06 [ERROR] b' TCP : Unreachable peer'
2026-03-13 12:56:22 [ERROR] b' TCP : Unreachable peer'
2026-03-13 12:56:27 [ERROR] b' TCP : Unreachable peer'
2026-03-13 12:56:30 [ERROR] b' TCP : Unreachable peer'
2026-03-13 12:56:30 [ERROR] b' TCP : Unreachable peer'
2026-03-13 12:56:53 [ERROR] b' ISO : An error occurred during recv TCP : Connection timed out'
2026-03-13 12:57:04 [ERROR] b' ISO : An error occurred during recv TCP : Connection timed out'
2026-03-13 12:57:04 [ERROR] b' TCP : Unreachable peer'
2026-03-13 12:57:05 [ERROR] b' TCP : Unreachable peer'
2026-03-13 12:57:10 [ERROR] b' TCP : Unreachable peer'
2026-03-13 12:57:11 [ERROR] b' TCP : Unreachable peer'
2026-03-13 12:57:11 [ERROR] b' TCP : Unreachable peer'
2026-03-13 12:57:12 [ERROR] b' TCP : Unreachable peer'
2026-03-13 12:57:12 [ERROR] b' TCP : Unreachable peer'
2026-03-13 12:57:14 [ERROR] b' TCP : Unreachable peer'
2026-03-13 12:57:16 [ERROR] b' TCP : Unreachable peer'
2026-03-13 12:57:17 [ERROR] b' TCP : Unreachable peer'
2026-03-13 12:57:26 [ERROR] b' TCP : Unreachable peer'
2026-03-13 12:57:26 [ERROR] b' TCP : Unreachable peer'
2026-03-13 12:57:28 [ERROR] b' TCP : Unreachable peer'
2026-03-13 12:57:33 [ERROR] b' TCP : Unreachable peer'
2026-03-13 12:57:34 [ERROR] b' TCP : Unreachable peer'
2026-03-13 12:57:37 [ERROR] b' TCP : Unreachable peer'
2026-03-13 12:57:39 [ERROR] b' TCP : Unreachable peer'
2026-03-13 12:57:54 [ERROR] b' TCP : Unreachable peer'
2026-03-13 12:57:58 [ERROR] b' TCP : Unreachable peer'
2026-03-13 12:58:02 [ERROR] b' TCP : Unreachable peer'
2026-03-13 12:58:03 [ERROR] b' TCP : Unreachable peer'
2026-03-13 12:58:09 [ERROR] b' ISO : An error occurred during recv TCP : Connection timed out'
2026-03-13 12:58:17 [ERROR] b' TCP : Unreachable peer'
2026-03-13 12:58:19 [ERROR] b' TCP : Unreachable peer'
2026-03-13 12:58:22 [ERROR] b' TCP : Unreachable peer'
2026-03-13 12:58:22 [ERROR] b' TCP : Unreachable peer'
2026-03-13 12:58:23 [ERROR] b' TCP : Unreachable peer'
2026-03-13 12:58:33 [ERROR] b' TCP : Unreachable peer'
2026-03-13 12:58:55 [ERROR] b' TCP : Unreachable peer'
2026-03-13 13:02:40 [ERROR] b' TCP : Unreachable peer'
2026-03-13 13:02:40 [ERROR] b' TCP : Unreachable peer'
2026-03-13 13:02:41 [ERROR] b' TCP : Unreachable peer'
2026-03-13 13:02:41 [ERROR] b' TCP : Unreachable peer'
2026-03-13 13:02:42 [ERROR] b' TCP : Unreachable peer'
2026-03-13 13:02:43 [ERROR] b' TCP : Unreachable peer'
2026-03-13 13:02:43 [ERROR] b' TCP : Unreachable peer'
2026-03-13 13:02:44 [ERROR] b' TCP : Unreachable peer'
2026-03-13 13:02:44 [ERROR] b' TCP : Unreachable peer'
2026-03-13 13:02:45 [ERROR] b' TCP : Unreachable peer'
2026-03-13 13:02:45 [ERROR] b' TCP : Unreachable peer'
2026-03-13 13:02:46 [ERROR] b' TCP : Unreachable peer'
2026-03-13 13:02:46 [ERROR] b' TCP : Unreachable peer'
2026-03-13 13:02:47 [ERROR] b' TCP : Unreachable peer'
2026-03-13 13:02:47 [ERROR] b' TCP : Unreachable peer'
2026-03-13 13:02:48 [ERROR] b' TCP : Unreachable peer'
2026-03-13 13:02:48 [ERROR] b' TCP : Unreachable peer'
2026-03-13 13:02:49 [ERROR] b' TCP : Unreachable peer'
2026-03-13 13:02:49 [ERROR] b' TCP : Unreachable peer'
2026-03-13 13:02:50 [ERROR] b' TCP : Unreachable peer'
2026-03-13 13:02:50 [ERROR] b' TCP : Unreachable peer'
2026-03-13 13:02:51 [ERROR] b' TCP : Unreachable peer'
2026-03-13 13:02:51 [ERROR] b' TCP : Unreachable peer'
2026-03-13 13:02:52 [ERROR] b' TCP : Unreachable peer'
2026-03-13 13:02:52 [ERROR] b' TCP : Unreachable peer'
2026-03-13 13:02:53 [ERROR] b' TCP : Unreachable peer'
2026-03-13 13:02:53 [ERROR] b' TCP : Unreachable peer'
2026-03-13 13:02:54 [ERROR] b' TCP : Unreachable peer'
2026-03-13 13:02:54 [ERROR] b' TCP : Unreachable peer'
2026-03-13 13:02:55 [ERROR] b' TCP : Unreachable peer'
2026-03-13 13:02:55 [ERROR] b' TCP : Unreachable peer'
2026-03-13 13:02:56 [ERROR] b' TCP : Unreachable peer'
2026-03-13 13:02:56 [ERROR] b' TCP : Unreachable peer'
2026-03-13 13:02:57 [ERROR] b' TCP : Unreachable peer'
2026-03-13 13:02:57 [ERROR] b' TCP : Unreachable peer'
2026-03-13 13:02:58 [ERROR] b' TCP : Unreachable peer'
2026-03-13 13:02:58 [ERROR] b' TCP : Unreachable peer'
2026-03-13 13:02:59 [ERROR] b' TCP : Unreachable peer'
2026-03-13 13:02:59 [ERROR] b' TCP : Unreachable peer'
2026-03-13 13:03:00 [ERROR] b' TCP : Unreachable peer'
2026-03-13 13:03:00 [ERROR] b' TCP : Unreachable peer'
2026-03-13 13:03:01 [ERROR] b' TCP : Unreachable peer'
2026-03-13 13:03:02 [ERROR] b' TCP : Unreachable peer'
2026-03-13 13:03:02 [ERROR] b' TCP : Unreachable peer'
2026-03-13 13:03:03 [ERROR] b' TCP : Unreachable peer'
2026-03-13 13:03:03 [ERROR] b' TCP : Unreachable peer'
2026-03-13 13:03:04 [ERROR] b' TCP : Unreachable peer'
2026-03-13 13:03:04 [ERROR] b' TCP : Unreachable peer'
2026-03-13 13:03:05 [ERROR] b' TCP : Unreachable peer'
2026-03-13 13:03:05 [ERROR] b' TCP : Unreachable peer'
2026-03-13 13:03:06 [ERROR] b' TCP : Unreachable peer'
2026-03-13 13:03:06 [ERROR] b' TCP : Unreachable peer'
2026-03-13 13:03:07 [ERROR] b' TCP : Unreachable peer'
2026-03-13 13:03:07 [ERROR] b' TCP : Unreachable peer'
2026-03-13 13:03:08 [ERROR] b' TCP : Unreachable peer'
2026-03-13 13:03:08 [ERROR] b' TCP : Unreachable peer'
2026-03-13 13:03:09 [ERROR] b' TCP : Unreachable peer'
2026-03-13 13:03:09 [ERROR] b' TCP : Unreachable peer'
2026-03-13 13:03:10 [ERROR] b' TCP : Unreachable peer'
2026-03-13 13:03:10 [ERROR] b' TCP : Unreachable peer'
2026-03-13 13:03:11 [ERROR] b' TCP : Unreachable peer'
2026-03-13 13:03:11 [ERROR] b' TCP : Unreachable peer'
2026-03-13 13:03:12 [ERROR] b' TCP : Unreachable peer'
2026-03-13 13:03:12 [ERROR] b' TCP : Unreachable peer'
2026-03-13 13:03:13 [ERROR] b' TCP : Unreachable peer'
2026-03-13 13:03:13 [ERROR] b' TCP : Unreachable peer'
2026-03-13 13:03:14 [ERROR] b' TCP : Unreachable peer'
2026-03-13 13:03:14 [ERROR] b' TCP : Unreachable peer'
2026-03-13 13:03:15 [ERROR] b' TCP : Unreachable peer'
2026-03-13 13:03:15 [ERROR] b' TCP : Unreachable peer'
2026-03-13 13:03:16 [ERROR] b' TCP : Unreachable peer'
2026-03-13 13:03:16 [ERROR] b' TCP : Unreachable peer'
2026-03-13 13:03:17 [ERROR] b' TCP : Unreachable peer'
2026-03-13 13:03:17 [ERROR] b' TCP : Unreachable peer'
2026-03-13 13:03:18 [ERROR] b' TCP : Unreachable peer'
2026-03-13 13:03:18 [ERROR] b' TCP : Unreachable peer'
2026-03-13 13:03:19 [ERROR] b' TCP : Unreachable peer'
2026-03-13 13:03:19 [ERROR] b' TCP : Unreachable peer'
2026-03-13 13:03:20 [ERROR] b' TCP : Unreachable peer'
2026-03-13 13:03:20 [ERROR] b' TCP : Unreachable peer'
2026-03-13 13:03:21 [ERROR] b' TCP : Unreachable peer'
2026-03-13 13:03:21 [ERROR] b' TCP : Unreachable peer'
2026-03-13 13:03:22 [ERROR] b' TCP : Unreachable peer'
2026-03-13 13:03:23 [ERROR] b' TCP : Unreachable peer'
2026-03-13 13:03:23 [ERROR] b' TCP : Unreachable peer'
2026-03-13 13:03:24 [ERROR] b' TCP : Unreachable peer'
2026-03-13 13:03:24 [ERROR] b' TCP : Unreachable peer'
2026-03-13 13:03:25 [ERROR] b' TCP : Unreachable peer'
2026-03-13 13:03:25 [ERROR] b' TCP : Unreachable peer'
2026-03-13 13:03:26 [ERROR] b' TCP : Unreachable peer'
2026-03-13 13:03:26 [ERROR] b' TCP : Unreachable peer'
2026-03-13 13:03:27 [ERROR] b' TCP : Unreachable peer'
2026-03-13 13:03:27 [ERROR] b' TCP : Unreachable peer'
2026-03-13 13:03:28 [ERROR] b' TCP : Unreachable peer'
2026-03-13 13:03:28 [ERROR] b' TCP : Unreachable peer'
2026-03-13 13:03:29 [ERROR] b' TCP : Unreachable peer'
2026-03-13 13:03:29 [ERROR] b' TCP : Unreachable peer'
2026-03-13 13:03:30 [ERROR] b' TCP : Unreachable peer'
2026-03-13 13:03:30 [ERROR] b' TCP : Unreachable peer'
2026-03-13 13:03:31 [ERROR] b' TCP : Unreachable peer'
2026-03-13 13:03:31 [ERROR] b' TCP : Unreachable peer'
2026-03-13 13:03:32 [ERROR] b' TCP : Unreachable peer'
2026-03-13 13:03:32 [ERROR] b' TCP : Unreachable peer'
2026-03-13 13:03:33 [ERROR] b' TCP : Unreachable peer'
2026-03-13 13:03:33 [ERROR] b' TCP : Unreachable peer'
2026-03-13 13:03:34 [ERROR] b' TCP : Unreachable peer'
2026-03-13 13:03:34 [ERROR] b' TCP : Unreachable peer'
2026-03-13 13:03:35 [ERROR] b' TCP : Unreachable peer'
2026-03-13 13:03:35 [ERROR] b' TCP : Unreachable peer'
2026-03-13 13:03:36 [ERROR] b' TCP : Unreachable peer'
2026-03-13 13:03:36 [ERROR] b' TCP : Unreachable peer'
2026-03-13 13:03:37 [ERROR] b' TCP : Unreachable peer'
2026-03-13 13:03:37 [ERROR] b' TCP : Unreachable peer'
2026-03-13 13:03:38 [ERROR] b' TCP : Unreachable peer'
2026-03-13 13:03:38 [ERROR] b' TCP : Unreachable peer'
2026-03-13 13:03:39 [ERROR] b' TCP : Unreachable peer'
2026-03-13 13:03:39 [ERROR] b' TCP : Unreachable peer'
2026-03-13 13:03:40 [ERROR] b' TCP : Unreachable peer'
2026-03-13 13:03:41 [ERROR] b' TCP : Unreachable peer'
2026-03-13 13:03:41 [ERROR] b' TCP : Unreachable peer'
2026-03-13 13:03:42 [ERROR] b' TCP : Unreachable peer'
2026-03-13 13:03:42 [ERROR] b' TCP : Unreachable peer'
2026-03-13 13:03:43 [ERROR] b' TCP : Unreachable peer'
2026-03-13 13:03:43 [ERROR] b' TCP : Unreachable peer'
2026-03-13 13:03:44 [ERROR] b' TCP : Unreachable peer'
2026-03-13 13:03:44 [ERROR] b' TCP : Unreachable peer'
2026-03-13 13:03:45 [ERROR] b' TCP : Unreachable peer'
2026-03-13 13:03:45 [ERROR] b' TCP : Unreachable peer'
2026-03-13 13:03:46 [ERROR] b' TCP : Unreachable peer'
2026-03-13 13:03:46 [ERROR] b' TCP : Unreachable peer'
2026-03-13 13:03:47 [ERROR] b' TCP : Unreachable peer'
2026-03-13 13:03:47 [ERROR] b' TCP : Unreachable peer'
2026-03-13 13:03:48 [ERROR] b' TCP : Unreachable peer'
2026-03-13 13:03:48 [ERROR] b' TCP : Unreachable peer'
2026-03-13 13:03:49 [ERROR] b' TCP : Unreachable peer'
2026-03-13 13:03:49 [ERROR] b' TCP : Unreachable peer'
2026-03-13 13:03:50 [ERROR] b' TCP : Unreachable peer'
2026-03-13 13:03:50 [ERROR] b' TCP : Unreachable peer'
2026-03-13 13:03:51 [ERROR] b' TCP : Unreachable peer'
2026-03-13 13:03:51 [ERROR] b' TCP : Unreachable peer'
2026-03-13 13:03:52 [ERROR] b' TCP : Unreachable peer'
2026-03-13 13:03:52 [ERROR] b' TCP : Unreachable peer'
2026-03-13 13:03:53 [ERROR] b' TCP : Unreachable peer'
2026-03-13 13:03:53 [ERROR] b' TCP : Unreachable peer'
2026-03-13 13:03:54 [ERROR] b' TCP : Unreachable peer'
2026-03-13 13:03:54 [ERROR] b' TCP : Unreachable peer'
2026-03-13 13:03:55 [ERROR] b' TCP : Unreachable peer'
2026-03-13 13:03:55 [ERROR] b' TCP : Unreachable peer'
2026-03-13 13:03:56 [ERROR] b' TCP : Unreachable peer'
2026-03-13 13:03:56 [ERROR] b' TCP : Unreachable peer'
2026-03-13 13:03:57 [ERROR] b' TCP : Unreachable peer'
2026-03-13 13:03:57 [ERROR] b' TCP : Unreachable peer'
2026-03-13 13:03:58 [ERROR] b' TCP : Unreachable peer'
2026-03-13 13:03:58 [ERROR] b' TCP : Unreachable peer'
2026-03-13 13:03:59 [ERROR] b' TCP : Unreachable peer'
2026-03-13 13:03:59 [ERROR] b' TCP : Unreachable peer'
2026-03-13 13:04:00 [ERROR] b' TCP : Unreachable peer'
2026-03-13 13:04:00 [ERROR] b' TCP : Unreachable peer'
2026-03-13 13:04:01 [ERROR] b' TCP : Unreachable peer'
2026-03-13 13:04:01 [ERROR] b' TCP : Unreachable peer'
2026-03-13 13:04:02 [ERROR] b' TCP : Unreachable peer'
2026-03-13 13:04:03 [ERROR] b' TCP : Unreachable peer'
2026-03-13 13:04:03 [ERROR] b' TCP : Unreachable peer'
2026-03-13 13:04:04 [ERROR] b' TCP : Unreachable peer'
2026-03-13 13:04:04 [ERROR] b' TCP : Unreachable peer'
2026-03-13 13:04:05 [ERROR] b' TCP : Unreachable peer'
2026-03-13 13:04:05 [ERROR] b' TCP : Unreachable peer'
2026-03-13 13:04:06 [ERROR] b' TCP : Unreachable peer'
2026-03-13 13:04:06 [ERROR] b' TCP : Unreachable peer'
2026-03-13 13:04:07 [ERROR] b' TCP : Unreachable peer'
2026-03-13 13:04:07 [ERROR] b' TCP : Unreachable peer'
2026-03-13 13:04:08 [ERROR] b' TCP : Unreachable peer'
2026-03-13 13:04:08 [ERROR] b' TCP : Unreachable peer'
2026-03-13 13:04:09 [ERROR] b' TCP : Unreachable peer'
2026-03-13 13:04:09 [ERROR] b' TCP : Unreachable peer'
2026-03-13 13:04:10 [ERROR] b' TCP : Unreachable peer'
2026-03-13 13:04:10 [ERROR] b' TCP : Unreachable peer'
2026-03-13 13:04:11 [ERROR] b' TCP : Unreachable peer'
2026-03-13 13:04:11 [ERROR] b' TCP : Unreachable peer'
2026-03-13 13:04:12 [ERROR] b' TCP : Unreachable peer'
2026-03-13 13:04:12 [ERROR] b' TCP : Unreachable peer'
2026-03-13 13:04:13 [ERROR] b' TCP : Unreachable peer'
2026-03-13 13:04:13 [ERROR] b' TCP : Unreachable peer'
2026-03-13 13:04:14 [ERROR] b' TCP : Unreachable peer'
2026-03-13 13:04:14 [ERROR] b' TCP : Unreachable peer'
2026-03-13 13:04:15 [ERROR] b' TCP : Unreachable peer'
2026-03-13 13:04:15 [ERROR] b' TCP : Unreachable peer'
2026-03-13 13:04:16 [ERROR] b' TCP : Unreachable peer'
2026-03-13 13:04:17 [ERROR] b' TCP : Unreachable peer'
2026-03-13 13:04:17 [ERROR] b' TCP : Unreachable peer'
2026-03-13 13:04:18 [ERROR] b' TCP : Unreachable peer'
2026-03-13 13:04:18 [ERROR] b' TCP : Unreachable peer'
2026-03-13 13:04:19 [ERROR] b' TCP : Unreachable peer'
2026-03-13 13:04:19 [ERROR] b' TCP : Unreachable peer'
2026-03-13 13:04:20 [ERROR] b' TCP : Unreachable peer'
2026-03-13 13:04:20 [ERROR] b' TCP : Unreachable peer'
2026-03-13 13:04:21 [ERROR] b' TCP : Unreachable peer'
2026-03-13 13:04:21 [ERROR] b' TCP : Unreachable peer'
2026-03-13 13:04:22 [ERROR] b' TCP : Unreachable peer'
2026-03-13 13:04:22 [ERROR] b' TCP : Unreachable peer'
2026-03-13 13:04:23 [ERROR] b' TCP : Unreachable peer'
2026-03-13 13:04:23 [ERROR] b' TCP : Unreachable peer'
2026-03-13 13:04:24 [ERROR] b' TCP : Unreachable peer'
2026-03-13 13:04:24 [ERROR] b' TCP : Unreachable peer'
2026-03-13 13:04:25 [ERROR] b' TCP : Unreachable peer'
2026-03-13 13:04:25 [ERROR] b' TCP : Unreachable peer'
2026-03-13 13:04:26 [ERROR] b' TCP : Unreachable peer'
2026-03-13 13:04:26 [ERROR] b' TCP : Unreachable peer'
2026-03-13 13:04:27 [ERROR] b' TCP : Unreachable peer'
2026-03-13 13:04:27 [ERROR] b' TCP : Unreachable peer'
2026-03-13 13:04:28 [ERROR] b' TCP : Unreachable peer'
2026-03-13 13:04:28 [ERROR] b' TCP : Unreachable peer'
2026-03-13 13:04:29 [ERROR] b' TCP : Unreachable peer'
2026-03-13 13:04:29 [ERROR] b' TCP : Unreachable peer'
2026-03-13 13:04:30 [ERROR] b' TCP : Unreachable peer'
2026-03-13 13:04:30 [ERROR] b' TCP : Unreachable peer'
2026-03-13 13:04:31 [ERROR] b' TCP : Unreachable peer'
2026-03-13 13:04:31 [ERROR] b' TCP : Unreachable peer'
2026-03-13 13:04:32 [ERROR] b' TCP : Unreachable peer'
2026-03-13 13:04:32 [ERROR] b' TCP : Unreachable peer'
2026-03-13 13:04:33 [ERROR] b' TCP : Unreachable peer'
2026-03-13 13:04:33 [ERROR] b' TCP : Unreachable peer'
2026-03-13 13:04:34 [ERROR] b' TCP : Unreachable peer'
2026-03-13 13:04:34 [ERROR] b' TCP : Unreachable peer'
2026-03-13 13:04:35 [ERROR] b' TCP : Unreachable peer'
2026-03-13 13:04:35 [ERROR] b' TCP : Unreachable peer'
2026-03-13 13:04:36 [ERROR] b' TCP : Unreachable peer'
2026-03-13 13:04:36 [ERROR] b' TCP : Unreachable peer'
2026-03-13 13:04:37 [ERROR] b' TCP : Unreachable peer'
2026-03-13 13:04:37 [ERROR] b' TCP : Unreachable peer'
2026-03-13 13:04:38 [ERROR] b' TCP : Unreachable peer'
2026-03-13 13:04:38 [ERROR] b' TCP : Unreachable peer'
2026-03-13 13:04:39 [ERROR] b' TCP : Unreachable peer'
2026-03-13 13:04:40 [ERROR] b' TCP : Unreachable peer'
2026-03-13 13:04:40 [ERROR] b' TCP : Unreachable peer'
2026-03-13 13:04:41 [ERROR] b' TCP : Unreachable peer'
2026-03-13 13:04:41 [ERROR] b' TCP : Unreachable peer'
2026-03-13 13:04:42 [ERROR] b' TCP : Unreachable peer'
2026-03-13 13:04:42 [ERROR] b' TCP : Unreachable peer'
2026-03-13 13:04:43 [ERROR] b' TCP : Unreachable peer'
2026-03-13 13:04:43 [ERROR] b' TCP : Unreachable peer'
2026-03-13 13:04:44 [ERROR] b' TCP : Unreachable peer'
2026-03-13 13:04:44 [ERROR] b' TCP : Unreachable peer'
2026-03-13 13:04:45 [ERROR] b' TCP : Unreachable peer'
2026-03-13 13:04:45 [ERROR] b' TCP : Unreachable peer'
2026-03-13 13:04:46 [ERROR] b' TCP : Unreachable peer'
2026-03-13 13:04:46 [ERROR] b' TCP : Unreachable peer'
2026-03-13 13:04:47 [ERROR] b' TCP : Unreachable peer'
2026-03-13 13:04:47 [ERROR] b' TCP : Unreachable peer'
2026-03-13 13:04:48 [ERROR] b' TCP : Unreachable peer'
2026-03-13 13:04:48 [ERROR] b' TCP : Unreachable peer'
2026-03-13 13:04:49 [ERROR] b' TCP : Unreachable peer'
2026-03-13 13:04:49 [ERROR] b' TCP : Unreachable peer'
2026-03-13 13:04:50 [ERROR] b' TCP : Unreachable peer'
2026-03-13 13:04:50 [ERROR] b' TCP : Unreachable peer'
2026-03-13 13:04:51 [ERROR] b' TCP : Unreachable peer'
2026-03-13 13:04:51 [ERROR] b' TCP : Unreachable peer'
2026-03-13 13:04:52 [ERROR] b' TCP : Unreachable peer'
2026-03-13 13:04:52 [ERROR] b' TCP : Unreachable peer'
2026-03-13 13:04:53 [ERROR] b' TCP : Unreachable peer'
2026-03-13 13:04:53 [ERROR] b' TCP : Unreachable peer'
2026-03-13 13:04:54 [ERROR] b' TCP : Unreachable peer'
2026-03-13 13:04:54 [ERROR] b' TCP : Unreachable peer'
2026-03-13 13:04:55 [ERROR] b' TCP : Unreachable peer'
2026-03-13 13:04:55 [ERROR] b' TCP : Unreachable peer'
2026-03-13 13:04:56 [ERROR] b' TCP : Unreachable peer'
2026-03-13 13:04:56 [ERROR] b' TCP : Unreachable peer'
2026-03-13 13:04:57 [ERROR] b' TCP : Unreachable peer'
2026-03-13 13:04:58 [ERROR] b' TCP : Unreachable peer'
2026-03-13 13:04:58 [ERROR] b' TCP : Unreachable peer'
2026-03-13 13:04:59 [ERROR] b' TCP : Unreachable peer'
2026-03-13 13:04:59 [ERROR] b' TCP : Unreachable peer'
2026-03-13 13:05:00 [ERROR] b' TCP : Unreachable peer'
2026-03-13 13:05:00 [ERROR] b' TCP : Unreachable peer'
2026-03-13 13:05:01 [ERROR] b' TCP : Unreachable peer'
2026-03-13 13:05:01 [ERROR] b' TCP : Unreachable peer'
2026-03-13 13:05:02 [ERROR] b' TCP : Unreachable peer'
2026-03-13 13:05:02 [ERROR] b' TCP : Unreachable peer'
2026-03-13 13:05:03 [ERROR] b' TCP : Unreachable peer'
2026-03-13 13:05:03 [ERROR] b' TCP : Unreachable peer'
2026-03-13 13:05:04 [ERROR] b' TCP : Unreachable peer'
2026-03-13 13:05:04 [ERROR] b' TCP : Unreachable peer'
2026-03-13 13:05:05 [ERROR] b' TCP : Unreachable peer'
2026-03-13 13:05:05 [ERROR] b' TCP : Unreachable peer'
2026-03-13 13:05:06 [ERROR] b' TCP : Unreachable peer'
2026-03-13 13:05:06 [ERROR] b' TCP : Unreachable peer'
2026-03-13 13:05:07 [ERROR] b' TCP : Unreachable peer'
2026-03-13 13:05:07 [ERROR] b' TCP : Unreachable peer'
2026-03-13 13:05:08 [ERROR] b' TCP : Unreachable peer'
2026-03-13 13:05:08 [ERROR] b' TCP : Unreachable peer'
2026-03-13 13:05:09 [ERROR] b' TCP : Unreachable peer'
2026-03-13 13:05:09 [ERROR] b' TCP : Unreachable peer'
2026-03-13 13:05:10 [ERROR] b' TCP : Unreachable peer'
2026-03-13 13:05:10 [ERROR] b' TCP : Unreachable peer'
2026-03-13 13:05:11 [ERROR] b' TCP : Unreachable peer'
2026-03-13 13:05:11 [ERROR] b' TCP : Unreachable peer'
2026-03-13 13:05:12 [ERROR] b' TCP : Unreachable peer'
2026-03-13 13:05:12 [ERROR] b' TCP : Unreachable peer'
2026-03-13 13:05:13 [ERROR] b' TCP : Unreachable peer'
2026-03-13 13:05:13 [ERROR] b' TCP : Unreachable peer'
2026-03-13 13:05:14 [ERROR] b' TCP : Unreachable peer'
2026-03-13 13:05:14 [ERROR] b' TCP : Unreachable peer'
2026-03-13 13:05:15 [ERROR] b' TCP : Unreachable peer'
2026-03-13 13:05:15 [ERROR] b' TCP : Unreachable peer'
2026-03-13 13:05:16 [ERROR] b' TCP : Unreachable peer'
2026-03-13 13:05:17 [ERROR] b' TCP : Unreachable peer'
2026-03-13 13:05:17 [ERROR] b' TCP : Unreachable peer'
2026-03-13 13:05:18 [ERROR] b' TCP : Unreachable peer'
2026-03-13 13:05:18 [ERROR] b' TCP : Unreachable peer'
2026-03-13 13:05:19 [ERROR] b' TCP : Unreachable peer'
2026-03-13 13:05:19 [ERROR] b' TCP : Unreachable peer'
2026-03-13 13:05:20 [ERROR] b' TCP : Unreachable peer'
2026-03-13 13:05:20 [ERROR] b' TCP : Unreachable peer'
2026-03-13 13:05:21 [ERROR] b' TCP : Unreachable peer'
2026-03-13 13:05:21 [ERROR] b' TCP : Unreachable peer'
2026-03-13 13:05:22 [ERROR] b' TCP : Unreachable peer'
2026-03-13 13:05:22 [ERROR] b' TCP : Unreachable peer'
2026-03-13 13:05:23 [ERROR] b' TCP : Unreachable peer'
2026-03-13 13:05:23 [ERROR] b' TCP : Unreachable peer'
2026-03-13 13:05:24 [ERROR] b' TCP : Unreachable peer'
2026-03-13 13:05:24 [ERROR] b' TCP : Unreachable peer'
2026-03-13 13:05:25 [ERROR] b' TCP : Unreachable peer'
2026-03-13 13:05:25 [ERROR] b' TCP : Unreachable peer'
2026-03-13 13:05:26 [ERROR] b' TCP : Unreachable peer'
2026-03-13 13:05:26 [ERROR] b' TCP : Unreachable peer'
2026-03-13 13:05:27 [ERROR] b' TCP : Unreachable peer'
2026-03-13 13:05:27 [ERROR] b' TCP : Unreachable peer'
2026-03-13 13:05:28 [ERROR] b' TCP : Unreachable peer'
2026-03-13 13:05:28 [ERROR] b' TCP : Unreachable peer'
2026-03-13 13:05:29 [ERROR] b' TCP : Unreachable peer'
2026-03-13 13:05:29 [ERROR] b' TCP : Unreachable peer'
2026-03-13 13:05:30 [ERROR] b' TCP : Unreachable peer'
2026-03-13 13:05:30 [ERROR] b' TCP : Unreachable peer'
2026-03-13 13:05:31 [ERROR] b' TCP : Unreachable peer'
2026-03-13 13:05:31 [ERROR] b' TCP : Unreachable peer'
2026-03-13 13:05:32 [ERROR] b' TCP : Unreachable peer'
2026-03-13 13:05:32 [ERROR] b' TCP : Unreachable peer'
2026-03-13 13:05:33 [ERROR] b' TCP : Unreachable peer'
2026-03-13 13:05:33 [ERROR] b' TCP : Unreachable peer'
2026-03-13 13:05:34 [ERROR] b' TCP : Unreachable peer'
2026-03-13 13:05:34 [ERROR] b' TCP : Unreachable peer'
2026-03-13 13:05:35 [ERROR] b' TCP : Unreachable peer'
2026-03-13 13:05:35 [ERROR] b' TCP : Unreachable peer'
2026-03-13 13:05:36 [ERROR] b' TCP : Unreachable peer'
2026-03-13 13:05:36 [ERROR] b' TCP : Unreachable peer'
2026-03-13 13:05:37 [ERROR] b' TCP : Unreachable peer'
2026-03-13 13:05:38 [ERROR] b' TCP : Unreachable peer'
2026-03-13 13:05:38 [ERROR] b' TCP : Unreachable peer'
2026-03-13 13:05:39 [ERROR] b' TCP : Unreachable peer'
2026-03-13 13:05:39 [ERROR] b' TCP : Unreachable peer'
2026-03-13 13:05:40 [ERROR] b' TCP : Unreachable peer'
2026-03-13 13:05:40 [ERROR] b' TCP : Unreachable peer'
2026-03-13 13:05:41 [ERROR] b' TCP : Unreachable peer'
2026-03-13 13:05:41 [ERROR] b' TCP : Unreachable peer'
2026-03-13 13:05:42 [ERROR] b' TCP : Unreachable peer'
2026-03-13 13:05:42 [ERROR] b' TCP : Unreachable peer'
2026-03-13 13:05:43 [ERROR] b' TCP : Unreachable peer'
2026-03-13 13:05:43 [ERROR] b' TCP : Unreachable peer'
2026-03-13 13:05:44 [ERROR] b' TCP : Unreachable peer'
2026-03-13 13:05:44 [ERROR] b' TCP : Unreachable peer'
2026-03-13 13:05:45 [ERROR] b' TCP : Unreachable peer'
2026-03-13 13:05:45 [ERROR] b' TCP : Unreachable peer'
2026-03-13 13:05:46 [ERROR] b' TCP : Unreachable peer'
2026-03-13 13:05:46 [ERROR] b' TCP : Unreachable peer'
2026-03-13 13:05:47 [ERROR] b' TCP : Unreachable peer'
2026-03-13 13:05:47 [ERROR] b' TCP : Unreachable peer'
2026-03-13 13:05:48 [ERROR] b' TCP : Unreachable peer'
2026-03-13 13:05:48 [ERROR] b' TCP : Unreachable peer'
2026-03-13 13:05:49 [ERROR] b' TCP : Unreachable peer'
2026-03-13 13:05:49 [ERROR] b' TCP : Unreachable peer'
2026-03-13 13:05:50 [ERROR] b' TCP : Unreachable peer'
2026-03-13 13:05:50 [ERROR] b' TCP : Unreachable peer'
2026-03-13 13:05:51 [ERROR] b' TCP : Unreachable peer'
2026-03-13 13:05:51 [ERROR] b' TCP : Unreachable peer'
2026-03-13 13:05:52 [ERROR] b' TCP : Unreachable peer'
2026-03-13 13:05:52 [ERROR] b' TCP : Unreachable peer'
2026-03-13 13:05:53 [ERROR] b' TCP : Unreachable peer'
2026-03-13 13:05:53 [ERROR] b' TCP : Unreachable peer'
2026-03-13 13:05:54 [ERROR] b' TCP : Unreachable peer'
2026-03-13 13:05:54 [ERROR] b' TCP : Unreachable peer'
2026-03-13 13:05:55 [ERROR] b' TCP : Unreachable peer'
2026-03-13 13:05:55 [ERROR] b' TCP : Unreachable peer'
2026-03-13 13:05:56 [ERROR] b' TCP : Unreachable peer'
2026-03-13 13:05:56 [ERROR] b' TCP : Unreachable peer'
2026-03-13 13:05:57 [ERROR] b' TCP : Unreachable peer'
2026-03-13 13:05:57 [ERROR] b' TCP : Unreachable peer'
2026-03-13 13:05:58 [ERROR] b' TCP : Unreachable peer'
2026-03-13 13:05:58 [ERROR] b' TCP : Unreachable peer'
2026-03-13 13:05:59 [ERROR] b' TCP : Unreachable peer'
2026-03-13 13:05:59 [ERROR] b' TCP : Unreachable peer'
2026-03-13 13:06:00 [ERROR] b' TCP : Unreachable peer'
2026-03-13 13:06:00 [ERROR] b' TCP : Unreachable peer'
2026-03-13 13:06:01 [ERROR] b' TCP : Unreachable peer'
2026-03-13 13:06:01 [ERROR] b' TCP : Unreachable peer'
2026-03-13 13:06:02 [ERROR] b' TCP : Unreachable peer'
2026-03-13 13:06:02 [ERROR] b' TCP : Unreachable peer'
2026-03-13 13:06:03 [ERROR] b' TCP : Unreachable peer'
2026-03-13 13:06:04 [ERROR] b' TCP : Unreachable peer'
2026-03-13 13:06:04 [ERROR] b' TCP : Unreachable peer'
2026-03-13 13:06:05 [ERROR] b' TCP : Unreachable peer'
2026-03-13 13:06:05 [ERROR] b' TCP : Unreachable peer'
2026-03-13 13:06:06 [ERROR] b' TCP : Unreachable peer'
2026-03-13 13:06:06 [ERROR] b' TCP : Unreachable peer'
2026-03-13 13:06:07 [ERROR] b' TCP : Unreachable peer'
2026-03-13 13:06:07 [ERROR] b' TCP : Unreachable peer'
2026-03-13 13:06:08 [ERROR] b' TCP : Unreachable peer'
2026-03-13 13:06:08 [ERROR] b' TCP : Unreachable peer'
2026-03-13 13:06:09 [ERROR] b' TCP : Unreachable peer'
2026-03-13 13:06:09 [ERROR] b' TCP : Unreachable peer'
2026-03-13 13:06:10 [ERROR] b' TCP : Unreachable peer'
2026-03-13 13:06:10 [ERROR] b' TCP : Unreachable peer'
2026-03-13 13:06:11 [ERROR] b' TCP : Unreachable peer'
2026-03-13 13:06:11 [ERROR] b' TCP : Unreachable peer'
2026-03-13 13:06:12 [ERROR] b' TCP : Unreachable peer'
2026-03-13 13:06:12 [ERROR] b' TCP : Unreachable peer'
2026-03-13 13:06:13 [ERROR] b' TCP : Unreachable peer'
2026-03-13 13:06:13 [ERROR] b' TCP : Unreachable peer'
2026-03-13 13:06:14 [ERROR] b' TCP : Unreachable peer'
2026-03-13 13:06:14 [ERROR] b' TCP : Unreachable peer'
2026-03-13 13:06:15 [ERROR] b' TCP : Unreachable peer'
2026-03-13 13:06:15 [ERROR] b' TCP : Unreachable peer'
2026-03-13 13:06:16 [ERROR] b' TCP : Unreachable peer'
2026-03-13 13:06:16 [ERROR] b' TCP : Unreachable peer'
2026-03-13 13:06:17 [ERROR] b' TCP : Unreachable peer'
2026-03-13 13:06:17 [ERROR] b' TCP : Unreachable peer'
2026-03-13 13:06:18 [ERROR] b' TCP : Unreachable peer'
2026-03-13 13:06:18 [ERROR] b' TCP : Unreachable peer'
2026-03-13 13:06:19 [ERROR] b' TCP : Unreachable peer'
2026-03-13 13:06:19 [ERROR] b' TCP : Unreachable peer'
2026-03-13 13:06:20 [ERROR] b' TCP : Unreachable peer'
2026-03-13 13:06:20 [ERROR] b' TCP : Unreachable peer'
2026-03-13 13:06:21 [ERROR] b' TCP : Unreachable peer'
2026-03-13 13:06:21 [ERROR] b' TCP : Unreachable peer'
2026-03-13 13:06:22 [ERROR] b' TCP : Unreachable peer'
2026-03-13 13:06:22 [ERROR] b' TCP : Unreachable peer'
2026-03-13 13:06:23 [ERROR] b' TCP : Unreachable peer'
2026-03-13 13:06:24 [ERROR] b' TCP : Unreachable peer'
2026-03-13 13:06:24 [ERROR] b' TCP : Unreachable peer'
2026-03-13 13:06:25 [ERROR] b' TCP : Unreachable peer'
2026-03-13 13:06:25 [ERROR] b' TCP : Unreachable peer'
2026-03-13 13:06:26 [ERROR] b' TCP : Unreachable peer'
2026-03-13 13:06:26 [ERROR] b' TCP : Unreachable peer'
2026-03-13 13:06:27 [ERROR] b' TCP : Unreachable peer'
2026-03-13 13:06:27 [ERROR] b' TCP : Unreachable peer'
2026-03-13 13:06:28 [ERROR] b' TCP : Unreachable peer'
2026-03-13 13:06:28 [ERROR] b' TCP : Unreachable peer'
2026-03-13 13:06:29 [ERROR] b' TCP : Unreachable peer'
2026-03-13 13:06:29 [ERROR] b' TCP : Unreachable peer'
2026-03-13 13:06:30 [ERROR] b' TCP : Unreachable peer'
2026-03-13 13:06:30 [ERROR] b' TCP : Unreachable peer'
2026-03-13 13:06:31 [ERROR] b' TCP : Unreachable peer'
2026-03-13 13:06:31 [ERROR] b' TCP : Unreachable peer'
2026-03-13 13:06:32 [ERROR] b' TCP : Unreachable peer'
2026-03-13 13:06:32 [ERROR] b' TCP : Unreachable peer'
2026-03-13 13:06:33 [ERROR] b' TCP : Unreachable peer'
2026-03-13 13:06:33 [ERROR] b' TCP : Unreachable peer'
2026-03-13 13:06:34 [ERROR] b' TCP : Unreachable peer'
2026-03-13 13:06:34 [ERROR] b' TCP : Unreachable peer'
2026-03-13 13:06:35 [ERROR] b' TCP : Unreachable peer'
2026-03-13 13:06:35 [ERROR] b' TCP : Unreachable peer'
2026-03-13 13:06:36 [ERROR] b' TCP : Unreachable peer'
2026-03-13 13:06:36 [ERROR] b' TCP : Unreachable peer'
2026-03-13 13:06:37 [ERROR] b' TCP : Unreachable peer'
2026-03-13 13:06:37 [ERROR] b' TCP : Unreachable peer'
2026-03-13 13:06:38 [ERROR] b' TCP : Unreachable peer'
2026-03-13 13:06:38 [ERROR] b' TCP : Unreachable peer'
2026-03-13 13:06:39 [ERROR] b' TCP : Unreachable peer'
2026-03-13 13:06:39 [ERROR] b' TCP : Unreachable peer'
2026-03-13 13:06:40 [ERROR] b' TCP : Unreachable peer'
2026-03-13 13:06:40 [ERROR] b' TCP : Unreachable peer'
2026-03-13 13:06:41 [ERROR] b' TCP : Unreachable peer'
2026-03-13 13:06:41 [ERROR] b' TCP : Unreachable peer'
2026-03-13 13:06:42 [ERROR] b' TCP : Unreachable peer'
2026-03-13 13:06:42 [ERROR] b' TCP : Unreachable peer'
2026-03-13 13:06:43 [ERROR] b' TCP : Unreachable peer'
2026-03-13 13:06:44 [ERROR] b' TCP : Unreachable peer'
2026-03-13 13:06:44 [ERROR] b' TCP : Unreachable peer'
2026-03-13 13:06:45 [ERROR] b' TCP : Unreachable peer'
2026-03-13 13:06:45 [ERROR] b' TCP : Unreachable peer'
2026-03-13 13:06:46 [ERROR] b' TCP : Unreachable peer'
2026-03-13 13:06:46 [ERROR] b' TCP : Unreachable peer'
2026-03-13 13:06:47 [ERROR] b' TCP : Unreachable peer'
2026-03-13 13:06:47 [ERROR] b' TCP : Unreachable peer'
2026-03-13 13:06:48 [ERROR] b' TCP : Unreachable peer'
2026-03-13 13:06:48 [ERROR] b' TCP : Unreachable peer'
2026-03-13 13:06:49 [ERROR] b' TCP : Unreachable peer'
2026-03-13 13:06:49 [ERROR] b' TCP : Unreachable peer'
2026-03-13 13:06:50 [ERROR] b' TCP : Unreachable peer'
2026-03-13 13:06:50 [ERROR] b' TCP : Unreachable peer'
2026-03-13 13:06:51 [ERROR] b' TCP : Unreachable peer'
2026-03-13 13:06:51 [ERROR] b' TCP : Unreachable peer'
2026-03-13 13:06:52 [ERROR] b' TCP : Unreachable peer'
2026-03-13 13:06:52 [ERROR] b' TCP : Unreachable peer'
2026-03-13 13:06:53 [ERROR] b' TCP : Unreachable peer'
2026-03-13 13:06:53 [ERROR] b' TCP : Unreachable peer'
2026-03-13 13:06:54 [ERROR] b' TCP : Unreachable peer'
2026-03-13 13:06:54 [ERROR] b' TCP : Unreachable peer'
2026-03-13 13:06:55 [ERROR] b' TCP : Unreachable peer'
2026-03-13 13:06:55 [ERROR] b' TCP : Unreachable peer'
2026-03-13 13:06:56 [ERROR] b' TCP : Unreachable peer'
2026-03-13 13:06:56 [ERROR] b' TCP : Unreachable peer'
2026-03-13 13:06:57 [ERROR] b' TCP : Unreachable peer'
2026-03-13 13:06:57 [ERROR] b' TCP : Unreachable peer'
2026-03-13 13:06:58 [ERROR] b' TCP : Unreachable peer'
2026-03-13 13:06:58 [ERROR] b' TCP : Unreachable peer'
2026-03-13 13:06:59 [ERROR] b' TCP : Unreachable peer'
2026-03-13 13:06:59 [ERROR] b' TCP : Unreachable peer'
2026-03-13 13:07:00 [ERROR] b' TCP : Unreachable peer'
2026-03-13 13:07:00 [ERROR] b' TCP : Unreachable peer'
2026-03-13 13:07:01 [ERROR] b' TCP : Unreachable peer'
2026-03-13 13:07:01 [ERROR] b' TCP : Unreachable peer'
2026-03-13 13:07:02 [ERROR] b' TCP : Unreachable peer'
2026-03-13 13:07:02 [ERROR] b' TCP : Unreachable peer'
2026-03-13 13:07:03 [ERROR] b' TCP : Unreachable peer'
2026-03-13 13:07:03 [ERROR] b' TCP : Unreachable peer'
2026-03-13 13:07:04 [ERROR] b' TCP : Unreachable peer'
2026-03-13 13:07:04 [ERROR] b' TCP : Unreachable peer'
2026-03-13 13:07:05 [ERROR] b' TCP : Unreachable peer'
2026-03-13 13:07:06 [ERROR] b' TCP : Unreachable peer'
2026-03-13 13:07:06 [ERROR] b' TCP : Unreachable peer'
2026-03-13 13:07:07 [ERROR] b' TCP : Unreachable peer'
2026-03-13 13:07:07 [ERROR] b' TCP : Unreachable peer'
2026-03-13 13:07:08 [ERROR] b' TCP : Unreachable peer'
2026-03-13 13:07:08 [ERROR] b' TCP : Unreachable peer'
2026-03-13 13:07:09 [ERROR] b' TCP : Unreachable peer'
2026-03-13 13:07:09 [ERROR] b' TCP : Unreachable peer'
2026-03-13 13:07:10 [ERROR] b' TCP : Unreachable peer'
2026-03-13 13:07:10 [ERROR] b' TCP : Unreachable peer'
2026-03-13 13:07:11 [ERROR] b' TCP : Unreachable peer'
2026-03-13 13:07:11 [ERROR] b' TCP : Unreachable peer'
2026-03-13 13:07:12 [ERROR] b' TCP : Unreachable peer'
2026-03-13 13:07:12 [ERROR] b' TCP : Unreachable peer'
2026-03-13 13:07:13 [ERROR] b' TCP : Unreachable peer'
2026-03-13 13:07:13 [ERROR] b' TCP : Unreachable peer'
2026-03-13 13:07:14 [ERROR] b' TCP : Unreachable peer'
2026-03-13 13:07:14 [ERROR] b' TCP : Unreachable peer'
2026-03-13 13:07:15 [ERROR] b' TCP : Unreachable peer'
2026-03-13 13:07:15 [ERROR] b' TCP : Unreachable peer'
2026-03-13 13:07:22 [ERROR] b' TCP : Unreachable peer'
2026-03-13 13:07:47 [ERROR] b' TCP : Unreachable peer'
2026-03-13 13:08:03 [ERROR] b' TCP : Unreachable peer'
2026-03-13 13:08:16 [ERROR] b' TCP : Unreachable peer'
2026-03-13 13:08:46 [ERROR] b' TCP : Unreachable peer'
2026-03-13 13:08:52 [ERROR] b' TCP : Unreachable peer'
2026-03-13 13:09:01 [ERROR] b' TCP : Unreachable peer'
2026-03-13 13:09:22 [ERROR] b' ISO : An error occurred during recv TCP : Connection timed out'
2026-03-13 13:09:26 [ERROR] b' TCP : Unreachable peer'
2026-03-13 13:09:36 [ERROR] b' TCP : Unreachable peer'
2026-03-13 13:09:43 [ERROR] b' ISO : An error occurred during recv TCP : Connection timed out'
2026-03-13 13:09:44 [ERROR] b' TCP : Unreachable peer'
2026-03-13 13:10:17 [ERROR] b' TCP : Unreachable peer'
2026-03-13 13:10:18 [ERROR] b' TCP : Unreachable peer'
2026-03-13 13:10:22 [ERROR] b' TCP : Unreachable peer'
2026-03-13 13:10:33 [ERROR] b' ISO : An error occurred during recv TCP : Connection timed out'
2026-03-13 13:10:37 [ERROR] b' TCP : Unreachable peer'
2026-03-13 13:10:53 [ERROR] b' TCP : Unreachable peer'
2026-03-13 13:11:09 [ERROR] b' TCP : Unreachable peer'
2026-03-13 13:11:29 [ERROR] b' TCP : Unreachable peer'
2026-03-13 13:11:30 [ERROR] b' TCP : Unreachable peer'
2026-03-13 13:11:56 [ERROR] b' TCP : Unreachable peer'
2026-03-13 13:12:21 [ERROR] b' TCP : Unreachable peer'
2026-03-13 13:12:35 [ERROR] b' TCP : Unreachable peer'
2026-03-13 13:12:35 [ERROR] b' TCP : Unreachable peer'
2026-03-13 13:12:57 [ERROR] b' TCP : Unreachable peer'
2026-03-13 13:12:59 [ERROR] b' TCP : Unreachable peer'
2026-03-13 13:13:04 [ERROR] b' ISO : An error occurred during recv TCP : Connection timed out'
2026-03-13 13:13:12 [ERROR] b' TCP : Unreachable peer'
2026-03-13 13:14:03 [ERROR] b' TCP : Unreachable peer'
2026-03-13 13:14:14 [ERROR] b' TCP : Unreachable peer'
2026-03-13 13:14:18 [ERROR] b' TCP : Unreachable peer'
2026-03-13 13:15:29 [ERROR] b' ISO : An error occurred during recv TCP : Connection timed out'
2026-03-13 13:15:54 [ERROR] b' TCP : Unreachable peer'
2026-03-13 13:16:09 [ERROR] b' TCP : Unreachable peer'
2026-03-13 13:16:51 [ERROR] b' TCP : Unreachable peer'
2026-03-13 13:17:13 [ERROR] b' TCP : Unreachable peer'
2026-03-13 13:17:28 [ERROR] b' TCP : Unreachable peer'
2026-03-13 13:17:41 [ERROR] b' TCP : Unreachable peer'
2026-03-13 13:18:15 [ERROR] b' TCP : Unreachable peer'
2026-03-13 13:18:19 [ERROR] b' TCP : Unreachable peer'
2026-03-13 13:18:19 [ERROR] b' TCP : Unreachable peer'
2026-03-13 13:18:31 [ERROR] b' TCP : Unreachable peer'
2026-03-13 13:18:42 [ERROR] b' TCP : Unreachable peer'
2026-03-13 13:18:45 [ERROR] b' TCP : Unreachable peer'
2026-03-13 13:18:54 [ERROR] b' TCP : Unreachable peer'
2026-03-13 13:19:00 [ERROR] b' TCP : Unreachable peer'
2026-03-13 13:19:17 [ERROR] b' TCP : Unreachable peer'
2026-03-13 13:19:18 [ERROR] b' TCP : Unreachable peer'
2026-03-13 13:19:28 [ERROR] b' ISO : An error occurred during recv TCP : Connection timed out'
2026-03-13 13:19:29 [ERROR] b' TCP : Unreachable peer'
2026-03-13 13:19:47 [ERROR] b' TCP : Unreachable peer'
2026-03-13 13:19:49 [ERROR] b' TCP : Unreachable peer'
2026-03-13 13:19:58 [ERROR] b' TCP : Unreachable peer'
2026-03-13 13:20:13 [ERROR] b' ISO : An error occurred during recv TCP : Connection timed out'
2026-03-13 13:20:13 [ERROR] b' TCP : Unreachable peer'
2026-03-13 13:20:28 [ERROR] b' TCP : Unreachable peer'
2026-03-13 13:20:29 [ERROR] b' TCP : Unreachable peer'
2026-03-13 13:20:53 [ERROR] b' ISO : An error occurred during recv TCP : Connection timed out'
2026-03-13 13:21:15 [ERROR] b' ISO : An error occurred during recv TCP : Connection timed out'
2026-03-13 13:21:21 [ERROR] b' TCP : Unreachable peer'
2026-03-13 13:21:22 [ERROR] b' TCP : Unreachable peer'
2026-03-13 13:21:30 [ERROR] b' ISO : An error occurred during recv TCP : Connection timed out'
2026-03-13 13:21:32 [ERROR] b' TCP : Unreachable peer'
2026-03-13 13:21:38 [ERROR] b' TCP : Unreachable peer'
2026-03-13 13:22:00 [ERROR] b' TCP : Unreachable peer'
2026-03-13 13:22:15 [ERROR] b' TCP : Unreachable peer'
2026-03-13 13:22:27 [ERROR] b' TCP : Unreachable peer'
2026-03-13 13:22:32 [ERROR] b' TCP : Unreachable peer'
2026-03-13 13:22:42 [ERROR] b' TCP : Unreachable peer'
2026-03-13 13:23:11 [ERROR] b' TCP : Unreachable peer'
2026-03-13 13:23:22 [ERROR] b' TCP : Unreachable peer'
2026-03-13 13:23:23 [ERROR] b' TCP : Unreachable peer'
2026-03-13 13:23:27 [ERROR] b' TCP : Unreachable peer'
2026-03-13 13:23:29 [ERROR] b' TCP : Unreachable peer'
2026-03-13 13:23:46 [ERROR] b' TCP : Unreachable peer'
2026-03-13 13:23:47 [ERROR] b' TCP : Unreachable peer'
2026-03-13 13:23:56 [ERROR] b' TCP : Unreachable peer'
2026-03-13 13:23:56 [ERROR] b' TCP : Unreachable peer'
2026-03-13 13:24:04 [ERROR] b' TCP : Unreachable peer'
2026-03-13 13:24:16 [ERROR] b' ISO : An error occurred during recv TCP : Connection timed out'
2026-03-13 13:24:23 [ERROR] b' ISO : An error occurred during recv TCP : Connection timed out'
2026-03-13 13:24:27 [ERROR] b' ISO : An error occurred during recv TCP : Connection timed out'
2026-03-13 13:24:35 [ERROR] b' ISO : An error occurred during recv TCP : Connection timed out'
2026-03-13 13:24:38 [ERROR] b' TCP : Unreachable peer'
2026-03-13 13:24:47 [ERROR] b' ISO : An error occurred during recv TCP : Connection timed out'
2026-03-13 13:25:14 [ERROR] b' TCP : Unreachable peer'
2026-03-13 13:25:17 [ERROR] b' TCP : Unreachable peer'
2026-03-13 13:25:39 [ERROR] b' TCP : Unreachable peer'
2026-03-13 13:25:48 [ERROR] b' TCP : Unreachable peer'
2026-03-13 13:25:53 [ERROR] b' ISO : An error occurred during recv TCP : Connection timed out'
2026-03-13 13:26:01 [ERROR] b' TCP : Unreachable peer'
2026-03-13 13:26:05 [ERROR] b' ISO : An error occurred during recv TCP : Connection timed out'
2026-03-13 13:26:24 [ERROR] b' TCP : Unreachable peer'
2026-03-13 13:26:43 [ERROR] b' TCP : Unreachable peer'
2026-03-13 13:26:44 [ERROR] b' TCP : Unreachable peer'
2026-03-13 13:26:46 [ERROR] b' TCP : Unreachable peer'
2026-03-13 13:26:56 [ERROR] b' TCP : Unreachable peer'
2026-03-13 13:27:19 [ERROR] b' TCP : Unreachable peer'
2026-03-13 13:27:29 [ERROR] b' TCP : Unreachable peer'
2026-03-13 13:27:37 [ERROR] b' TCP : Unreachable peer'
2026-03-13 13:27:38 [ERROR] b' TCP : Unreachable peer'
2026-03-13 13:27:46 [ERROR] b' TCP : Unreachable peer'
2026-03-13 13:27:48 [ERROR] b' TCP : Unreachable peer'
2026-03-13 13:28:00 [ERROR] b' ISO : An error occurred during recv TCP : Connection timed out'
2026-03-13 13:28:02 [ERROR] b' TCP : Unreachable peer'
2026-03-13 13:28:15 [ERROR] b' TCP : Unreachable peer'
2026-03-13 13:28:19 [ERROR] b' ISO : An error occurred during recv TCP : Connection timed out'
2026-03-13 13:28:23 [ERROR] b' TCP : Unreachable peer'
2026-03-13 13:28:34 [ERROR] b' TCP : Unreachable peer'
2026-03-13 13:28:40 [ERROR] b' TCP : Unreachable peer'
2026-03-13 13:29:07 [ERROR] b' TCP : Unreachable peer'
2026-03-13 13:29:15 [ERROR] b' TCP : Unreachable peer'
2026-03-13 13:29:16 [ERROR] b' TCP : Unreachable peer'
2026-03-13 13:29:19 [ERROR] b' TCP : Unreachable peer'
2026-03-13 13:29:48 [ERROR] b' TCP : Unreachable peer'
2026-03-13 13:30:02 [ERROR] b' TCP : Unreachable peer'
2026-03-13 13:30:04 [ERROR] b' TCP : Unreachable peer'
2026-03-13 13:30:21 [ERROR] b' ISO : An error occurred during recv TCP : Connection timed out'
2026-03-13 13:30:24 [ERROR] b' ISO : An error occurred during recv TCP : Connection timed out'
2026-03-13 13:30:29 [ERROR] b' TCP : Unreachable peer'
2026-03-13 13:30:43 [ERROR] b' TCP : Unreachable peer'
2026-03-13 13:30:58 [ERROR] b' TCP : Unreachable peer'
2026-03-13 13:30:58 [ERROR] b' TCP : Unreachable peer'
2026-03-13 13:31:03 [ERROR] b' ISO : An error occurred during recv TCP : Connection timed out'
2026-03-13 13:31:03 [ERROR] b' TCP : Unreachable peer'
2026-03-13 13:31:10 [ERROR] b' TCP : Unreachable peer'
2026-03-13 13:31:10 [ERROR] b' TCP : Unreachable peer'
2026-03-13 13:31:11 [ERROR] b' TCP : Unreachable peer'
2026-03-13 13:31:16 [ERROR] b' TCP : Unreachable peer'
2026-03-13 13:31:22 [ERROR] b' TCP : Unreachable peer'
2026-03-13 13:31:46 [ERROR] b' TCP : Unreachable peer'
2026-03-13 13:32:03 [ERROR] b' ISO : An error occurred during recv TCP : Connection timed out'
2026-03-13 13:32:07 [ERROR] b' TCP : Unreachable peer'
2026-03-13 13:32:36 [ERROR] b' TCP : Unreachable peer'
2026-03-13 13:32:44 [ERROR] b' ISO : An error occurred during recv TCP : Connection timed out'
2026-03-13 13:32:54 [ERROR] b' TCP : Unreachable peer'
2026-03-13 13:33:16 [ERROR] b' TCP : Unreachable peer'
2026-03-13 13:33:28 [ERROR] b' TCP : Unreachable peer'
2026-03-13 13:33:32 [ERROR] b' TCP : Unreachable peer'
2026-03-13 13:33:45 [ERROR] b' TCP : Unreachable peer'
2026-03-13 13:33:45 [ERROR] b' TCP : Unreachable peer'
2026-03-13 13:34:05 [ERROR] b' TCP : Unreachable peer'
2026-03-13 13:34:25 [ERROR] b' TCP : Unreachable peer'
2026-03-13 13:34:28 [ERROR] b' TCP : Unreachable peer'
2026-03-13 13:34:37 [ERROR] b' ISO : An error occurred during recv TCP : Connection timed out'
2026-03-13 13:34:55 [ERROR] b' TCP : Unreachable peer'
2026-03-13 13:35:22 [ERROR] b' TCP : Unreachable peer'
2026-03-13 13:35:23 [ERROR] b' TCP : Unreachable peer'
2026-03-13 13:35:38 [ERROR] b' TCP : Unreachable peer'
2026-03-13 13:35:43 [ERROR] b' TCP : Unreachable peer'
2026-03-13 13:35:47 [ERROR] b' TCP : Unreachable peer'
2026-03-13 13:35:49 [ERROR] b' TCP : Unreachable peer'
2026-03-13 13:35:53 [ERROR] b' TCP : Unreachable peer'
2026-03-13 13:35:57 [ERROR] b' TCP : Unreachable peer'
2026-03-13 13:35:57 [ERROR] b' TCP : Unreachable peer'
2026-03-13 13:35:58 [ERROR] b' TCP : Unreachable peer'
2026-03-13 13:36:06 [ERROR] b' TCP : Unreachable peer'
2026-03-13 13:36:18 [ERROR] b' TCP : Unreachable peer'
2026-03-13 13:36:20 [ERROR] b' TCP : Unreachable peer'
2026-03-13 13:36:23 [ERROR] b' TCP : Unreachable peer'
2026-03-13 13:36:24 [ERROR] b' TCP : Unreachable peer'
2026-03-13 13:36:24 [ERROR] b' TCP : Unreachable peer'
2026-03-13 13:36:28 [ERROR] b' TCP : Unreachable peer'
2026-03-13 13:36:41 [ERROR] b' TCP : Unreachable peer'
2026-03-13 13:36:55 [ERROR] b' TCP : Unreachable peer'
2026-03-13 13:37:07 [ERROR] b' TCP : Unreachable peer'
2026-03-13 13:37:15 [ERROR] b' TCP : Unreachable peer'
2026-03-13 13:37:20 [ERROR] b' TCP : Unreachable peer'
2026-03-13 13:37:24 [ERROR] b' TCP : Unreachable peer'
2026-03-13 13:37:33 [ERROR] b' TCP : Unreachable peer'
2026-03-13 13:37:36 [ERROR] b' TCP : Unreachable peer'
2026-03-13 13:37:42 [ERROR] b' TCP : Unreachable peer'
2026-03-13 13:37:51 [ERROR] b' TCP : Unreachable peer'
2026-03-13 13:38:05 [ERROR] b' TCP : Unreachable peer'
2026-03-13 13:38:21 [ERROR] b' TCP : Unreachable peer'
2026-03-13 13:38:32 [ERROR] b' ISO : An error occurred during recv TCP : Connection timed out'
2026-03-13 13:38:33 [ERROR] b' TCP : Unreachable peer'
2026-03-13 13:38:46 [ERROR] b' TCP : Unreachable peer'
2026-03-13 13:39:02 [ERROR] b' TCP : Unreachable peer'
2026-03-13 13:39:07 [ERROR] b' TCP : Unreachable peer'
2026-03-13 13:39:17 [ERROR] b' TCP : Unreachable peer'
2026-03-13 13:39:21 [ERROR] b' TCP : Unreachable peer'
2026-03-13 13:39:55 [ERROR] b' TCP : Unreachable peer'
2026-03-13 13:40:04 [ERROR] b' TCP : Unreachable peer'
2026-03-13 13:40:06 [ERROR] b' TCP : Unreachable peer'
2026-03-13 13:40:10 [ERROR] b' TCP : Unreachable peer'
2026-03-13 13:40:14 [ERROR] b' TCP : Unreachable peer'
2026-03-13 13:40:30 [ERROR] b' TCP : Unreachable peer'
2026-03-13 13:40:40 [ERROR] b' TCP : Unreachable peer'
2026-03-13 13:40:43 [ERROR] b' TCP : Unreachable peer'
2026-03-13 13:40:55 [ERROR] b' TCP : Unreachable peer'
2026-03-13 13:41:09 [ERROR] b' TCP : Unreachable peer'
2026-03-13 13:41:12 [ERROR] b' TCP : Unreachable peer'
2026-03-13 13:41:18 [ERROR] b' TCP : Unreachable peer'
2026-03-13 13:41:25 [ERROR] b' TCP : Unreachable peer'
2026-03-13 13:41:46 [ERROR] b' TCP : Unreachable peer'
2026-03-13 13:41:47 [ERROR] b' TCP : Unreachable peer'
2026-03-13 13:41:59 [ERROR] b' TCP : Unreachable peer'
2026-03-13 13:42:00 [ERROR] b' TCP : Unreachable peer'
2026-03-13 13:42:03 [ERROR] b' TCP : Unreachable peer'
2026-03-13 13:42:04 [ERROR] b' TCP : Unreachable peer'
2026-03-13 13:42:26 [ERROR] b' TCP : Unreachable peer'
2026-03-13 13:42:38 [ERROR] b' TCP : Unreachable peer'
2026-03-13 13:42:41 [ERROR] b' TCP : Unreachable peer'
2026-03-13 13:42:41 [ERROR] b' TCP : Unreachable peer'
2026-03-13 13:42:43 [ERROR] b' TCP : Unreachable peer'
2026-03-13 13:42:48 [ERROR] b' TCP : Unreachable peer'
2026-03-13 13:42:51 [ERROR] b' TCP : Unreachable peer'
2026-03-13 13:43:06 [ERROR] b' TCP : Unreachable peer'
2026-03-13 13:43:41 [ERROR] b' TCP : Unreachable peer'
2026-03-13 13:43:43 [ERROR] b' TCP : Unreachable peer'
2026-03-13 13:43:46 [ERROR] b' ISO : An error occurred during recv TCP : Connection timed out'
2026-03-13 13:43:53 [ERROR] b' TCP : Unreachable peer'
2026-03-13 13:43:53 [ERROR] b' TCP : Unreachable peer'
2026-03-13 13:43:59 [ERROR] b' TCP : Unreachable peer'
2026-03-13 13:44:02 [ERROR] b' TCP : Unreachable peer'
2026-03-13 13:44:02 [ERROR] b' TCP : Unreachable peer'
2026-03-13 13:44:21 [ERROR] b' TCP : Unreachable peer'
2026-03-13 13:44:27 [ERROR] b' TCP : Unreachable peer'
2026-03-13 13:44:48 [ERROR] b' TCP : Unreachable peer'
2026-03-13 13:44:49 [ERROR] b' TCP : Unreachable peer'
2026-03-13 13:45:15 [ERROR] b' TCP : Unreachable peer'
2026-03-13 13:45:16 [ERROR] b' TCP : Unreachable peer'
2026-03-13 13:46:02 [ERROR] b' TCP : Unreachable peer'
2026-03-13 13:46:04 [ERROR] b' TCP : Unreachable peer'
2026-03-13 13:46:16 [ERROR] b' ISO : An error occurred during recv TCP : Connection timed out'
2026-03-13 13:46:29 [ERROR] b' ISO : An error occurred during recv TCP : Connection timed out'
2026-03-13 13:47:01 [ERROR] b' TCP : Unreachable peer'
2026-03-13 13:47:03 [ERROR] b' TCP : Unreachable peer'
2026-03-13 13:47:21 [ERROR] b' TCP : Unreachable peer'
2026-03-13 13:47:26 [ERROR] b' TCP : Unreachable peer'
2026-03-13 13:47:26 [ERROR] b' TCP : Unreachable peer'
2026-03-13 13:47:37 [ERROR] b' TCP : Unreachable peer'
2026-03-13 13:47:40 [ERROR] b' TCP : Unreachable peer'
2026-03-13 13:47:52 [ERROR] b' TCP : Unreachable peer'
2026-03-13 13:47:53 [ERROR] b' TCP : Unreachable peer'
2026-03-13 13:48:12 [ERROR] b' TCP : Unreachable peer'
2026-03-13 13:48:17 [ERROR] b' TCP : Unreachable peer'
2026-03-13 13:48:20 [ERROR] b' TCP : Unreachable peer'
2026-03-13 13:48:28 [ERROR] b' TCP : Unreachable peer'
2026-03-13 13:48:43 [ERROR] b' TCP : Unreachable peer'
2026-03-13 13:48:44 [ERROR] b' TCP : Unreachable peer'
2026-03-13 13:48:45 [ERROR] b' TCP : Unreachable peer'
2026-03-13 13:49:22 [ERROR] b' TCP : Unreachable peer'
2026-03-13 13:49:28 [ERROR] b' TCP : Unreachable peer'
2026-03-13 13:49:29 [ERROR] b' TCP : Unreachable peer'
2026-03-13 13:49:32 [ERROR] b' TCP : Unreachable peer'
2026-03-13 13:49:38 [ERROR] b' TCP : Unreachable peer'
2026-03-13 13:49:39 [ERROR] b' TCP : Unreachable peer'
2026-03-13 13:49:55 [ERROR] b' TCP : Unreachable peer'
2026-03-13 13:50:09 [ERROR] b' TCP : Unreachable peer'
2026-03-13 13:50:15 [ERROR] b' TCP : Unreachable peer'
2026-03-13 13:50:28 [ERROR] b' ISO : An error occurred during recv TCP : Connection timed out'
2026-03-13 13:50:29 [ERROR] b' TCP : Unreachable peer'
2026-03-13 13:50:31 [ERROR] b' TCP : Unreachable peer'
2026-03-13 13:50:42 [ERROR] b' ISO : An error occurred during recv TCP : Connection timed out'
2026-03-13 13:51:06 [ERROR] b' TCP : Unreachable peer'
2026-03-13 13:51:39 [ERROR] b' TCP : Unreachable peer'
2026-03-13 13:51:46 [ERROR] b' TCP : Unreachable peer'
2026-03-13 13:51:54 [ERROR] b' TCP : Unreachable peer'
2026-03-13 13:51:58 [ERROR] b' TCP : Unreachable peer'
2026-03-13 13:52:08 [ERROR] b' TCP : Unreachable peer'
2026-03-13 13:52:09 [ERROR] b' TCP : Unreachable peer'
2026-03-13 13:52:10 [ERROR] b' TCP : Unreachable peer'
2026-03-13 13:52:11 [ERROR] b' TCP : Unreachable peer'
2026-03-13 13:52:24 [ERROR] b' TCP : Unreachable peer'
2026-03-13 13:52:41 [ERROR] b' TCP : Unreachable peer'
2026-03-13 13:52:49 [ERROR] b' TCP : Unreachable peer'
2026-03-13 13:52:55 [ERROR] b' TCP : Unreachable peer'
2026-03-13 13:53:10 [ERROR] b' TCP : Unreachable peer'
2026-03-13 13:53:10 [ERROR] b' TCP : Unreachable peer'
2026-03-13 13:53:11 [ERROR] b' TCP : Unreachable peer'
2026-03-13 13:53:14 [ERROR] b' TCP : Unreachable peer'
2026-03-13 13:53:18 [ERROR] b' TCP : Unreachable peer'
2026-03-13 13:53:20 [ERROR] b' TCP : Unreachable peer'
2026-03-13 13:53:26 [ERROR] b' TCP : Unreachable peer'
2026-03-13 13:53:34 [ERROR] b' TCP : Unreachable peer'
2026-03-13 13:53:34 [ERROR] b' TCP : Unreachable peer'
2026-03-13 13:53:35 [ERROR] b' TCP : Unreachable peer'
2026-03-13 13:53:47 [ERROR] b' TCP : Unreachable peer'
2026-03-13 13:53:50 [ERROR] b' TCP : Unreachable peer'
2026-03-13 13:53:54 [ERROR] b' TCP : Unreachable peer'
2026-03-13 13:53:58 [ERROR] b' TCP : Unreachable peer'
2026-03-13 13:53:59 [ERROR] b' TCP : Unreachable peer'
2026-03-13 13:54:03 [ERROR] b' ISO : An error occurred during recv TCP : Connection timed out'
2026-03-13 13:54:05 [ERROR] b' TCP : Unreachable peer'
2026-03-13 13:54:30 [ERROR] b' TCP : Unreachable peer'
2026-03-13 13:54:43 [ERROR] b' TCP : Unreachable peer'
2026-03-13 13:54:52 [ERROR] b' TCP : Unreachable peer'
2026-03-13 13:54:56 [ERROR] b' TCP : Unreachable peer'
2026-03-13 13:55:05 [ERROR] b' TCP : Unreachable peer'
2026-03-13 13:55:08 [ERROR] b' TCP : Unreachable peer'
2026-03-13 13:55:11 [ERROR] b' TCP : Unreachable peer'
2026-03-13 13:55:13 [ERROR] b' TCP : Unreachable peer'
2026-03-13 13:55:19 [ERROR] b' ISO : An error occurred during recv TCP : Connection timed out'
2026-03-13 13:55:26 [ERROR] b' TCP : Unreachable peer'
2026-03-13 13:55:31 [ERROR] b' TCP : Unreachable peer'
2026-03-13 13:55:32 [ERROR] b' TCP : Unreachable peer'
2026-03-13 13:55:52 [ERROR] b' TCP : Unreachable peer'
2026-03-13 13:55:54 [ERROR] b' TCP : Unreachable peer'
2026-03-13 13:55:58 [ERROR] b' TCP : Unreachable peer'
2026-03-13 13:56:03 [ERROR] b' TCP : Unreachable peer'
2026-03-13 13:56:04 [ERROR] b' TCP : Unreachable peer'
2026-03-13 13:56:07 [ERROR] b' TCP : Unreachable peer'
2026-03-13 13:56:10 [ERROR] b' TCP : Unreachable peer'
2026-03-13 13:56:12 [ERROR] b' TCP : Unreachable peer'
2026-03-13 13:56:22 [ERROR] b' TCP : Unreachable peer'
2026-03-13 13:56:28 [ERROR] b' TCP : Unreachable peer'
2026-03-13 13:56:28 [ERROR] b' TCP : Unreachable peer'
2026-03-13 13:56:31 [ERROR] b' TCP : Unreachable peer'
2026-03-13 13:56:32 [ERROR] b' TCP : Unreachable peer'
2026-03-13 13:56:37 [ERROR] b' TCP : Unreachable peer'
2026-03-13 13:56:46 [ERROR] b' TCP : Unreachable peer'
2026-03-13 13:57:13 [ERROR] b' TCP : Unreachable peer'
2026-03-13 13:57:18 [ERROR] b' TCP : Unreachable peer'
2026-03-13 13:57:28 [ERROR] b' ISO : An error occurred during recv TCP : Connection timed out'
2026-03-13 13:57:35 [ERROR] b' TCP : Unreachable peer'
2026-03-13 13:57:47 [ERROR] b' TCP : Unreachable peer'
2026-03-13 13:58:08 [ERROR] b' TCP : Unreachable peer'
2026-03-13 13:58:18 [ERROR] b' TCP : Unreachable peer'
2026-03-13 13:58:26 [ERROR] b' TCP : Unreachable peer'
2026-03-13 13:58:39 [ERROR] b' TCP : Unreachable peer'
2026-03-13 13:58:40 [ERROR] b' TCP : Unreachable peer'
2026-03-13 13:58:52 [ERROR] b' ISO : An error occurred during recv TCP : Connection timed out'
2026-03-13 13:59:01 [ERROR] b' TCP : Unreachable peer'
2026-03-13 13:59:02 [ERROR] b' TCP : Unreachable peer'
2026-03-13 13:59:03 [ERROR] b' TCP : Unreachable peer'
2026-03-13 13:59:31 [ERROR] b' TCP : Unreachable peer'
2026-03-13 13:59:42 [ERROR] b' TCP : Unreachable peer'
2026-03-13 13:59:45 [ERROR] b' TCP : Unreachable peer'
2026-03-13 13:59:46 [ERROR] b' TCP : Unreachable peer'
2026-03-13 13:59:50 [ERROR] b' TCP : Unreachable peer'
2026-03-13 14:00:22 [ERROR] b' ISO : An error occurred during recv TCP : Connection timed out'
2026-03-13 14:00:48 [ERROR] b' ISO : An error occurred during recv TCP : Connection timed out'
2026-03-13 14:00:55 [ERROR] b' TCP : Unreachable peer'
2026-03-13 14:01:02 [ERROR] b' TCP : Unreachable peer'
2026-03-13 14:01:03 [ERROR] b' TCP : Unreachable peer'
2026-03-13 14:01:10 [ERROR] b' ISO : An error occurred during recv TCP : Connection timed out'
2026-03-13 14:01:13 [ERROR] b' ISO : An error occurred during recv TCP : Connection timed out'
2026-03-13 14:01:16 [ERROR] b' TCP : Unreachable peer'
2026-03-13 14:01:21 [ERROR] b' TCP : Unreachable peer'
2026-03-13 14:01:45 [ERROR] b' TCP : Unreachable peer'
2026-03-13 14:01:56 [ERROR] b' TCP : Unreachable peer'
2026-03-13 14:02:08 [ERROR] b' TCP : Unreachable peer'
2026-03-13 14:02:09 [ERROR] b' TCP : Unreachable peer'
2026-03-13 14:02:12 [ERROR] b' TCP : Unreachable peer'
2026-03-13 14:02:14 [ERROR] b' TCP : Unreachable peer'
2026-03-13 14:02:16 [ERROR] b' TCP : Unreachable peer'
2026-03-13 14:02:23 [ERROR] b' TCP : Unreachable peer'
2026-03-13 14:02:28 [ERROR] b' TCP : Unreachable peer'
2026-03-13 14:02:29 [ERROR] b' TCP : Unreachable peer'
2026-03-13 14:02:29 [ERROR] b' TCP : Unreachable peer'
2026-03-13 14:02:30 [ERROR] b' TCP : Unreachable peer'
2026-03-13 14:02:34 [ERROR] b' TCP : Unreachable peer'
2026-03-13 14:02:43 [ERROR] b' TCP : Unreachable peer'
2026-03-13 14:02:45 [ERROR] b' TCP : Unreachable peer'
2026-03-13 14:02:51 [ERROR] b' TCP : Unreachable peer'
2026-03-13 14:02:56 [ERROR] b' TCP : Unreachable peer'
2026-03-13 14:02:59 [ERROR] b' TCP : Unreachable peer'
2026-03-13 14:03:05 [ERROR] b' TCP : Unreachable peer'
2026-03-13 14:03:11 [ERROR] b' TCP : Unreachable peer'
2026-03-13 14:03:13 [ERROR] b' TCP : Unreachable peer'
2026-03-13 14:03:15 [ERROR] b' TCP : Unreachable peer'
2026-03-13 14:03:19 [ERROR] b' TCP : Unreachable peer'
2026-03-13 14:03:20 [ERROR] b' TCP : Unreachable peer'
2026-03-13 14:03:20 [ERROR] b' TCP : Unreachable peer'
2026-03-13 14:03:21 [ERROR] b' TCP : Unreachable peer'
2026-03-13 14:03:26 [ERROR] b' ISO : An error occurred during recv TCP : Connection timed out'
2026-03-13 14:03:38 [ERROR] b' ISO : An error occurred during recv TCP : Connection timed out'
2026-03-13 14:03:39 [ERROR] b' TCP : Unreachable peer'
2026-03-13 14:03:45 [ERROR] b' TCP : Unreachable peer'
2026-03-13 14:03:47 [ERROR] b' TCP : Unreachable peer'
2026-03-13 14:03:51 [ERROR] b' ISO : An error occurred during recv TCP : Connection timed out'
2026-03-13 14:04:00 [ERROR] b' ISO : An error occurred during recv TCP : Connection timed out'
2026-03-13 14:04:00 [ERROR] b' TCP : Unreachable peer'
2026-03-13 14:04:03 [ERROR] b' TCP : Unreachable peer'
2026-03-13 14:04:14 [ERROR] b' TCP : Unreachable peer'
2026-03-13 14:04:18 [ERROR] b' TCP : Unreachable peer'
2026-03-13 14:04:20 [ERROR] b' TCP : Unreachable peer'
2026-03-13 14:04:30 [ERROR] b' TCP : Unreachable peer'
2026-03-13 14:04:31 [ERROR] b' TCP : Unreachable peer'
2026-03-13 14:04:39 [ERROR] b' TCP : Unreachable peer'
2026-03-13 14:04:40 [ERROR] b' TCP : Unreachable peer'
2026-03-13 14:04:40 [ERROR] b' TCP : Unreachable peer'
2026-03-13 14:04:41 [ERROR] b' TCP : Unreachable peer'
2026-03-13 14:04:41 [ERROR] b' TCP : Unreachable peer'
2026-03-13 14:04:42 [ERROR] b' TCP : Unreachable peer'
2026-03-13 14:04:43 [ERROR] b' TCP : Unreachable peer'
2026-03-13 14:04:43 [ERROR] b' TCP : Unreachable peer'
2026-03-13 14:04:48 [ERROR] b' TCP : Unreachable peer'
2026-03-13 14:04:49 [ERROR] b' TCP : Unreachable peer'
2026-03-13 14:04:49 [ERROR] b' TCP : Unreachable peer'
2026-03-13 14:04:50 [ERROR] b' TCP : Unreachable peer'
2026-03-13 14:04:50 [ERROR] b' TCP : Unreachable peer'
2026-03-13 14:04:51 [ERROR] b' TCP : Unreachable peer'
2026-03-13 14:05:11 [ERROR] b' TCP : Unreachable peer'
2026-03-13 14:05:14 [ERROR] b' TCP : Unreachable peer'
2026-03-13 14:05:15 [ERROR] b' TCP : Unreachable peer'
2026-03-13 14:05:19 [ERROR] b' TCP : Unreachable peer'
2026-03-13 14:05:22 [ERROR] b' TCP : Unreachable peer'
2026-03-13 14:05:37 [ERROR] b' ISO : An error occurred during recv TCP : Connection timed out'
2026-03-13 14:05:54 [ERROR] b' TCP : Unreachable peer'
2026-03-13 14:05:56 [ERROR] b' TCP : Unreachable peer'
2026-03-13 14:06:00 [ERROR] b' TCP : Unreachable peer'
2026-03-13 14:06:09 [ERROR] b' TCP : Unreachable peer'
2026-03-13 14:06:10 [ERROR] b' TCP : Unreachable peer'
2026-03-13 14:06:11 [ERROR] b' TCP : Unreachable peer'
2026-03-13 14:06:19 [ERROR] b' TCP : Unreachable peer'
2026-03-13 14:06:24 [ERROR] b' TCP : Unreachable peer'
2026-03-13 14:06:31 [ERROR] b' TCP : Unreachable peer'
2026-03-13 14:06:32 [ERROR] b' TCP : Unreachable peer'
2026-03-13 14:06:43 [ERROR] b' ISO : An error occurred during recv TCP : Connection timed out'
2026-03-13 14:06:49 [ERROR] b' ISO : An error occurred during recv TCP : Connection timed out'
2026-03-13 14:06:50 [ERROR] b' TCP : Unreachable peer'
2026-03-13 14:07:00 [ERROR] b' ISO : An error occurred during recv TCP : Connection timed out'
2026-03-13 14:07:06 [ERROR] b' TCP : Unreachable peer'
2026-03-13 14:07:07 [ERROR] b' TCP : Unreachable peer'
2026-03-13 14:07:14 [ERROR] b' TCP : Unreachable peer'
2026-03-13 14:07:20 [ERROR] b' ISO : An error occurred during recv TCP : Connection timed out'
2026-03-13 14:07:20 [ERROR] b' TCP : Unreachable peer'
2026-03-13 14:07:21 [ERROR] b' TCP : Unreachable peer'
2026-03-13 14:07:23 [ERROR] b' TCP : Unreachable peer'
2026-03-13 14:07:29 [ERROR] b' TCP : Unreachable peer'
2026-03-13 14:07:56 [ERROR] b' ISO : An error occurred during recv TCP : Connection timed out'
2026-03-13 14:07:57 [ERROR] b' TCP : Unreachable peer'
2026-03-13 14:08:08 [ERROR] b' ISO : An error occurred during recv TCP : Connection timed out'
2026-03-13 14:08:26 [ERROR] b' TCP : Unreachable peer'
2026-03-13 14:08:30 [ERROR] b' TCP : Unreachable peer'
2026-03-13 14:08:36 [ERROR] b' TCP : Unreachable peer'
2026-03-13 14:08:40 [ERROR] b' TCP : Unreachable peer'
2026-03-13 14:08:44 [ERROR] b' TCP : Unreachable peer'
2026-03-13 14:09:03 [ERROR] b' TCP : Unreachable peer'
2026-03-13 14:09:05 [ERROR] b' TCP : Unreachable peer'
2026-03-13 14:09:12 [ERROR] b' ISO : An error occurred during recv TCP : Connection timed out'
2026-03-13 14:09:16 [ERROR] b' ISO : An error occurred during recv TCP : Connection timed out'
2026-03-13 14:09:25 [ERROR] b' TCP : Unreachable peer'
2026-03-13 14:09:46 [ERROR] b' ISO : An error occurred during recv TCP : Connection timed out'
2026-03-13 14:10:00 [ERROR] b' TCP : Unreachable peer'
2026-03-13 14:10:04 [ERROR] b' TCP : Unreachable peer'
2026-03-13 14:10:08 [ERROR] b' TCP : Unreachable peer'
2026-03-13 14:10:11 [ERROR] b' TCP : Unreachable peer'
2026-03-13 14:10:12 [ERROR] b' TCP : Unreachable peer'
2026-03-13 14:10:16 [ERROR] b' ISO : An error occurred during recv TCP : Connection timed out'
2026-03-13 14:10:23 [ERROR] b' TCP : Unreachable peer'
2026-03-13 14:10:27 [ERROR] b' TCP : Unreachable peer'
2026-03-13 14:10:29 [ERROR] b' TCP : Unreachable peer'
2026-03-13 14:10:35 [ERROR] b' TCP : Unreachable peer'
2026-03-13 14:10:47 [ERROR] b' TCP : Unreachable peer'
2026-03-13 14:11:06 [ERROR] b' TCP : Unreachable peer'
2026-03-13 14:11:13 [ERROR] b' TCP : Unreachable peer'
2026-03-13 14:11:15 [ERROR] b' TCP : Unreachable peer'
2026-03-13 14:11:20 [ERROR] b' TCP : Unreachable peer'
2026-03-13 14:11:27 [ERROR] b' TCP : Unreachable peer'
2026-03-13 14:11:44 [ERROR] b' TCP : Unreachable peer'
2026-03-13 14:11:45 [ERROR] b' TCP : Unreachable peer'
2026-03-13 14:11:51 [ERROR] b' ISO : An error occurred during recv TCP : Connection timed out'
2026-03-13 14:11:51 [ERROR] b' TCP : Unreachable peer'
2026-03-13 14:11:54 [ERROR] b' TCP : Unreachable peer'
2026-03-13 14:11:55 [ERROR] b' TCP : Unreachable peer'
2026-03-13 14:12:04 [ERROR] b' TCP : Unreachable peer'
2026-03-13 14:12:08 [ERROR] b' TCP : Unreachable peer'
2026-03-13 14:12:18 [ERROR] b' TCP : Unreachable peer'
2026-03-13 14:12:19 [ERROR] b' TCP : Unreachable peer'
2026-03-13 14:12:19 [ERROR] b' TCP : Unreachable peer'
2026-03-13 14:12:20 [ERROR] b' TCP : Unreachable peer'
2026-03-13 14:12:20 [ERROR] b' TCP : Unreachable peer'
2026-03-13 14:12:21 [ERROR] b' TCP : Unreachable peer'
2026-03-13 14:12:21 [ERROR] b' TCP : Unreachable peer'
2026-03-13 14:12:22 [ERROR] b' TCP : Unreachable peer'
2026-03-13 14:12:22 [ERROR] b' TCP : Unreachable peer'
2026-03-13 14:12:23 [ERROR] b' TCP : Unreachable peer'
2026-03-13 14:12:23 [ERROR] b' TCP : Unreachable peer'
2026-03-13 14:12:24 [ERROR] b' TCP : Unreachable peer'
2026-03-13 14:12:24 [ERROR] b' TCP : Unreachable peer'
2026-03-13 14:12:25 [ERROR] b' TCP : Unreachable peer'
2026-03-13 14:12:25 [ERROR] b' TCP : Unreachable peer'
2026-03-13 14:12:26 [ERROR] b' TCP : Unreachable peer'
2026-03-13 14:12:26 [ERROR] b' TCP : Unreachable peer'
2026-03-13 14:12:27 [ERROR] b' TCP : Unreachable peer'
2026-03-13 14:12:27 [ERROR] b' TCP : Unreachable peer'
2026-03-13 14:12:28 [ERROR] b' TCP : Unreachable peer'
2026-03-13 14:12:28 [ERROR] b' TCP : Unreachable peer'
2026-03-13 14:12:37 [ERROR] b' TCP : Unreachable peer'
2026-03-13 14:12:42 [ERROR] b' TCP : Unreachable peer'
2026-03-13 14:12:43 [ERROR] b' TCP : Unreachable peer'
2026-03-13 14:12:44 [ERROR] b' TCP : Unreachable peer'
2026-03-13 14:12:45 [ERROR] b' TCP : Unreachable peer'
2026-03-13 14:12:46 [ERROR] b' TCP : Unreachable peer'
2026-03-13 14:12:48 [ERROR] b' TCP : Unreachable peer'
2026-03-13 14:12:49 [ERROR] b' TCP : Unreachable peer'
2026-03-13 14:12:56 [ERROR] b' TCP : Unreachable peer'
2026-03-13 14:12:56 [ERROR] b' TCP : Unreachable peer'
2026-03-13 14:12:57 [ERROR] b' TCP : Unreachable peer'
2026-03-13 14:12:58 [ERROR] b' TCP : Unreachable peer'
2026-03-13 14:12:58 [ERROR] b' TCP : Unreachable peer'
2026-03-13 14:13:01 [ERROR] b' TCP : Unreachable peer'
2026-03-13 14:13:02 [ERROR] b' TCP : Unreachable peer'
2026-03-13 14:13:03 [ERROR] b' TCP : Unreachable peer'
2026-03-13 14:13:04 [ERROR] b' TCP : Unreachable peer'
2026-03-13 14:13:05 [ERROR] b' TCP : Unreachable peer'
2026-03-13 14:13:06 [ERROR] b' TCP : Unreachable peer'
2026-03-13 14:13:13 [ERROR] b' TCP : Unreachable peer'
2026-03-13 14:13:14 [ERROR] b' TCP : Unreachable peer'
2026-03-13 14:13:55 [ERROR] b' TCP : Unreachable peer'
2026-03-13 14:13:59 [ERROR] b' TCP : Unreachable peer'
2026-03-13 14:14:06 [ERROR] b' TCP : Unreachable peer'
2026-03-13 14:14:09 [ERROR] b' TCP : Unreachable peer'
2026-03-13 14:14:14 [ERROR] b' TCP : Unreachable peer'
2026-03-13 14:14:23 [ERROR] b' ISO : An error occurred during recv TCP : Connection timed out'
2026-03-13 14:14:23 [ERROR] b' TCP : Unreachable peer'
2026-03-13 14:14:23 [ERROR] b' TCP : Unreachable peer'
2026-03-13 14:14:27 [ERROR] b' TCP : Unreachable peer'
2026-03-13 14:14:28 [ERROR] b' TCP : Unreachable peer'
2026-03-13 14:14:39 [ERROR] b' TCP : Unreachable peer'
2026-03-13 14:14:43 [ERROR] b' TCP : Unreachable peer'
2026-03-13 14:14:44 [ERROR] b' TCP : Unreachable peer'
2026-03-13 14:14:44 [ERROR] b' TCP : Unreachable peer'
2026-03-13 14:14:46 [ERROR] b' TCP : Unreachable peer'
2026-03-13 14:14:47 [ERROR] b' TCP : Unreachable peer'
2026-03-13 14:14:53 [ERROR] b' TCP : Unreachable peer'
2026-03-13 14:14:59 [ERROR] b' TCP : Unreachable peer'
2026-03-13 14:15:17 [ERROR] b' TCP : Unreachable peer'
2026-03-13 14:15:21 [ERROR] b' ISO : An error occurred during recv TCP : Connection timed out'
2026-03-13 14:15:24 [ERROR] b' TCP : Unreachable peer'
2026-03-13 14:15:28 [ERROR] b' TCP : Unreachable peer'
2026-03-13 14:15:30 [ERROR] b' TCP : Unreachable peer'
2026-03-13 14:15:54 [ERROR] b' TCP : Unreachable peer'
2026-03-13 14:15:54 [ERROR] b' TCP : Unreachable peer'
2026-03-13 14:16:10 [ERROR] b' TCP : Unreachable peer'
2026-03-13 14:16:25 [ERROR] b' TCP : Unreachable peer'
2026-03-13 14:16:29 [ERROR] b' TCP : Unreachable peer'
2026-03-13 14:16:30 [ERROR] b' TCP : Unreachable peer'
2026-03-13 14:16:32 [ERROR] b' TCP : Unreachable peer'
2026-03-13 14:16:33 [ERROR] b' TCP : Unreachable peer'
2026-03-13 14:16:34 [ERROR] b' TCP : Unreachable peer'
2026-03-13 14:16:34 [ERROR] b' TCP : Unreachable peer'
2026-03-13 14:16:35 [ERROR] b' TCP : Unreachable peer'
2026-03-13 14:16:35 [ERROR] b' TCP : Unreachable peer'
2026-03-13 14:16:36 [ERROR] b' TCP : Unreachable peer'
2026-03-13 14:16:36 [ERROR] b' TCP : Unreachable peer'
2026-03-13 14:16:37 [ERROR] b' TCP : Unreachable peer'
2026-03-13 14:16:37 [ERROR] b' TCP : Unreachable peer'
2026-03-13 14:16:41 [ERROR] b' TCP : Unreachable peer'
2026-03-13 14:16:42 [ERROR] b' TCP : Unreachable peer'
2026-03-13 14:16:43 [ERROR] b' TCP : Unreachable peer'
2026-03-13 14:16:48 [ERROR] b' TCP : Unreachable peer'
2026-03-13 14:16:49 [ERROR] b' TCP : Unreachable peer'
2026-03-13 14:16:53 [ERROR] b' TCP : Unreachable peer'
2026-03-13 14:17:12 [ERROR] b' TCP : Unreachable peer'
2026-03-13 14:17:19 [ERROR] b' TCP : Unreachable peer'
2026-03-13 14:17:19 [ERROR] b' TCP : Unreachable peer'
2026-03-13 14:17:20 [ERROR] b' TCP : Unreachable peer'
2026-03-13 14:17:21 [ERROR] b' TCP : Unreachable peer'
2026-03-13 14:17:21 [ERROR] b' TCP : Unreachable peer'
2026-03-13 14:17:24 [ERROR] b' TCP : Unreachable peer'
2026-03-13 14:17:25 [ERROR] b' TCP : Unreachable peer'
2026-03-13 14:17:34 [ERROR] b' TCP : Unreachable peer'
2026-03-13 14:17:40 [ERROR] b' TCP : Unreachable peer'
2026-03-13 14:17:41 [ERROR] b' TCP : Unreachable peer'
2026-03-13 14:17:46 [ERROR] b' TCP : Unreachable peer'
2026-03-13 14:17:50 [ERROR] b' TCP : Unreachable peer'
2026-03-13 14:17:50 [ERROR] b' TCP : Unreachable peer'
2026-03-13 14:17:51 [ERROR] b' TCP : Unreachable peer'
2026-03-13 14:17:51 [ERROR] b' TCP : Unreachable peer'
2026-03-13 14:18:01 [ERROR] b' TCP : Unreachable peer'
2026-03-13 14:18:06 [ERROR] b' ISO : An error occurred during recv TCP : Connection timed out'
2026-03-13 14:18:19 [ERROR] b' TCP : Unreachable peer'
2026-03-13 14:18:21 [ERROR] b' TCP : Unreachable peer'
2026-03-13 14:18:49 [ERROR] b' TCP : Unreachable peer'
2026-03-13 14:18:53 [ERROR] b' TCP : Unreachable peer'
2026-03-13 14:18:54 [ERROR] b' TCP : Unreachable peer'
2026-03-13 14:18:59 [ERROR] b' TCP : Unreachable peer'
2026-03-13 14:18:59 [ERROR] b' TCP : Unreachable peer'
2026-03-13 14:19:03 [ERROR] b' TCP : Unreachable peer'
2026-03-13 14:19:04 [ERROR] b' TCP : Unreachable peer'
2026-03-13 14:19:08 [ERROR] b' TCP : Unreachable peer'
2026-03-13 14:19:09 [ERROR] b' TCP : Unreachable peer'
2026-03-13 14:19:12 [ERROR] b' TCP : Unreachable peer'
2026-03-13 14:19:13 [ERROR] b' TCP : Unreachable peer'
2026-03-13 14:19:15 [ERROR] b' TCP : Unreachable peer'
2026-03-13 14:19:16 [ERROR] b' TCP : Unreachable peer'
2026-03-13 14:19:24 [ERROR] b' TCP : Unreachable peer'
2026-03-13 14:19:26 [ERROR] b' TCP : Unreachable peer'
2026-03-13 14:19:28 [ERROR] b' TCP : Unreachable peer'
2026-03-13 14:19:30 [ERROR] b' TCP : Unreachable peer'
2026-03-13 14:19:45 [ERROR] b' TCP : Unreachable peer'
2026-03-13 14:19:46 [ERROR] b' TCP : Unreachable peer'
2026-03-13 14:19:47 [ERROR] b' TCP : Unreachable peer'
2026-03-13 14:19:53 [ERROR] b' TCP : Unreachable peer'
2026-03-13 14:19:59 [ERROR] b' TCP : Unreachable peer'
2026-03-13 14:19:59 [ERROR] b' TCP : Unreachable peer'
2026-03-13 14:20:00 [ERROR] b' TCP : Unreachable peer'
2026-03-13 14:20:01 [ERROR] b' TCP : Unreachable peer'
2026-03-13 14:20:03 [ERROR] b' TCP : Unreachable peer'
2026-03-13 14:20:17 [ERROR] b' TCP : Unreachable peer'
2026-03-13 14:20:22 [ERROR] b' TCP : Unreachable peer'
2026-03-13 14:20:25 [ERROR] b' TCP : Unreachable peer'
2026-03-13 14:20:29 [ERROR] b' ISO : An error occurred during recv TCP : Connection timed out'
2026-03-13 14:20:30 [ERROR] b' TCP : Unreachable peer'
2026-03-13 14:20:32 [ERROR] b' TCP : Unreachable peer'
2026-03-13 14:20:39 [ERROR] b' TCP : Unreachable peer'
2026-03-13 14:20:41 [ERROR] b' TCP : Unreachable peer'
2026-03-13 14:20:42 [ERROR] b' TCP : Unreachable peer'
2026-03-13 14:20:43 [ERROR] b' TCP : Unreachable peer'
2026-03-13 14:20:43 [ERROR] b' TCP : Unreachable peer'
2026-03-13 14:20:44 [ERROR] b' TCP : Unreachable peer'
2026-03-13 14:20:46 [ERROR] b' TCP : Unreachable peer'
2026-03-13 14:20:47 [ERROR] b' TCP : Unreachable peer'
2026-03-13 14:20:48 [ERROR] b' TCP : Unreachable peer'
2026-03-13 14:20:49 [ERROR] b' TCP : Unreachable peer'
2026-03-13 14:21:08 [ERROR] b' ISO : An error occurred during recv TCP : Connection timed out'
2026-03-13 14:21:09 [ERROR] b' TCP : Unreachable peer'
2026-03-13 14:21:13 [ERROR] b' TCP : Unreachable peer'
2026-03-13 14:21:14 [ERROR] b' TCP : Unreachable peer'
2026-03-13 14:21:15 [ERROR] b' TCP : Unreachable peer'
2026-03-13 14:21:17 [ERROR] b' TCP : Unreachable peer'
2026-03-13 14:21:18 [ERROR] b' TCP : Unreachable peer'
2026-03-13 14:21:21 [ERROR] b' TCP : Unreachable peer'
2026-03-13 14:21:22 [ERROR] b' TCP : Unreachable peer'
2026-03-13 14:21:24 [ERROR] b' TCP : Unreachable peer'
2026-03-13 14:21:29 [ERROR] b' TCP : Unreachable peer'
2026-03-13 14:21:35 [ERROR] b' TCP : Unreachable peer'
2026-03-13 14:21:41 [ERROR] b' TCP : Unreachable peer'
2026-03-13 14:21:45 [ERROR] b' TCP : Unreachable peer'
2026-03-13 14:21:53 [ERROR] b' TCP : Unreachable peer'
2026-03-13 14:21:53 [ERROR] b' TCP : Unreachable peer'
2026-03-13 14:21:59 [ERROR] b' ISO : An error occurred during recv TCP : Connection timed out'
2026-03-13 14:22:00 [ERROR] b' TCP : Unreachable peer'
2026-03-13 14:22:04 [ERROR] b' TCP : Unreachable peer'
2026-03-13 14:22:04 [ERROR] b' TCP : Unreachable peer'
2026-03-13 14:22:09 [ERROR] b' ISO : An error occurred during recv TCP : Connection timed out'
2026-03-13 14:22:16 [ERROR] b' TCP : Unreachable peer'
2026-03-13 14:22:19 [ERROR] b' TCP : Unreachable peer'
2026-03-13 14:22:22 [ERROR] b' TCP : Unreachable peer'
2026-03-13 14:22:27 [ERROR] b' TCP : Unreachable peer'
2026-03-13 14:22:36 [ERROR] b' TCP : Unreachable peer'
2026-03-13 14:22:36 [ERROR] b' TCP : Unreachable peer'
2026-03-13 14:22:43 [ERROR] b' TCP : Unreachable peer'
2026-03-13 14:22:45 [ERROR] b' TCP : Unreachable peer'
2026-03-13 14:22:46 [ERROR] b' TCP : Unreachable peer'
2026-03-13 14:22:47 [ERROR] b' TCP : Unreachable peer'
2026-03-13 14:22:48 [ERROR] b' TCP : Unreachable peer'
2026-03-13 14:22:49 [ERROR] b' TCP : Unreachable peer'
2026-03-13 14:22:49 [ERROR] b' TCP : Unreachable peer'
2026-03-13 14:22:50 [ERROR] b' TCP : Unreachable peer'
2026-03-13 14:22:57 [ERROR] b' TCP : Unreachable peer'
2026-03-13 14:22:58 [ERROR] b' TCP : Unreachable peer'
2026-03-13 14:23:01 [ERROR] b' TCP : Unreachable peer'
2026-03-13 14:23:02 [ERROR] b' TCP : Unreachable peer'
2026-03-13 14:23:05 [ERROR] b' TCP : Unreachable peer'
2026-03-13 14:23:07 [ERROR] b' TCP : Unreachable peer'
2026-03-13 14:23:12 [ERROR] b' TCP : Unreachable peer'
2026-03-13 14:23:21 [ERROR] b' TCP : Unreachable peer'
2026-03-13 14:23:27 [ERROR] b' ISO : An error occurred during recv TCP : Connection timed out'
2026-03-13 14:23:28 [ERROR] b' TCP : Unreachable peer'
2026-03-13 14:23:31 [ERROR] b' TCP : Unreachable peer'
2026-03-13 14:23:39 [ERROR] b' TCP : Unreachable peer'
2026-03-13 14:23:40 [ERROR] b' TCP : Unreachable peer'
2026-03-13 14:23:44 [ERROR] b' TCP : Unreachable peer'
2026-03-13 14:23:45 [ERROR] b' TCP : Unreachable peer'
2026-03-13 14:23:51 [ERROR] b' TCP : Unreachable peer'
2026-03-13 14:23:51 [ERROR] b' TCP : Unreachable peer'
2026-03-13 14:23:55 [ERROR] b' ISO : An error occurred during recv TCP : Connection timed out'
2026-03-13 14:24:04 [ERROR] b' TCP : Unreachable peer'
2026-03-13 14:24:07 [ERROR] b' TCP : Unreachable peer'
2026-03-13 14:24:15 [ERROR] b' TCP : Unreachable peer'
2026-03-13 14:24:18 [ERROR] b' TCP : Unreachable peer'
2026-03-13 14:24:18 [ERROR] b' TCP : Unreachable peer'
2026-03-13 14:24:19 [ERROR] b' TCP : Unreachable peer'
2026-03-13 14:24:23 [ERROR] b' TCP : Unreachable peer'
2026-03-13 14:24:25 [ERROR] b' TCP : Unreachable peer'
2026-03-13 14:24:25 [ERROR] b' TCP : Unreachable peer'
2026-03-13 14:24:39 [ERROR] b' TCP : Unreachable peer'
2026-03-13 14:24:42 [ERROR] b' TCP : Unreachable peer'
2026-03-13 14:24:42 [ERROR] b' TCP : Unreachable peer'
2026-03-13 14:24:43 [ERROR] b' TCP : Unreachable peer'
2026-03-13 14:24:43 [ERROR] b' TCP : Unreachable peer'
2026-03-13 14:24:45 [ERROR] b' TCP : Unreachable peer'
2026-03-13 14:24:46 [ERROR] b' TCP : Unreachable peer'
2026-03-13 14:24:48 [ERROR] b' TCP : Unreachable peer'
2026-03-13 14:24:50 [ERROR] b' TCP : Unreachable peer'
2026-03-13 14:24:51 [ERROR] b' TCP : Unreachable peer'
2026-03-13 14:24:56 [ERROR] b' TCP : Unreachable peer'
2026-03-13 14:25:02 [ERROR] b' TCP : Unreachable peer'
2026-03-13 14:25:05 [ERROR] b' TCP : Unreachable peer'
2026-03-13 14:25:06 [ERROR] b' TCP : Unreachable peer'
2026-03-13 14:25:13 [ERROR] b' TCP : Unreachable peer'
2026-03-13 14:25:13 [ERROR] b' TCP : Unreachable peer'
2026-03-13 14:25:15 [ERROR] b' TCP : Unreachable peer'
2026-03-13 14:25:17 [ERROR] b' TCP : Unreachable peer'
2026-03-13 14:25:19 [ERROR] b' TCP : Unreachable peer'
2026-03-13 14:25:25 [ERROR] b' ISO : An error occurred during recv TCP : Connection timed out'
2026-03-13 14:25:27 [ERROR] b' TCP : Unreachable peer'
2026-03-13 14:25:27 [ERROR] b' TCP : Unreachable peer'
2026-03-13 14:25:38 [ERROR] b' ISO : An error occurred during recv TCP : Connection timed out'
2026-03-13 14:25:41 [ERROR] b' TCP : Unreachable peer'
2026-03-13 14:25:48 [ERROR] b' ISO : An error occurred during recv TCP : Connection timed out'
2026-03-13 14:25:49 [ERROR] b' TCP : Unreachable peer'
2026-03-13 14:25:54 [ERROR] b' ISO : An error occurred during recv TCP : Connection timed out'
2026-03-13 14:25:56 [ERROR] b' TCP : Unreachable peer'
2026-03-13 14:25:59 [ERROR] b' TCP : Unreachable peer'
2026-03-13 14:26:00 [ERROR] b' TCP : Unreachable peer'
2026-03-13 14:26:04 [ERROR] b' TCP : Unreachable peer'
2026-03-13 14:26:07 [ERROR] b' TCP : Unreachable peer'
2026-03-13 14:26:09 [ERROR] b' TCP : Unreachable peer'
2026-03-13 14:26:11 [ERROR] b' TCP : Unreachable peer'
2026-03-13 14:26:12 [ERROR] b' TCP : Unreachable peer'
2026-03-13 14:26:14 [ERROR] b' TCP : Unreachable peer'
2026-03-13 14:26:19 [ERROR] b' TCP : Unreachable peer'
2026-03-13 14:26:30 [ERROR] b' ISO : An error occurred during recv TCP : Connection timed out'
2026-03-13 14:26:31 [ERROR] b' TCP : Unreachable peer'
2026-03-13 14:26:32 [ERROR] b' TCP : Unreachable peer'
2026-03-13 14:26:36 [ERROR] b' TCP : Unreachable peer'
2026-03-13 14:26:39 [ERROR] b' TCP : Unreachable peer'
2026-03-13 14:26:42 [ERROR] b' TCP : Unreachable peer'
2026-03-13 14:26:46 [ERROR] b' TCP : Unreachable peer'
2026-03-13 14:26:51 [ERROR] b' TCP : Unreachable peer'
2026-03-13 14:26:53 [ERROR] b' TCP : Unreachable peer'
2026-03-13 14:26:57 [ERROR] b' ISO : An error occurred during recv TCP : Connection timed out'
2026-03-13 14:26:57 [ERROR] b' TCP : Unreachable peer'
2026-03-13 14:26:58 [ERROR] b' TCP : Unreachable peer'
2026-03-13 14:26:58 [ERROR] b' TCP : Unreachable peer'
2026-03-13 14:26:59 [ERROR] b' TCP : Unreachable peer'
2026-03-13 14:26:59 [ERROR] b' TCP : Unreachable peer'
2026-03-13 14:27:02 [ERROR] b' TCP : Unreachable peer'
2026-03-13 14:27:03 [ERROR] b' TCP : Unreachable peer'
2026-03-13 14:27:03 [ERROR] b' TCP : Unreachable peer'
2026-03-13 14:27:07 [ERROR] b' ISO : An error occurred during recv TCP : Connection timed out'
2026-03-13 14:27:09 [ERROR] b' TCP : Unreachable peer'
2026-03-13 14:27:11 [ERROR] b' TCP : Unreachable peer'
2026-03-13 14:27:12 [ERROR] b' TCP : Unreachable peer'
2026-03-13 14:27:13 [ERROR] b' TCP : Unreachable peer'
2026-03-13 14:27:13 [ERROR] b' TCP : Unreachable peer'
2026-03-13 14:27:14 [ERROR] b' TCP : Unreachable peer'
2026-03-13 14:27:15 [ERROR] b' TCP : Unreachable peer'
2026-03-13 14:27:15 [ERROR] b' TCP : Unreachable peer'
2026-03-13 14:27:19 [ERROR] b' ISO : An error occurred during recv TCP : Connection timed out'
2026-03-13 14:27:22 [ERROR] b' TCP : Unreachable peer'
2026-03-13 14:27:23 [ERROR] b' TCP : Unreachable peer'
2026-03-13 14:27:24 [ERROR] b' TCP : Unreachable peer'
2026-03-13 14:27:24 [ERROR] b' TCP : Unreachable peer'
2026-03-13 14:27:25 [ERROR] b' TCP : Unreachable peer'
2026-03-13 14:27:25 [ERROR] b' TCP : Unreachable peer'
2026-03-13 14:27:26 [ERROR] b' TCP : Unreachable peer'
2026-03-13 14:27:26 [ERROR] b' TCP : Unreachable peer'
2026-03-13 14:27:27 [ERROR] b' TCP : Unreachable peer'
2026-03-13 14:27:27 [ERROR] b' TCP : Unreachable peer'
2026-03-13 14:27:28 [ERROR] b' TCP : Unreachable peer'
2026-03-13 14:27:36 [ERROR] b' TCP : Unreachable peer'
2026-03-13 14:27:36 [ERROR] b' TCP : Unreachable peer'
2026-03-13 14:27:37 [ERROR] b' TCP : Unreachable peer'
2026-03-13 14:27:37 [ERROR] b' TCP : Unreachable peer'
2026-03-13 14:27:38 [ERROR] b' TCP : Unreachable peer'
2026-03-13 14:27:39 [ERROR] b' TCP : Unreachable peer'
2026-03-13 14:27:39 [ERROR] b' TCP : Unreachable peer'
2026-03-13 14:27:40 [ERROR] b' TCP : Unreachable peer'
2026-03-13 14:27:40 [ERROR] b' TCP : Unreachable peer'
2026-03-13 14:27:41 [ERROR] b' TCP : Unreachable peer'
2026-03-13 14:27:41 [ERROR] b' TCP : Unreachable peer'
2026-03-13 14:27:44 [ERROR] b' TCP : Unreachable peer'
2026-03-13 14:27:45 [ERROR] b' TCP : Unreachable peer'
2026-03-13 14:27:45 [ERROR] b' TCP : Unreachable peer'
2026-03-13 14:27:46 [ERROR] b' TCP : Unreachable peer'
2026-03-13 14:27:46 [ERROR] b' TCP : Unreachable peer'
2026-03-13 14:27:47 [ERROR] b' TCP : Unreachable peer'
2026-03-13 14:27:47 [ERROR] b' TCP : Unreachable peer'
2026-03-13 14:27:55 [ERROR] b' ISO : An error occurred during recv TCP : Connection timed out'
2026-03-13 14:27:56 [ERROR] b' TCP : Unreachable peer'
2026-03-13 14:28:00 [ERROR] b' ISO : An error occurred during recv TCP : Connection timed out'
2026-03-13 14:28:01 [ERROR] b' TCP : Unreachable peer'
2026-03-13 14:28:11 [ERROR] b' ISO : An error occurred during recv TCP : Connection timed out'
2026-03-13 14:28:11 [ERROR] b' TCP : Unreachable peer'
2026-03-13 14:28:12 [ERROR] b' TCP : Unreachable peer'
2026-03-13 14:28:12 [ERROR] b' TCP : Unreachable peer'
2026-03-13 14:28:13 [ERROR] b' TCP : Unreachable peer'
2026-03-13 14:28:13 [ERROR] b' TCP : Unreachable peer'
2026-03-13 14:28:14 [ERROR] b' TCP : Unreachable peer'
2026-03-13 14:28:14 [ERROR] b' TCP : Unreachable peer'
2026-03-13 14:28:16 [ERROR] b' TCP : Unreachable peer'
2026-03-13 14:28:19 [ERROR] b' TCP : Unreachable peer'
2026-03-13 14:28:20 [ERROR] b' TCP : Unreachable peer'
2026-03-13 14:28:21 [ERROR] b' TCP : Unreachable peer'
2026-03-13 14:28:22 [ERROR] b' TCP : Unreachable peer'
2026-03-13 14:28:22 [ERROR] b' TCP : Unreachable peer'
2026-03-13 14:28:23 [ERROR] b' TCP : Unreachable peer'
2026-03-13 14:28:23 [ERROR] b' TCP : Unreachable peer'
2026-03-13 14:28:24 [ERROR] b' TCP : Unreachable peer'
2026-03-13 14:28:24 [ERROR] b' TCP : Unreachable peer'
2026-03-13 14:28:25 [ERROR] b' TCP : Unreachable peer'
2026-03-13 14:28:25 [ERROR] b' TCP : Unreachable peer'
2026-03-13 14:28:26 [ERROR] b' TCP : Unreachable peer'
2026-03-13 14:28:29 [ERROR] b' TCP : Unreachable peer'
2026-03-13 14:28:30 [ERROR] b' TCP : Unreachable peer'
2026-03-13 14:28:35 [ERROR] b' TCP : Unreachable peer'
2026-03-13 14:28:36 [ERROR] b' TCP : Unreachable peer'
2026-03-13 14:28:37 [ERROR] b' TCP : Unreachable peer'
2026-03-13 14:28:37 [ERROR] b' TCP : Unreachable peer'
2026-03-13 14:28:38 [ERROR] b' TCP : Unreachable peer'
2026-03-13 14:28:39 [ERROR] b' TCP : Unreachable peer'
2026-03-13 14:28:48 [ERROR] b' TCP : Unreachable peer'
2026-03-13 14:28:48 [ERROR] b' TCP : Unreachable peer'
2026-03-13 14:28:49 [ERROR] b' TCP : Unreachable peer'
2026-03-13 14:28:49 [ERROR] b' TCP : Unreachable peer'
2026-03-13 14:28:50 [ERROR] b' TCP : Unreachable peer'
2026-03-13 14:28:50 [ERROR] b' TCP : Unreachable peer'
2026-03-13 14:28:51 [ERROR] b' TCP : Unreachable peer'
2026-03-13 14:28:55 [ERROR] b' TCP : Unreachable peer'
2026-03-13 14:28:56 [ERROR] b' TCP : Unreachable peer'
2026-03-13 14:28:59 [ERROR] b' TCP : Unreachable peer'
2026-03-13 14:29:03 [ERROR] b' ISO : An error occurred during recv TCP : Connection timed out'
2026-03-13 14:29:03 [ERROR] b' TCP : Unreachable peer'
2026-03-13 14:29:08 [ERROR] b' ISO : An error occurred during recv TCP : Connection timed out'
2026-03-13 14:29:08 [ERROR] b' TCP : Unreachable peer'
2026-03-13 14:29:14 [ERROR] b' ISO : An error occurred during recv TCP : Connection timed out'
2026-03-13 14:29:19 [ERROR] b' ISO : An error occurred during recv TCP : Connection timed out'
2026-03-13 14:29:22 [ERROR] b' TCP : Unreachable peer'
2026-03-13 14:29:23 [ERROR] b' TCP : Unreachable peer'
2026-03-13 14:29:24 [ERROR] b' TCP : Unreachable peer'
2026-03-13 14:29:26 [ERROR] b' TCP : Unreachable peer'
2026-03-13 14:29:26 [ERROR] b' TCP : Unreachable peer'
2026-03-13 14:29:28 [ERROR] b' TCP : Unreachable peer'
2026-03-13 14:29:35 [ERROR] b' TCP : Unreachable peer'
2026-03-13 14:29:41 [ERROR] b' ISO : An error occurred during recv TCP : Connection timed out'
2026-03-13 14:29:45 [ERROR] b' TCP : Unreachable peer'
2026-03-13 14:29:46 [ERROR] b' TCP : Unreachable peer'
2026-03-13 14:29:48 [ERROR] b' TCP : Unreachable peer'
2026-03-13 14:29:49 [ERROR] b' TCP : Unreachable peer'
2026-03-13 14:29:49 [ERROR] b' TCP : Unreachable peer'
2026-03-13 14:29:50 [ERROR] b' TCP : Unreachable peer'
2026-03-13 14:29:50 [ERROR] b' TCP : Unreachable peer'
2026-03-13 14:29:51 [ERROR] b' TCP : Unreachable peer'
2026-03-13 14:29:51 [ERROR] b' TCP : Unreachable peer'
2026-03-13 14:29:55 [ERROR] b' ISO : An error occurred during recv TCP : Connection timed out'
2026-03-13 14:29:57 [ERROR] b' TCP : Unreachable peer'
2026-03-13 14:30:02 [ERROR] b' TCP : Unreachable peer'
2026-03-13 14:30:06 [ERROR] b' ISO : An error occurred during recv TCP : Connection timed out'
2026-03-13 14:30:07 [ERROR] b' TCP : Unreachable peer'
2026-03-13 14:30:08 [ERROR] b' TCP : Unreachable peer'
2026-03-13 14:30:11 [ERROR] b' TCP : Unreachable peer'
2026-03-13 14:30:14 [ERROR] b' TCP : Unreachable peer'
2026-03-13 14:30:15 [ERROR] b' TCP : Unreachable peer'
2026-03-13 14:30:16 [ERROR] b' TCP : Unreachable peer'
2026-03-13 14:30:20 [ERROR] b' ISO : An error occurred during recv TCP : Connection timed out'
2026-03-13 14:30:20 [ERROR] b' TCP : Unreachable peer'
2026-03-13 14:30:20 [ERROR] b' TCP : Unreachable peer'
2026-03-13 14:30:21 [ERROR] b' TCP : Unreachable peer'
2026-03-13 14:30:21 [ERROR] b' TCP : Unreachable peer'
2026-03-13 14:30:22 [ERROR] b' TCP : Unreachable peer'
2026-03-13 14:30:22 [ERROR] b' TCP : Unreachable peer'
2026-03-13 14:30:23 [ERROR] b' TCP : Unreachable peer'
2026-03-13 14:30:24 [ERROR] b' TCP : Unreachable peer'
2026-03-13 14:30:27 [ERROR] b' ISO : An error occurred during recv TCP : Connection timed out'
2026-03-13 14:30:28 [ERROR] b' TCP : Unreachable peer'
2026-03-13 14:30:39 [ERROR] b' TCP : Unreachable peer'
2026-03-13 14:30:40 [ERROR] b' TCP : Unreachable peer'
2026-03-13 14:30:48 [ERROR] b' TCP : Unreachable peer'
2026-03-13 14:30:50 [ERROR] b' TCP : Unreachable peer'
2026-03-13 14:30:59 [ERROR] b' TCP : Unreachable peer'
2026-03-13 14:31:10 [ERROR] b' ISO : An error occurred during recv TCP : Connection timed out'
2026-03-13 14:31:10 [ERROR] b' TCP : Unreachable peer'
2026-03-13 14:31:10 [ERROR] b' TCP : Unreachable peer'
2026-03-13 14:31:11 [ERROR] b' TCP : Unreachable peer'
2026-03-13 14:31:11 [ERROR] b' TCP : Unreachable peer'
2026-03-13 14:31:12 [ERROR] b' TCP : Unreachable peer'
2026-03-13 14:31:12 [ERROR] b' TCP : Unreachable peer'
2026-03-13 14:31:13 [ERROR] b' TCP : Unreachable peer'
2026-03-13 14:31:13 [ERROR] b' TCP : Unreachable peer'
2026-03-13 14:31:14 [ERROR] b' TCP : Unreachable peer'
2026-03-13 14:31:14 [ERROR] b' TCP : Unreachable peer'
2026-03-13 14:31:15 [ERROR] b' TCP : Unreachable peer'
2026-03-13 14:31:15 [ERROR] b' TCP : Unreachable peer'
2026-03-13 14:31:16 [ERROR] b' TCP : Unreachable peer'
2026-03-13 14:31:17 [ERROR] b' TCP : Unreachable peer'
2026-03-13 14:31:17 [ERROR] b' TCP : Unreachable peer'
2026-03-13 14:31:18 [ERROR] b' TCP : Unreachable peer'
2026-03-13 14:31:18 [ERROR] b' TCP : Unreachable peer'
2026-03-13 14:31:19 [ERROR] b' TCP : Unreachable peer'
2026-03-13 14:31:19 [ERROR] b' TCP : Unreachable peer'
2026-03-13 14:31:20 [ERROR] b' TCP : Unreachable peer'
2026-03-13 14:31:20 [ERROR] b' TCP : Unreachable peer'
2026-03-13 14:31:21 [ERROR] b' TCP : Unreachable peer'
2026-03-13 14:31:21 [ERROR] b' TCP : Unreachable peer'
2026-03-13 14:31:22 [ERROR] b' TCP : Unreachable peer'
2026-03-13 14:31:22 [ERROR] b' TCP : Unreachable peer'
2026-03-13 14:31:32 [ERROR] b' TCP : Unreachable peer'
2026-03-13 14:31:32 [ERROR] b' TCP : Unreachable peer'
2026-03-13 14:31:35 [ERROR] b' TCP : Unreachable peer'
2026-03-13 14:31:37 [ERROR] b' TCP : Unreachable peer'
2026-03-13 14:31:43 [ERROR] b' ISO : An error occurred during recv TCP : Connection timed out'
2026-03-13 14:31:44 [ERROR] b' TCP : Unreachable peer'
2026-03-13 14:31:56 [ERROR] b' ISO : An error occurred during recv TCP : Connection timed out'
2026-03-13 14:32:09 [ERROR] b' TCP : Unreachable peer'
2026-03-13 14:32:10 [ERROR] b' TCP : Unreachable peer'
2026-03-13 14:32:14 [ERROR] b' TCP : Unreachable peer'
2026-03-13 14:32:15 [ERROR] b' TCP : Unreachable peer'
2026-03-13 14:32:15 [ERROR] b' TCP : Unreachable peer'
2026-03-13 14:32:16 [ERROR] b' TCP : Unreachable peer'
2026-03-13 14:32:17 [ERROR] b' TCP : Unreachable peer'
2026-03-13 14:32:26 [ERROR] b' ISO : An error occurred during recv TCP : Connection timed out'
2026-03-13 14:32:27 [ERROR] b' TCP : Unreachable peer'
2026-03-13 14:32:30 [ERROR] b' TCP : Unreachable peer'
2026-03-13 14:32:36 [ERROR] b' TCP : Unreachable peer'
2026-03-13 14:32:40 [ERROR] b' ISO : An error occurred during recv TCP : Connection timed out'
2026-03-13 14:32:48 [ERROR] b' TCP : Unreachable peer'
2026-03-13 14:32:54 [ERROR] b' TCP : Unreachable peer'
2026-03-13 14:33:07 [ERROR] b' TCP : Unreachable peer'
2026-03-13 14:33:14 [ERROR] b' TCP : Unreachable peer'
2026-03-13 14:33:15 [ERROR] b' TCP : Unreachable peer'
2026-03-13 14:33:15 [ERROR] b' TCP : Unreachable peer'
2026-03-13 14:33:25 [ERROR] b' TCP : Unreachable peer'
2026-03-13 14:33:42 [ERROR] b' TCP : Unreachable peer'
2026-03-13 14:33:45 [ERROR] b' TCP : Unreachable peer'
2026-03-13 14:33:50 [ERROR] b' ISO : An error occurred during recv TCP : Connection timed out'
2026-03-13 14:33:55 [ERROR] b' TCP : Unreachable peer'
2026-03-13 14:33:55 [ERROR] b' TCP : Unreachable peer'
2026-03-13 14:34:03 [ERROR] b' TCP : Unreachable peer'
2026-03-13 14:34:05 [ERROR] b' TCP : Unreachable peer'
2026-03-13 14:34:08 [ERROR] b' ISO : An error occurred during recv TCP : Connection timed out'
2026-03-13 14:34:15 [ERROR] b' TCP : Unreachable peer'
2026-03-13 14:34:19 [ERROR] b' TCP : Unreachable peer'
2026-03-13 14:34:25 [ERROR] b' ISO : An error occurred during recv TCP : Connection timed out'
2026-03-13 14:34:32 [ERROR] b' TCP : Unreachable peer'
2026-03-13 14:34:45 [ERROR] b' TCP : Unreachable peer'
2026-03-13 14:34:48 [ERROR] b' TCP : Unreachable peer'
2026-03-13 14:34:49 [ERROR] b' TCP : Unreachable peer'
2026-03-13 14:34:52 [ERROR] b' TCP : Unreachable peer'
2026-03-13 14:35:17 [ERROR] b' TCP : Unreachable peer'
2026-03-13 14:35:18 [ERROR] b' TCP : Unreachable peer'
2026-03-13 14:35:19 [ERROR] b' TCP : Unreachable peer'
2026-03-13 14:35:21 [ERROR] b' TCP : Unreachable peer'
2026-03-13 14:35:27 [ERROR] b' ISO : An error occurred during recv TCP : Connection timed out'
2026-03-13 14:35:34 [ERROR] b' TCP : Unreachable peer'
2026-03-13 14:35:40 [ERROR] b' TCP : Unreachable peer'
2026-03-13 14:35:43 [ERROR] b' TCP : Unreachable peer'
2026-03-13 14:36:09 [ERROR] b' TCP : Unreachable peer'
2026-03-13 14:36:26 [ERROR] b' ISO : An error occurred during recv TCP : Connection timed out'
2026-03-13 14:36:27 [ERROR] b' TCP : Unreachable peer'
2026-03-13 14:36:40 [ERROR] b' TCP : Unreachable peer'
2026-03-13 14:36:57 [ERROR] b' TCP : Unreachable peer'
2026-03-13 14:37:12 [ERROR] b' TCP : Unreachable peer'
2026-03-13 14:37:19 [ERROR] b' TCP : Unreachable peer'
2026-03-13 14:37:41 [ERROR] b' TCP : Unreachable peer'
2026-03-13 14:37:56 [ERROR] b' ISO : An error occurred during recv TCP : Connection timed out'
2026-03-13 14:38:01 [ERROR] b' TCP : Unreachable peer'
2026-03-13 14:38:24 [ERROR] b' TCP : Unreachable peer'
2026-03-13 14:38:26 [ERROR] b' TCP : Unreachable peer'
2026-03-13 14:38:37 [ERROR] b' TCP : Unreachable peer'
2026-03-13 14:38:37 [ERROR] b' TCP : Unreachable peer'
2026-03-13 14:38:48 [ERROR] b' ISO : An error occurred during recv TCP : Connection timed out'
2026-03-13 14:39:19 [ERROR] b' TCP : Unreachable peer'
2026-03-13 14:39:59 [ERROR] b' ISO : An error occurred during recv TCP : Connection timed out'
2026-03-13 14:40:09 [ERROR] b' ISO : An error occurred during recv TCP : Connection timed out'
2026-03-13 14:40:16 [ERROR] b' ISO : An error occurred during recv TCP : Connection timed out'
2026-03-13 14:40:24 [ERROR] b' TCP : Unreachable peer'
2026-03-13 14:40:29 [ERROR] b' TCP : Unreachable peer'
2026-03-13 14:40:33 [ERROR] b' TCP : Unreachable peer'
2026-03-13 14:40:46 [ERROR] b' ISO : An error occurred during recv TCP : Connection timed out'
2026-03-13 14:40:53 [ERROR] b' TCP : Unreachable peer'
2026-03-13 14:40:56 [ERROR] b' TCP : Unreachable peer'
2026-03-13 14:40:56 [ERROR] b' TCP : Unreachable peer'
2026-03-13 14:41:02 [ERROR] b' TCP : Unreachable peer'
2026-03-13 14:41:04 [ERROR] b' TCP : Unreachable peer'
2026-03-13 14:41:05 [ERROR] b' TCP : Unreachable peer'
2026-03-13 14:41:07 [ERROR] b' TCP : Unreachable peer'
2026-03-13 14:41:12 [ERROR] b' TCP : Unreachable peer'
2026-03-13 14:41:15 [ERROR] b' TCP : Unreachable peer'
2026-03-13 14:41:20 [ERROR] b' TCP : Unreachable peer'
2026-03-13 14:41:22 [ERROR] b' TCP : Unreachable peer'
2026-03-13 14:41:26 [ERROR] b' TCP : Unreachable peer'
2026-03-13 14:41:35 [ERROR] b' TCP : Unreachable peer'
2026-03-13 14:41:53 [ERROR] b' ISO : An error occurred during recv TCP : Connection timed out'
2026-03-13 14:42:02 [ERROR] b' ISO : An error occurred during recv TCP : Connection timed out'
2026-03-13 14:42:11 [ERROR] b' TCP : Unreachable peer'
2026-03-13 14:42:18 [ERROR] b' ISO : An error occurred during recv TCP : Connection timed out'
2026-03-13 14:42:18 [ERROR] b' TCP : Unreachable peer'
2026-03-13 14:42:18 [ERROR] b' TCP : Unreachable peer'
2026-03-13 14:42:19 [ERROR] b' TCP : Unreachable peer'
2026-03-13 14:42:19 [ERROR] b' TCP : Unreachable peer'
2026-03-13 14:42:20 [ERROR] b' TCP : Unreachable peer'
2026-03-13 14:42:20 [ERROR] b' TCP : Unreachable peer'
2026-03-13 14:42:21 [ERROR] b' TCP : Unreachable peer'
2026-03-13 14:42:21 [ERROR] b' TCP : Unreachable peer'
2026-03-13 14:42:22 [ERROR] b' TCP : Unreachable peer'
2026-03-13 14:42:22 [ERROR] b' TCP : Unreachable peer'
2026-03-13 14:42:23 [ERROR] b' TCP : Unreachable peer'
2026-03-13 14:42:23 [ERROR] b' TCP : Unreachable peer'
2026-03-13 14:42:24 [ERROR] b' TCP : Unreachable peer'
2026-03-13 14:42:24 [ERROR] b' TCP : Unreachable peer'
2026-03-13 14:42:25 [ERROR] b' TCP : Unreachable peer'
2026-03-13 14:42:25 [ERROR] b' TCP : Unreachable peer'
2026-03-13 14:42:26 [ERROR] b' TCP : Unreachable peer'
2026-03-13 14:42:26 [ERROR] b' TCP : Unreachable peer'
2026-03-13 14:42:27 [ERROR] b' TCP : Unreachable peer'
2026-03-13 14:42:27 [ERROR] b' TCP : Unreachable peer'
2026-03-13 14:42:28 [ERROR] b' TCP : Unreachable peer'
2026-03-13 14:42:28 [ERROR] b' TCP : Unreachable peer'
2026-03-13 14:42:29 [ERROR] b' TCP : Unreachable peer'
2026-03-13 14:42:29 [ERROR] b' TCP : Unreachable peer'
2026-03-13 14:42:30 [ERROR] b' TCP : Unreachable peer'
2026-03-13 14:42:30 [ERROR] b' TCP : Unreachable peer'
2026-03-13 14:42:31 [ERROR] b' TCP : Unreachable peer'
2026-03-13 14:42:31 [ERROR] b' TCP : Unreachable peer'
2026-03-13 14:42:32 [ERROR] b' TCP : Unreachable peer'
2026-03-13 14:42:32 [ERROR] b' TCP : Unreachable peer'
2026-03-13 14:42:33 [ERROR] b' TCP : Unreachable peer'
2026-03-13 14:42:33 [ERROR] b' TCP : Unreachable peer'
2026-03-13 14:42:34 [ERROR] b' TCP : Unreachable peer'
2026-03-13 14:42:35 [ERROR] b' TCP : Unreachable peer'
2026-03-13 14:42:35 [ERROR] b' TCP : Unreachable peer'
2026-03-13 14:42:36 [ERROR] b' TCP : Unreachable peer'
2026-03-13 14:42:36 [ERROR] b' TCP : Unreachable peer'
2026-03-13 14:42:37 [ERROR] b' TCP : Unreachable peer'
2026-03-13 14:42:37 [ERROR] b' TCP : Unreachable peer'
2026-03-13 14:42:38 [ERROR] b' TCP : Unreachable peer'
2026-03-13 14:42:38 [ERROR] b' TCP : Unreachable peer'
2026-03-13 14:42:39 [ERROR] b' TCP : Unreachable peer'
2026-03-13 14:42:39 [ERROR] b' TCP : Unreachable peer'
2026-03-13 14:42:40 [ERROR] b' TCP : Unreachable peer'
2026-03-13 14:42:40 [ERROR] b' TCP : Unreachable peer'
2026-03-13 14:42:41 [ERROR] b' TCP : Unreachable peer'
2026-03-13 14:42:41 [ERROR] b' TCP : Unreachable peer'
2026-03-13 14:42:42 [ERROR] b' TCP : Unreachable peer'
2026-03-13 14:42:42 [ERROR] b' TCP : Unreachable peer'
2026-03-13 14:42:43 [ERROR] b' TCP : Unreachable peer'
2026-03-13 14:42:43 [ERROR] b' TCP : Unreachable peer'
2026-03-13 14:42:44 [ERROR] b' TCP : Unreachable peer'
2026-03-13 14:42:44 [ERROR] b' TCP : Unreachable peer'
2026-03-13 14:42:45 [ERROR] b' TCP : Unreachable peer'
2026-03-13 14:42:45 [ERROR] b' TCP : Unreachable peer'
2026-03-13 14:42:46 [ERROR] b' TCP : Unreachable peer'
2026-03-13 14:42:46 [ERROR] b' TCP : Unreachable peer'
2026-03-13 14:42:47 [ERROR] b' TCP : Unreachable peer'
2026-03-13 14:42:47 [ERROR] b' TCP : Unreachable peer'
2026-03-13 14:42:48 [ERROR] b' TCP : Unreachable peer'
2026-03-13 14:42:48 [ERROR] b' TCP : Unreachable peer'
2026-03-13 14:42:49 [ERROR] b' TCP : Unreachable peer'
2026-03-13 14:42:49 [ERROR] b' TCP : Unreachable peer'
2026-03-13 14:42:50 [ERROR] b' TCP : Unreachable peer'
2026-03-13 14:42:50 [ERROR] b' TCP : Unreachable peer'
2026-03-13 14:42:51 [ERROR] b' TCP : Unreachable peer'
2026-03-13 14:42:51 [ERROR] b' TCP : Unreachable peer'
2026-03-13 14:42:52 [ERROR] b' TCP : Unreachable peer'
2026-03-13 14:42:52 [ERROR] b' TCP : Unreachable peer'
2026-03-13 14:42:53 [ERROR] b' TCP : Unreachable peer'
2026-03-13 14:42:53 [ERROR] b' TCP : Unreachable peer'
2026-03-13 14:42:54 [ERROR] b' TCP : Unreachable peer'
2026-03-13 14:42:54 [ERROR] b' TCP : Unreachable peer'
2026-03-13 14:42:55 [ERROR] b' TCP : Unreachable peer'
2026-03-13 14:42:55 [ERROR] b' TCP : Unreachable peer'
2026-03-13 14:42:56 [ERROR] b' TCP : Unreachable peer'
2026-03-13 14:42:56 [ERROR] b' TCP : Unreachable peer'
2026-03-13 14:42:57 [ERROR] b' TCP : Unreachable peer'
2026-03-13 14:42:57 [ERROR] b' TCP : Unreachable peer'
2026-03-13 14:42:58 [ERROR] b' TCP : Unreachable peer'
2026-03-13 14:42:59 [ERROR] b' TCP : Unreachable peer'
2026-03-13 14:42:59 [ERROR] b' TCP : Unreachable peer'
2026-03-13 14:43:00 [ERROR] b' TCP : Unreachable peer'
2026-03-13 14:43:00 [ERROR] b' TCP : Unreachable peer'
2026-03-13 14:43:01 [ERROR] b' TCP : Unreachable peer'
2026-03-13 14:43:01 [ERROR] b' TCP : Unreachable peer'
2026-03-13 14:43:02 [ERROR] b' TCP : Unreachable peer'
2026-03-13 14:43:02 [ERROR] b' TCP : Unreachable peer'
2026-03-13 14:43:03 [ERROR] b' TCP : Unreachable peer'
2026-03-13 14:43:03 [ERROR] b' TCP : Unreachable peer'
2026-03-13 14:43:04 [ERROR] b' TCP : Unreachable peer'
2026-03-13 14:43:04 [ERROR] b' TCP : Unreachable peer'
2026-03-13 14:43:05 [ERROR] b' TCP : Unreachable peer'
2026-03-13 14:43:05 [ERROR] b' TCP : Unreachable peer'
2026-03-13 14:43:06 [ERROR] b' TCP : Unreachable peer'
2026-03-13 14:43:06 [ERROR] b' TCP : Unreachable peer'
2026-03-13 14:43:07 [ERROR] b' TCP : Unreachable peer'
2026-03-13 14:43:07 [ERROR] b' TCP : Unreachable peer'
2026-03-13 14:43:08 [ERROR] b' TCP : Unreachable peer'
2026-03-13 14:43:08 [ERROR] b' TCP : Unreachable peer'
2026-03-13 14:43:09 [ERROR] b' TCP : Unreachable peer'
2026-03-13 14:43:12 [ERROR] b' ISO : An error occurred during recv TCP : Connection timed out'
2026-03-13 14:43:13 [ERROR] b' TCP : Unreachable peer'
2026-03-13 14:43:29 [ERROR] b' ISO : An error occurred during recv TCP : Connection timed out'
2026-03-13 14:43:35 [ERROR] b' TCP : Unreachable peer'
2026-03-13 14:43:35 [ERROR] b' TCP : Unreachable peer'
2026-03-13 14:43:51 [ERROR] b' TCP : Unreachable peer'
2026-03-13 14:44:08 [ERROR] b' TCP : Unreachable peer'
2026-03-13 14:44:09 [ERROR] b' TCP : Unreachable peer'
2026-03-13 14:44:09 [ERROR] b' TCP : Unreachable peer'
2026-03-13 14:44:55 [ERROR] b' TCP : Unreachable peer'
2026-03-13 14:46:17 [ERROR] b' TCP : Unreachable peer'
2026-03-13 14:46:18 [ERROR] b' TCP : Unreachable peer'
2026-03-13 14:46:23 [ERROR] b' TCP : Unreachable peer'
2026-03-13 14:46:27 [ERROR] b' ISO : An error occurred during recv TCP : Connection timed out'
2026-03-13 14:46:32 [ERROR] b' ISO : An error occurred during recv TCP : Connection timed out'
2026-03-13 14:46:54 [ERROR] b' TCP : Unreachable peer'
2026-03-13 14:48:28 [ERROR] b' TCP : Unreachable peer'
2026-03-13 14:48:29 [ERROR] b' TCP : Unreachable peer'
2026-03-13 14:49:34 [ERROR] b' ISO : An error occurred during recv TCP : Connection timed out'
2026-03-13 14:49:37 [ERROR] b' TCP : Unreachable peer'
2026-03-13 14:49:47 [ERROR] b' TCP : Unreachable peer'
2026-03-13 14:50:13 [ERROR] b' ISO : An error occurred during recv TCP : Connection timed out'
2026-03-13 14:50:24 [ERROR] b' TCP : Unreachable peer'
2026-03-13 14:50:24 [ERROR] b' TCP : Unreachable peer'
2026-03-13 14:50:30 [ERROR] b' TCP : Unreachable peer'
2026-03-13 14:50:31 [ERROR] b' TCP : Unreachable peer'
2026-03-13 14:50:32 [ERROR] b' TCP : Unreachable peer'
2026-03-13 14:50:35 [ERROR] b' ISO : An error occurred during recv TCP : Connection timed out'
2026-03-13 14:51:18 [ERROR] b' TCP : Unreachable peer'
2026-03-13 14:51:19 [ERROR] b' TCP : Unreachable peer'
2026-03-13 14:51:20 [ERROR] b' TCP : Unreachable peer'
2026-03-13 14:51:26 [ERROR] b' ISO : An error occurred during recv TCP : Connection timed out'
2026-03-13 14:51:35 [ERROR] b' ISO : An error occurred during recv TCP : Connection timed out'
2026-03-13 14:52:20 [ERROR] b' TCP : Unreachable peer'
2026-03-13 14:52:38 [ERROR] b' TCP : Unreachable peer'
2026-03-13 14:53:15 [ERROR] b' TCP : Unreachable peer'
2026-03-13 14:53:23 [ERROR] b' TCP : Unreachable peer'
2026-03-13 14:54:15 [ERROR] b' TCP : Unreachable peer'
2026-03-13 14:54:50 [ERROR] b' ISO : An error occurred during recv TCP : Connection timed out'
2026-03-13 14:55:07 [ERROR] b' TCP : Unreachable peer'
2026-03-13 14:57:59 [ERROR] b' ISO : An error occurred during recv TCP : Connection timed out'
2026-03-13 14:58:35 [ERROR] b' TCP : Unreachable peer'
2026-03-13 14:58:46 [ERROR] b' ISO : An error occurred during recv TCP : Connection timed out'
2026-03-13 14:59:21 [ERROR] b' TCP : Unreachable peer'
2026-03-13 14:59:49 [ERROR] b' TCP : Unreachable peer'
2026-03-13 15:00:33 [ERROR] b' TCP : Unreachable peer'
2026-03-13 15:01:38 [ERROR] b' TCP : Unreachable peer'
2026-03-13 15:03:13 [ERROR] b' TCP : Unreachable peer'
2026-03-13 15:03:25 [ERROR] b' TCP : Unreachable peer'
2026-03-13 15:03:56 [ERROR] b' ISO : An error occurred during recv TCP : Connection timed out'
2026-03-13 15:04:48 [ERROR] b' TCP : Unreachable peer'
2026-03-13 15:04:56 [ERROR] b' ISO : An error occurred during recv TCP : Connection timed out'
2026-03-13 15:05:38 [ERROR] b' TCP : Unreachable peer'
2026-03-13 15:09:21 [ERROR] b' ISO : An error occurred during recv TCP : Connection timed out'
2026-03-13 15:11:18 [ERROR] b' TCP : Unreachable peer'
2026-03-13 15:11:56 [ERROR] b' TCP : Unreachable peer'
2026-03-13 15:12:13 [ERROR] b' TCP : Unreachable peer'
2026-03-13 15:12:16 [ERROR] b' TCP : Unreachable peer'
2026-03-13 15:13:18 [ERROR] b' TCP : Unreachable peer'
2026-03-13 15:13:41 [ERROR] b' TCP : Unreachable peer'
2026-03-13 15:15:10 [ERROR] b' TCP : Unreachable peer'
2026-03-13 15:15:41 [ERROR] b' TCP : Unreachable peer'
2026-03-13 15:16:08 [ERROR] b' TCP : Unreachable peer'
2026-03-13 15:16:24 [ERROR] b' ISO : An error occurred during recv TCP : Connection timed out'
2026-03-13 15:16:53 [ERROR] b' TCP : Unreachable peer'
2026-03-13 15:17:01 [ERROR] b' TCP : Unreachable peer'
2026-03-13 15:17:20 [ERROR] b' TCP : Unreachable peer'
2026-03-13 15:17:23 [ERROR] b' TCP : Unreachable peer'
2026-03-13 15:17:36 [ERROR] b' ISO : An error occurred during recv TCP : Connection timed out'
2026-03-13 15:17:43 [ERROR] b' TCP : Unreachable peer'
2026-03-13 15:18:19 [ERROR] b' ISO : An error occurred during recv TCP : Connection timed out'
2026-03-13 15:18:27 [ERROR] b' TCP : Unreachable peer'
2026-03-13 15:18:28 [ERROR] b' TCP : Unreachable peer'
2026-03-13 15:18:34 [ERROR] b' ISO : An error occurred during recv TCP : Connection timed out'
2026-03-13 15:18:40 [ERROR] b' ISO : An error occurred during recv TCP : Connection timed out'
2026-03-13 15:19:07 [ERROR] b' TCP : Unreachable peer'
2026-03-13 15:19:12 [ERROR] b' ISO : An error occurred during recv TCP : Connection timed out'
2026-03-13 15:19:18 [ERROR] b' TCP : Unreachable peer'
2026-03-13 15:19:20 [ERROR] b' TCP : Unreachable peer'
2026-03-13 15:19:21 [ERROR] b' TCP : Unreachable peer'
2026-03-13 15:19:22 [ERROR] b' TCP : Unreachable peer'
2026-03-13 15:20:06 [ERROR] b' TCP : Unreachable peer'
2026-03-13 15:20:34 [ERROR] b' ISO : An error occurred during recv TCP : Connection timed out'
2026-03-13 15:20:41 [ERROR] b' TCP : Unreachable peer'
2026-03-13 15:20:58 [ERROR] b' TCP : Unreachable peer'
2026-03-13 15:21:29 [ERROR] b' TCP : Unreachable peer'
2026-03-13 15:21:49 [ERROR] b' TCP : Unreachable peer'
2026-03-13 15:22:03 [ERROR] b' TCP : Unreachable peer'
2026-03-13 15:22:08 [ERROR] b' ISO : An error occurred during recv TCP : Connection timed out'
2026-03-13 15:25:54 [ERROR] b' TCP : Unreachable peer'
2026-03-13 15:32:03 [ERROR] b' TCP : Unreachable peer'
2026-03-13 15:32:04 [ERROR] b' TCP : Unreachable peer'
2026-03-13 15:32:45 [ERROR] b' TCP : Unreachable peer'
2026-03-13 15:33:41 [ERROR] b' TCP : Unreachable peer'
2026-03-13 15:34:38 [ERROR] b' ISO : An error occurred during recv TCP : Connection timed out'
2026-03-13 15:34:38 [ERROR] b' TCP : Unreachable peer'
2026-03-13 15:37:56 [ERROR] b' TCP : Unreachable peer'
2026-03-13 15:39:58 [ERROR] b' TCP : Unreachable peer'
2026-03-13 15:41:06 [ERROR] b' TCP : Unreachable peer'
2026-03-13 15:41:16 [ERROR] b' TCP : Unreachable peer'
2026-03-13 15:41:39 [ERROR] b' TCP : Unreachable peer'
2026-03-13 15:42:05 [ERROR] b' TCP : Unreachable peer'
2026-03-13 15:42:23 [ERROR] b' TCP : Unreachable peer'
2026-03-13 15:42:50 [ERROR] b' TCP : Unreachable peer'
2026-03-13 15:42:52 [ERROR] b' TCP : Unreachable peer'
2026-03-13 15:43:18 [ERROR] b' TCP : Unreachable peer'
2026-03-13 15:43:36 [ERROR] b' TCP : Unreachable peer'
2026-03-13 15:43:47 [ERROR] b' TCP : Unreachable peer'
2026-03-13 15:44:53 [ERROR] b' TCP : Unreachable peer'
2026-03-13 15:45:09 [ERROR] b' TCP : Unreachable peer'
2026-03-13 15:45:20 [ERROR] b' ISO : An error occurred during recv TCP : Connection timed out'
2026-03-13 15:45:21 [ERROR] b' TCP : Unreachable peer'
2026-03-13 15:45:33 [ERROR] b' ISO : An error occurred during recv TCP : Connection timed out'
2026-03-13 15:46:06 [ERROR] b' TCP : Unreachable peer'
2026-03-13 15:47:16 [ERROR] b' TCP : Unreachable peer'
2026-03-13 15:48:21 [ERROR] b' TCP : Unreachable peer'
2026-03-13 15:48:58 [ERROR] b' TCP : Unreachable peer'
2026-03-13 15:49:01 [ERROR] b' TCP : Unreachable peer'
2026-03-13 15:49:59 [ERROR] b' TCP : Unreachable peer'
2026-03-13 15:50:12 [ERROR] b' TCP : Unreachable peer'
2026-03-13 15:50:29 [ERROR] b' TCP : Unreachable peer'
2026-03-13 15:51:22 [ERROR] b' ISO : An error occurred during recv TCP : Connection timed out'
2026-03-13 15:51:41 [ERROR] b' TCP : Unreachable peer'
2026-03-13 15:52:45 [ERROR] b' TCP : Unreachable peer'
2026-03-13 15:53:43 [ERROR] b' TCP : Unreachable peer'
2026-03-13 15:54:04 [ERROR] b' TCP : Unreachable peer'
2026-03-13 15:56:17 [ERROR] b' TCP : Unreachable peer'
2026-03-13 15:56:33 [ERROR] b' TCP : Unreachable peer'
2026-03-13 15:57:32 [ERROR] b' TCP : Unreachable peer'
2026-03-13 15:57:52 [ERROR] b' TCP : Unreachable peer'
2026-03-13 15:57:58 [ERROR] b' ISO : An error occurred during recv TCP : Connection timed out'
2026-03-13 15:58:04 [ERROR] b' TCP : Unreachable peer'
2026-03-13 15:58:13 [ERROR] b' ISO : An error occurred during recv TCP : Connection timed out'
2026-03-13 15:58:14 [ERROR] b' TCP : Unreachable peer'
2026-03-13 15:59:21 [ERROR] b' TCP : Unreachable peer'
2026-03-13 15:59:32 [ERROR] b' ISO : An error occurred during recv TCP : Connection timed out'
2026-03-13 16:00:01 [ERROR] b' TCP : Unreachable peer'
2026-03-13 16:00:53 [ERROR] b' TCP : Unreachable peer'
2026-03-13 16:01:57 [ERROR] b' TCP : Unreachable peer'
2026-03-13 16:03:25 [ERROR] b' TCP : Unreachable peer'
2026-03-13 16:03:28 [ERROR] b' TCP : Unreachable peer'
2026-03-13 16:03:49 [ERROR] b' TCP : Unreachable peer'
2026-03-13 16:05:49 [ERROR] b' TCP : Unreachable peer'
2026-03-13 16:05:52 [ERROR] b' TCP : Unreachable peer'
2026-03-13 16:06:54 [ERROR] b' TCP : Unreachable peer'
2026-03-13 16:07:20 [ERROR] b' TCP : Unreachable peer'
2026-03-13 16:08:15 [ERROR] b' TCP : Unreachable peer'
2026-03-13 16:08:22 [ERROR] b' ISO : An error occurred during recv TCP : Connection timed out'
2026-03-13 16:09:11 [ERROR] b' TCP : Unreachable peer'
2026-03-13 16:09:20 [ERROR] b' ISO : An error occurred during recv TCP : Connection timed out'
2026-03-13 16:10:10 [ERROR] b' TCP : Unreachable peer'
2026-03-13 16:10:53 [ERROR] b' TCP : Unreachable peer'
2026-03-13 16:11:29 [ERROR] b' ISO : An error occurred during recv TCP : Connection timed out'
2026-03-13 16:11:40 [ERROR] b' TCP : Unreachable peer'
2026-03-13 16:12:01 [ERROR] b' TCP : Unreachable peer'
2026-03-13 16:12:13 [ERROR] b' TCP : Unreachable peer'
2026-03-13 16:12:20 [ERROR] b' TCP : Unreachable peer'
2026-03-13 16:12:37 [ERROR] b' TCP : Unreachable peer'
2026-03-13 16:12:44 [ERROR] b' TCP : Unreachable peer'
2026-03-13 16:13:14 [ERROR] b' ISO : An error occurred during recv TCP : Connection timed out'
2026-03-13 16:13:20 [ERROR] b' TCP : Unreachable peer'
2026-03-13 16:13:21 [ERROR] b' TCP : Unreachable peer'
2026-03-13 16:16:16 [ERROR] b' ISO : An error occurred during recv TCP : Connection timed out'
2026-03-13 16:16:51 [ERROR] b' TCP : Unreachable peer'
2026-03-13 16:17:13 [ERROR] b' ISO : An error occurred during recv TCP : Connection timed out'
2026-03-13 16:17:55 [ERROR] b' TCP : Unreachable peer'
2026-03-13 16:19:32 [ERROR] b' ISO : An error occurred during recv TCP : Connection timed out'
2026-03-13 16:19:41 [ERROR] b' TCP : Unreachable peer'
2026-03-13 16:19:49 [ERROR] b' ISO : An error occurred during recv TCP : Connection timed out'
2026-03-13 16:20:03 [ERROR] b' TCP : Unreachable peer'
2026-03-13 16:21:51 [ERROR] b' ISO : An error occurred during recv TCP : Connection timed out'
2026-03-13 16:22:06 [ERROR] b' TCP : Unreachable peer'
2026-03-13 16:22:29 [ERROR] b' TCP : Unreachable peer'
2026-03-13 16:22:37 [ERROR] b' ISO : An error occurred during recv TCP : Connection timed out'
2026-03-13 16:22:39 [ERROR] b' TCP : Unreachable peer'
2026-03-13 16:22:42 [ERROR] b' TCP : Unreachable peer'
2026-03-13 16:22:52 [ERROR] b' TCP : Unreachable peer'
2026-03-13 16:22:59 [ERROR] b' TCP : Unreachable peer'
2026-03-13 16:23:10 [ERROR] b' TCP : Unreachable peer'
2026-03-13 16:24:12 [ERROR] b' TCP : Unreachable peer'
2026-03-13 16:24:15 [ERROR] b' TCP : Unreachable peer'
2026-03-13 16:26:02 [ERROR] b' TCP : Unreachable peer'
2026-03-13 16:26:13 [ERROR] b' TCP : Unreachable peer'
2026-03-13 16:26:56 [ERROR] b' TCP : Unreachable peer'
2026-03-13 16:27:35 [ERROR] b' ISO : An error occurred during recv TCP : Connection timed out'
2026-03-13 16:28:34 [ERROR] b' ISO : An error occurred during recv TCP : Connection timed out'
2026-03-13 16:29:29 [ERROR] b' TCP : Unreachable peer'
2026-03-13 16:30:23 [ERROR] b' TCP : Unreachable peer'
2026-03-13 16:30:35 [ERROR] b' ISO : An error occurred during recv TCP : Connection timed out'
2026-03-13 16:30:57 [ERROR] b' TCP : Unreachable peer'
2026-03-13 16:31:23 [ERROR] b' ISO : An error occurred during recv TCP : Connection timed out'
2026-03-13 16:31:45 [ERROR] b' ISO : An error occurred during recv TCP : Connection timed out'
2026-03-13 16:32:06 [ERROR] b' TCP : Unreachable peer'
2026-03-13 16:32:20 [ERROR] b' TCP : Unreachable peer'
2026-03-13 16:32:51 [ERROR] b' TCP : Unreachable peer'
2026-03-13 16:33:04 [ERROR] b' TCP : Unreachable peer'
2026-03-13 16:33:26 [ERROR] b' TCP : Unreachable peer'
2026-03-13 16:33:42 [ERROR] b' ISO : An error occurred during recv TCP : Connection timed out'
2026-03-13 16:33:49 [ERROR] b' ISO : An error occurred during recv TCP : Connection timed out'
2026-03-13 16:34:54 [ERROR] b' TCP : Unreachable peer'
2026-03-13 16:35:04 [ERROR] b' ISO : An error occurred during recv TCP : Connection timed out'
2026-03-13 16:35:34 [ERROR] b' ISO : An error occurred during recv TCP : Connection timed out'
2026-03-13 16:36:05 [ERROR] b' TCP : Unreachable peer'
2026-03-13 16:36:48 [ERROR] b' ISO : An error occurred during recv TCP : Connection timed out'
2026-03-13 16:36:48 [ERROR] b' TCP : Unreachable peer'
2026-03-13 16:37:09 [ERROR] b' ISO : An error occurred during recv TCP : Connection timed out'
2026-03-13 16:37:11 [ERROR] b' TCP : Unreachable peer'
2026-03-13 16:37:15 [ERROR] b' ISO : An error occurred during recv TCP : Connection timed out'
2026-03-13 16:37:54 [ERROR] b' TCP : Unreachable peer'
2026-03-13 16:37:56 [ERROR] b' TCP : Unreachable peer'
2026-03-13 16:39:03 [ERROR] b' TCP : Unreachable peer'
2026-03-13 16:39:43 [ERROR] b' TCP : Unreachable peer'
2026-03-13 16:39:47 [ERROR] b' ISO : An error occurred during recv TCP : Connection timed out'
2026-03-13 16:41:28 [ERROR] b' ISO : An error occurred during recv TCP : Connection timed out'
2026-03-13 16:42:07 [ERROR] b' TCP : Unreachable peer'
2026-03-13 16:43:13 [ERROR] b' TCP : Unreachable peer'
2026-03-13 16:43:59 [ERROR] b' ISO : An error occurred during recv TCP : Connection timed out'
2026-03-13 16:44:02 [ERROR] b' TCP : Unreachable peer'
2026-03-13 16:46:24 [ERROR] b' TCP : Unreachable peer'
2026-03-13 16:47:31 [ERROR] b' ISO : An error occurred during recv TCP : Connection timed out'
